epoch,loss,data_loss,phys_loss,val_mse
1,0.3621761163075765,0.3621761163075765,0.08258638865043698,0.25070024
2,0.19013857262002098,0.19013857262002098,0.0012554581289838515,0.057756744
3,0.046362143299645844,0.046362143299645844,0.0007804769472295488,0.037337318
4,0.032210725214746265,0.032210725214746265,0.0006192368923978601,0.020722244
5,0.023406431989537346,0.023406431989537346,0.0003510996248538826,0.01815002
6,0.01772202950798803,0.01772202950798803,0.0003619763038841484,0.015551881
7,0.017229311499330734,0.017229311499330734,0.000752823749537236,0.014183745
8,0.013450325715045135,0.013450325715045135,0.0004826176517960468,0.012429933
9,0.0131716580544081,0.0131716580544081,0.00016164551981445483,0.013233306
10,0.013312280954172214,0.013312280954172214,0.0003551913727747547,0.0142756915
11,0.018916535098105668,0.018916535098105668,0.0011458224767466163,0.016983915
12,0.013780934818916851,0.013780934818916851,0.0003309263299191419,0.010128453
13,0.013094063206679291,0.013094063206679291,0.000668826745448846,0.01245368
14,0.011494236501554648,0.011494236501554648,0.0005825065266460822,0.00977621
15,0.00864415064247118,0.00864415064247118,0.00022689511711595006,0.00506421
16,0.005391508113178942,0.005391508113178942,0.00019918791789071597,0.0039087906
17,0.004325804683483309,0.004325804683483309,0.00033657353579701836,0.0037252575
18,0.0044638615567237135,0.0044638615567237135,0.00024507173845146705,0.0033459133
19,0.004596578060752816,0.004596578060752816,0.000208067738526828,0.006083435
20,0.003986445609997544,0.003986445609997544,0.00016439564247274773,0.0031717625
21,0.0036736591512130366,0.0036736591512130366,0.00012955901574969176,0.0045094066
22,0.004435029320625795,0.004435029320625795,0.00030476828119921053,0.003758652
23,0.0060853255343519975,0.0060853255343519975,0.00022525431038328888,0.0063004056
24,0.003273369444327222,0.003273369444327222,0.0001276021599064197,0.0028803463
25,0.0032230746104485457,0.0032230746104485457,0.00011694388981658853,0.0034488856
26,0.0025238107243138884,0.0025238107243138884,8.576904673397075e-05,0.0026793007
27,0.0032193748901287716,0.0032193748901287716,0.00013379093008754556,0.002557602
28,0.003398344614025619,0.003398344614025619,0.00014475336023700436,0.005861422
29,0.002920453087426722,0.002920453087426722,0.00013355160250133242,0.0022716273
30,0.0023898530829076967,0.0023898530829076967,0.00011240293250235962,0.002721425
31,0.003011047816835344,0.003011047816835344,0.00013913861348871452,0.002407401
32,0.002731364406645298,0.002731364406645298,0.00015763400385531884,0.0042307107
33,0.0032997161615639925,0.0032997161615639925,0.00013784692125492863,0.0031725585
34,0.0038913345740487176,0.0038913345740487176,0.00010388368269660633,0.0045804214
35,0.004772418721889456,0.004772418721889456,0.0002898024615085938,0.002550528
36,0.003124494979985886,0.003124494979985886,0.00017001222615738875,0.002948975
37,0.003281624250424405,0.003281624250424405,0.0001408321119823894,0.0075714225
38,0.00484791605008973,0.00484791605008973,0.0003328320677206244,0.0028417727
39,0.003319311887025833,0.003319311887025833,0.00024599986319723635,0.0025831799
40,0.003236051232347058,0.003236051232347058,0.00010116161090915436,0.0022337523
41,0.002944252712445127,0.002944252712445127,0.00014065997976710302,0.0024635557
42,0.002758915926743713,0.002758915926743713,0.0001884262098637161,0.0025689648
43,0.0030862700530431336,0.0030862700530431336,0.00020244770389091904,0.0041682916
44,0.003485274946110116,0.003485274946110116,0.00017553355010780554,0.0024697592
45,0.0031259723499210343,0.0031259723499210343,0.00011988622444126425,0.0022266274
46,0.0035412974034746488,0.0035412974034746488,0.0001996642709779432,0.009361471
47,0.005692947961183058,0.005692947961183058,0.000296556000531704,0.0032086996
48,0.0037629985095312198,0.0037629985095312198,0.0002099229543965464,0.0040370747
49,0.002606642569622232,0.002606642569622232,0.00013385880214526776,0.0018561431
50,0.0026896889295635953,0.0026896889295635953,8.305677987752662e-05,0.0036298477
51,0.0032616607120467558,0.0032616607120467558,0.0002485930479976004,0.0031919936
52,0.002412358808538152,0.002412358808538152,0.00011912240038959175,0.0034845583
53,0.0030227916677378944,0.0030227916677378944,0.000187616845368647,0.0035566697
54,0.003343984751134283,0.003343984751134283,0.00013385690474573646,0.0028787444
55,0.0031042819066594046,0.0031042819066594046,0.00010627032850646737,0.005198431
56,0.0044981958241098454,0.0044981958241098454,0.00034732149692793255,0.003231315
57,0.002980097949815293,0.002980097949815293,0.00018932116607951835,0.0022062662
58,0.0026634877030220295,0.0026634877030220295,9.028829399539972e-05,0.002450754
59,0.00290293557724605,0.00290293557724605,0.00014208226685544407,0.00423942
60,0.0037794384536229903,0.0037794384536229903,0.0002643586965509333,0.0019229673
61,0.0026935656529126894,0.0026935656529126894,0.00013269849301877912,0.0032903722
62,0.004638214906056722,0.004638214906056722,0.00023196282530367146,0.003544771
63,0.0037081971816304658,0.0037081971816304658,0.0001995041460001327,0.002300917
64,0.0025103378368334637,0.0025103378368334637,0.00010742531890678543,0.002588835
65,0.003344195294711325,0.003344195294711325,0.00019172466775469528,0.002220532
66,0.0027536333279891147,0.0027536333279891147,0.00012822387693884392,0.004031159
67,0.005109435529448092,0.005109435529448092,0.00029195109179730574,0.010910131
68,0.005968743216039406,0.005968743216039406,0.00030354269714760247,0.0022166332
69,0.0029268447232122224,0.0029268447232122224,0.00011562028826972437,0.0022127759
70,0.0033219716356446345,0.0033219716356446345,0.0003098683439854237,0.0024891726
71,0.003146868695815404,0.003146868695815404,0.0001213419294263613,0.0025050566
72,0.004330679456082483,0.004330679456082483,0.00022576634389201742,0.004455108
73,0.0037984333673699035,0.0037984333673699035,0.0002152539496609762,0.0029516122
74,0.004748146189376712,0.004748146189376712,0.0002548065127341046,0.0031557563
75,0.0030471307949887384,0.0030471307949887384,0.00011875009955633311,0.002717531
76,0.003299689365343915,0.003299689365343915,0.0002510528002703596,0.0018225932
77,0.0023834252755882013,0.0023834252755882013,8.032973939191064e-05,0.0031805434
78,0.002844122918840084,0.002844122918840084,0.00013380399335400424,0.002565822
79,0.0050284232530328965,0.0050284232530328965,0.00023077452094387102,0.0032811826
80,0.002910895480049981,0.002910895480049981,0.00017772456682446522,0.003174861
81,0.002658142514216403,0.002658142514216403,0.0002513836214224025,0.0030688788
82,0.0024460475038116177,0.0024460475038116177,0.00015051649669130837,0.0020100588
83,0.002904724948004716,0.002904724948004716,0.0001931447536332293,0.0046025664
84,0.003663608312813772,0.003663608312813772,0.0003055296262155049,0.0020720258
85,0.0030757324563132392,0.0030757324563132392,0.00016461129628358623,0.0028058374
86,0.003119232469341821,0.003119232469341821,0.0002167510507168815,0.004455718
87,0.0031613438467805585,0.0031613438467805585,0.0002454059487819096,0.002135329
88,0.002450433787372377,0.002450433787372377,0.00013565148247517793,0.0024091175
89,0.0026622395729646088,0.0026622395729646088,0.00012730097517103583,0.003815853
90,0.002815527621553176,0.002815527621553176,0.0001668366149210164,0.005175009
91,0.0033614218855897585,0.0033614218855897585,8.871092366722961e-05,0.0027889872
92,0.0027649170201685695,0.0027649170201685695,0.00014984493095921735,0.0045600664
93,0.004600572555015485,0.004600572555015485,0.00019699062550999872,0.006464413
94,0.006000109891303711,0.006000109891303711,0.0002743546991052639,0.0029158255
95,0.0029585450059837763,0.0029585450059837763,0.00015299940619620933,0.0031881637
96,0.003362840628768835,0.003362840628768835,0.00018086082178412098,0.0019291997
97,0.0024917427993689976,0.0024917427993689976,0.00018727110357556536,0.0023622634
98,0.0023669426691614918,0.0023669426691614918,0.00015246696199097996,0.0019785387
99,0.002508968197637134,0.002508968197637134,0.00013814446593743115,0.0020774843
100,0.0025645010871812703,0.0025645010871812703,0.00015594159957698947,0.0028323543
101,0.0031818295233986445,0.0031818295233986445,0.00025018078861241595,0.0019210624
102,0.002226126773489846,0.002226126773489846,0.0001011250506874401,0.002859913
103,0.0024577795424395137,0.0024577795424395137,0.00015692558232147905,0.0025653548
104,0.0028829936352041032,0.0028829936352041032,0.00012115524196284847,0.0021949718
105,0.0021253883140161635,0.0021253883140161635,0.00011102146538238205,0.0018511306
106,0.002395718694768018,0.002395718694768018,0.0001533953721226074,0.004381906
107,0.0045650952780205345,0.0045650952780205345,0.0003078082550479798,0.0034671456
108,0.002887159606648816,0.002887159606648816,0.00016369271321047387,0.0025555214
109,0.003342020835003091,0.003342020835003091,0.0003614980994629807,0.005585463
110,0.002843814695047008,0.002843814695047008,0.0002454643172484092,0.003385236
111,0.002413781944455372,0.002413781944455372,0.00014763532627613232,0.0022142672
112,0.002472420148034063,0.002472420148034063,0.00017384294123985456,0.0033874502
113,0.0026517167842636507,0.0026517167842636507,0.00018752191656395842,0.0023015297
114,0.002267946928946508,0.002267946928946508,0.00013609653302609895,0.0025194588
115,0.00328470800175435,0.00328470800175435,0.0001903368728967002,0.0051965783
116,0.0024438565571068063,0.0024438565571068063,0.0001780107913468079,0.0021925883
117,0.0022195050001351368,0.0022195050001351368,0.00012485149630022798,0.0025186236
118,0.0022244463907554746,0.0022244463907554746,0.00014747174167110996,0.0027623503
119,0.0026638710664378274,0.0026638710664378274,0.00018804970491399016,0.0020440856
120,0.002393030967666871,0.002393030967666871,0.0001196539891199993,0.0021986102
121,0.002945736495571004,0.002945736495571004,0.00032453363328323174,0.0022503182
122,0.0023253395558438367,0.0023253395558438367,0.00014598433785069335,0.0017793636
123,0.0019745783362951543,0.0019745783362951543,0.00012121215376576326,0.0017163304
124,0.0023839088053339056,0.0023839088053339056,0.00017825552909616564,0.0019270948
125,0.0020812198881887726,0.0020812198881887726,0.00017407474513924843,0.0018061468
126,0.0022809062308321395,0.0022809062308321395,0.00014735810367862238,0.0027371182
127,0.003314121830691066,0.003314121830691066,0.00021970856987954966,0.0032215056
128,0.0027269039768725634,0.0027269039768725634,0.00017084766038985875,0.0027513395
129,0.002378959979655014,0.002378959979655014,0.00026239958627532665,0.0023593497
130,0.00262428075592551,0.00262428075592551,0.0001635535525196611,0.002429268
131,0.002252706846532722,0.002252706846532722,0.00013234843267721568,0.0018917955
132,0.0019705115377696026,0.0019705115377696026,0.0001450624443949364,0.0034796458
133,0.0026033629171757235,0.0026033629171757235,0.00027623896211852953,0.0038945095
134,0.0035697362592650786,0.0035697362592650786,0.0001252760061215478,0.0038317912
135,0.003122658843898939,0.003122658843898939,0.00038213387725755235,0.00161553
136,0.0025018017635577254,0.0025018017635577254,0.00013651014262055442,0.0025739614
137,0.0029296010525690186,0.0029296010525690186,0.0001885409768439514,0.0023660117
138,0.002318390365689993,0.002318390365689993,0.00013229591742347995,0.0017301136
139,0.002324006463297539,0.002324006463297539,0.00019962400777413021,0.0029366717
140,0.002123161982227531,0.002123161982227531,0.00011180222264278604,0.0026709528
141,0.00231143604291396,0.00231143604291396,0.00018920188625178488,0.0023489145
142,0.0022596654611536197,0.0022596654611536197,0.00014921636942075465,0.0027260892
143,0.0020267586172040965,0.0020267586172040965,0.0001317759935040562,0.0024009906
144,0.001847506493019561,0.001847506493019561,9.918986194246631e-05,0.0028403725
145,0.00196179344267067,0.00196179344267067,0.00011549549011912556,0.0026817236
146,0.002321844946386086,0.002321844946386086,0.00016508545849464165,0.0015148508
147,0.002305321514399515,0.002305321514399515,0.00014386733842002285,0.0031917056
148,0.003390144217862851,0.003390144217862851,0.0002291752685574898,0.0024866175
149,0.0020826133304379054,0.0020826133304379054,0.00015527179132530163,0.0024780182
150,0.0026628442962343493,0.0026628442962343493,0.00027433283489559647,0.004820309
151,0.005729744922266238,0.005729744922266238,0.0004897548443177394,0.004567302
152,0.002903071772824559,0.002903071772824559,0.0001897096066556969,0.0020293952
153,0.001875928745398091,0.001875928745398091,0.0001920715241346392,0.0021703334
154,0.002332987644088765,0.002332987644088765,0.00014704415354237376,0.0020629046
155,0.002276729895836777,0.002276729895836777,0.0001854105482379964,0.0017723606
156,0.002147716335538361,0.002147716335538361,0.0001445398259009936,0.001828584
157,0.0019898360207056005,0.0019898360207056005,9.726351353265273e-05,0.0028138834
158,0.0019337051004792254,0.0019337051004792254,0.00014192308458183965,0.0018412904
159,0.002293972898688581,0.002293972898688581,0.00013266394046746024,0.0037461508
160,0.0032930599473830727,0.0032930599473830727,0.000269430716511438,0.002741475
161,0.0020875837498654922,0.0020875837498654922,0.000136272174942557,0.0017316594
162,0.0023188709721176162,0.0023188709721176162,0.0001405118278155568,0.0022023742
163,0.0021940235747024417,0.0021940235747024417,0.0001384728570924507,0.001986202
164,0.001997373237585028,0.001997373237585028,0.0001724725143781648,0.0018354361
165,0.0018808518898569876,0.0018808518898569876,0.00012258797102175675,0.0019672464
166,0.0020231485340951216,0.0020231485340951216,0.00011722850004191167,0.002611276
167,0.002687308334538506,0.002687308334538506,0.00015361360339941004,0.0022486695
168,0.002348459382644958,0.002348459382644958,0.0001812250445046478,0.0038347528
169,0.001816129270527098,0.001816129270527098,0.00013794963103413868,0.0020282918
170,0.0022053430063856973,0.0022053430063856973,0.0001316190895889848,0.0025673856
171,0.0022284818295803333,0.0022284818295803333,0.00015057315781008798,0.0024738475
172,0.0021596259463371502,0.0021596259463371502,0.0001753331490400948,0.001848773
173,0.0019202812859374617,0.0019202812859374617,0.00011863856921081605,0.00253788
174,0.0021794568876632387,0.0021794568876632387,0.00013725990023658597,0.0017854729
175,0.0017253012913796637,0.0017253012913796637,0.00013036034614035685,0.0018601557
176,0.002390609613050603,0.002390609613050603,0.00014113964947581634,0.0017170315
177,0.002093617043768366,0.002093617043768366,0.00019422394451819652,0.003273098
178,0.0019118611054081056,0.0019118611054081056,0.00012405929357639265,0.0016388395
179,0.0035347839972625175,0.0035347839972625175,0.0004675987661332531,0.0023509045
180,0.0022033353310285343,0.0022033353310285343,0.00020382893125629124,0.0025906907
181,0.0020651752543118266,0.0020651752543118266,0.00011261708042158918,0.0019245206
182,0.001990217009248833,0.001990217009248833,9.404682942759892e-05,0.0015774387
183,0.0021750208688899875,0.0021750208688899875,9.623683320872564e-05,0.002253357
184,0.001896189212695592,0.001896189212695592,0.00011958506183368122,0.0014584591
185,0.0018898092546603745,0.0018898092546603745,0.00010964700068850888,0.0026027749
186,0.0017525507551100518,0.0017525507551100518,9.14019267390456e-05,0.0028469318
187,0.002618919051666227,0.002618919051666227,0.00017005934227351343,0.0018903142
188,0.0017088680528104306,0.0017088680528104306,8.358612975231475e-05,0.0020615081
189,0.0018239180143508646,0.0018239180143508646,0.00011269243417567508,0.0016844828
190,0.0016072687537719806,0.0016072687537719806,0.00010416088543239413,0.0019002178
191,0.0019598799938749935,0.0019598799938749935,0.00014561177122847843,0.0020627156
192,0.0016673482618191175,0.0016673482618191175,9.37274394169031e-05,0.0031440344
193,0.0020849986855561533,0.0020849986855561533,0.0001173352007660395,0.0027550673
194,0.0025516386738874846,0.0025516386738874846,0.0002911426859458604,0.0019691377
195,0.002579011100654801,0.002579011100654801,0.0002472824633817557,0.0017159621
196,0.0024211761645144885,0.0024211761645144885,0.00022618900137395906,0.0017446562
197,0.0020568938667161595,0.0020568938667161595,0.00013484849640121865,0.0017241552
198,0.002233805344440043,0.002233805344440043,0.0001547573393666192,0.0019581334
199,0.0017967085224679775,0.0017967085224679775,0.00014720621501689043,0.0027615968
200,0.001885055541060865,0.001885055541060865,0.0001295320618725763,0.0031333892
201,0.004586878382704324,0.004586878382704324,0.0005704083404427568,0.002733518
202,0.0020226086826167174,0.0020226086826167174,0.0001378610625838661,0.0026265914
203,0.0022957524543421137,0.0022957524543421137,0.000163471757559503,0.0020505816
204,0.0022233325522392987,0.0022233325522392987,9.76733638024838e-05,0.0028173807
205,0.001964701078314748,0.001964701078314748,7.964831081387223e-05,0.0019583164
206,0.0019269260707207852,0.0019269260707207852,0.00010786086068977043,0.0028287708
207,0.0022307345384938847,0.0022307345384938847,0.00020110321029531204,0.0020589076
208,0.002439166393337978,0.002439166393337978,0.0002319953722361687,0.003595171
209,0.0020054985070601106,0.0020054985070601106,0.0001361875032772433,0.0024058768
210,0.0018656230505762828,0.0018656230505762828,7.630123881451962e-05,0.0019767336
211,0.0023169962766890722,0.0023169962766890722,0.0001550667469119718,0.0018873867
212,0.0018993980949744583,0.0018993980949744583,7.467287821321852e-05,0.0020947405
213,0.002803356177173555,0.002803356177173555,0.00019272528677431763,0.0024902266
214,0.0017778202335143255,0.0017778202335143255,0.00012348423561358383,0.0021245163
215,0.002563852051066028,0.002563852051066028,0.00018322163601304847,0.0032749749
216,0.0031385144969034526,0.0031385144969034526,0.00019340757062482616,0.0064850007
217,0.0026364847784861923,0.0026364847784861923,0.00020150689160137366,0.0017926209
218,0.002061288063931796,0.002061288063931796,0.00014140887609654683,0.001653332
219,0.0019919837980220717,0.0019919837980220717,0.00016486701634524554,0.001816237
220,0.002086919406428933,0.002086919406428933,0.00011798875042319122,0.001590029
221,0.0017276258285467824,0.0017276258285467824,0.00013169431867257546,0.0026529832
222,0.00199506425867892,0.00199506425867892,0.00014907957514740536,0.0022764935
223,0.0018188938912418154,0.0018188938912418154,0.00016193262024570584,0.0023645842
224,0.0020559835920317304,0.0020559835920317304,0.00020714985113035785,0.002870164
225,0.002287132494772474,0.002287132494772474,0.00014703106253869514,0.0031224065
226,0.0019455662100679345,0.0019455662100679345,0.0001423199293595924,0.0015553766
227,0.0017167855157620376,0.0017167855157620376,7.348125370138329e-05,0.001813184
228,0.0020022435010307363,0.0020022435010307363,0.0002175797906073424,0.0033887965
229,0.0024001326903493867,0.0024001326903493867,0.00014269117986012405,0.0023494286
230,0.0019143226582350003,0.0019143226582350003,9.656239866460384e-05,0.0023294115
231,0.0017930173703158895,0.0017930173703158895,0.0001357290976253959,0.0017062365
232,0.001819263725903713,0.001819263725903713,0.00013284948655483376,0.0026672864
233,0.0026250668051135207,0.0026250668051135207,0.00024738562296072866,0.0031069166
234,0.0020635216341664394,0.0020635216341664394,0.00019935413791548248,0.0017578376
235,0.001965611226235827,0.001965611226235827,0.0001726178795087839,0.0019119179
236,0.0022988075856119395,0.0022988075856119395,0.0001261855556898518,0.0023803827
237,0.001841564499773085,0.001841564499773085,0.0001378251247721806,0.0019405624
238,0.0019813235849142075,0.0019813235849142075,0.00011945456740384152,0.0019541834
239,0.0016792774691970812,0.0016792774691970812,0.0001208364319189433,0.00170536
240,0.001881752944447928,0.001881752944447928,9.88509380782432e-05,0.0021659269
241,0.0021150754247274664,0.0021150754247274664,9.491309559861192e-05,0.0021173714
242,0.002224155823286209,0.002224155823286209,0.00019679308590336101,0.0017257879
243,0.0016057012137025595,0.0016057012137025595,0.00013225639120390852,0.0017942004
244,0.0015717837493866682,0.0015717837493866682,7.779722186569415e-05,0.0017804711
245,0.0018078152814673054,0.0018078152814673054,8.083093386833045e-05,0.002133967
246,0.001601318373448319,0.001601318373448319,8.158673138293832e-05,0.0016811255
247,0.0017008138535958197,0.0017008138535958197,8.87416795497605e-05,0.0018769833
248,0.0026047515450045465,0.0026047515450045465,0.00017517732469666134,0.0024980728
249,0.002128811449640327,0.002128811449640327,0.00010955338314737922,0.00158369
250,0.001824011851567775,0.001824011851567775,8.913611252492271e-05,0.0021078556
251,0.0019678178320949274,0.0019678178320949274,0.00012786897552643752,0.002721505
252,0.0019914647564291954,0.0019914647564291954,0.0001467481073101832,0.0019102321
253,0.001745729595940146,0.001745729595940146,0.00013872307707735052,0.0019499017
254,0.0017579486231423086,0.0017579486231423086,9.654200662303614e-05,0.0021338984
255,0.0023180537727764913,0.0023180537727764913,0.00014916498837117665,0.0018226856
256,0.0016695203492417931,0.0016695203492417931,7.309980466314098e-05,0.0016475043
257,0.00243979305960238,0.00243979305960238,0.00015717354392003183,0.0018478034
258,0.0017707484024059442,0.0017707484024059442,0.00011675252805986642,0.0016992968
259,0.0020723341705484524,0.0020723341705484524,0.00013845867574420684,0.0018789958
260,0.00157561963941488,0.00157561963941488,0.00012434631383813314,0.0021419758
261,0.0022939905834694703,0.0022939905834694703,0.00015033700971495517,0.0017376202
262,0.0015995746556048591,0.0015995746556048591,0.00010945283586636379,0.0019098485
263,0.0017477119444972938,0.0017477119444972938,0.0001393934075104476,0.0017986251
264,0.0018254128595193227,0.0018254128595193227,0.0001179858298643113,0.0018118536
265,0.001775648685482641,0.001775648685482641,9.730183202110412e-05,0.0017500587
266,0.0018854445156951745,0.0018854445156951745,0.00013701122818727326,0.0028916996
267,0.0022650442086160185,0.0022650442086160185,0.00022212203916639102,0.0022014317
268,0.002132994785077042,0.002132994785077042,0.00016101670765371364,0.0021413516
269,0.0017822103937053019,0.0017822103937053019,0.00017841923917166644,0.0014127676
270,0.0016048538382165134,0.0016048538382165134,0.000109447633963633,0.0017420719
271,0.0015848520832757154,0.0015848520832757154,9.958240488898953e-05,0.0016054674
272,0.0016613047479444908,0.0016613047479444908,0.00011786500346270638,0.0020261323
273,0.0018898368036995331,0.0018898368036995331,0.00012606448357372656,0.0015807567
274,0.0015859918047984442,0.0015859918047984442,9.120557358023183e-05,0.001883081
275,0.0018064482292781273,0.0018064482292781273,0.00012762583642395638,0.002184311
276,0.002978342355022,0.002978342355022,0.00024341664823737119,0.002712136
277,0.0023336397173504037,0.0023336397173504037,0.00013014112184481046,0.0021150536
278,0.0017731250651801627,0.0017731250651801627,0.00012589489745048847,0.0015021563
279,0.0017294923529132373,0.0017294923529132373,0.00011868883762215572,0.0018583025
280,0.0016588028209904829,0.0016588028209904829,0.00011590155212041333,0.001875928
281,0.0015613802566400005,0.0015613802566400005,0.00010685780852855862,0.0018049177
282,0.0020780757017847566,0.0020780757017847566,0.0001807608912662949,0.0019111268
283,0.0018241052412324482,0.0018241052412324482,0.00011263181481808715,0.0018399378
284,0.0018862505365783969,0.0018862505365783969,0.00011328303192184523,0.0017397507
285,0.0015921552704336742,0.0015921552704336742,0.00010112532881786743,0.0016153214
286,0.0017341717534388105,0.0017341717534388105,0.00015336658536853066,0.0017074879
287,0.001623474465062221,0.001623474465062221,9.82872399112643e-05,0.0021539673
288,0.00259660660651409,0.00259660660651409,0.00017224233255951226,0.0055369856
289,0.003022025649746259,0.003022025649746259,0.0003764236893896946,0.0026706625
290,0.002504053199663758,0.002504053199663758,0.00010163642003099147,0.0022771305
291,0.0017174876501990688,0.0017174876501990688,0.00012822805156594718,0.0019100748
292,0.0017646754884885418,0.0017646754884885418,0.00010858024915789441,0.0016516859
293,0.0016204162500798702,0.0016204162500798702,0.00014428271291661886,0.0015936233
294,0.0016521574075644215,0.0016521574075644215,0.00012401469123233256,0.0016902422
295,0.0017055054609146382,0.0017055054609146382,9.045524800228577e-05,0.0032952563
296,0.0022401783253169724,0.0022401783253169724,0.00012286561223694056,0.0017739295
297,0.002605272017212378,0.002605272017212378,0.00016216716320008749,0.0038172633
298,0.00213680160490589,0.00213680160490589,0.00015152031124772395,0.0017668116
299,0.0015187832656212979,0.0015187832656212979,0.00012851157582897737,0.001681679
300,0.0016630180257682999,0.0016630180257682999,0.00013118123902384267,0.0019631025
301,0.0019902492821630502,0.0019902492821630502,0.00010989684865181617,0.0029843058
302,0.0026050126697454187,0.0026050126697454187,0.00023096266419410464,0.0021067502
303,0.0016752627678215503,0.0016752627678215503,0.00012926329791298485,0.002106566
304,0.001806546258740127,0.001806546258740127,0.00015846666770155733,0.0016049771
305,0.001802437464033978,0.001802437464033978,0.0001210592877214367,0.0021807712
306,0.0017173244928320249,0.0017173244928320249,0.00010542469983394969,0.0024152056
307,0.0016832323460322287,0.0016832323460322287,8.74752502812252e-05,0.0016830626
308,0.00151048775555359,0.00151048775555359,8.598418921981951e-05,0.0015009401
309,0.0015475115894029539,0.0015475115894029539,9.527180120332762e-05,0.0017749828
310,0.0014728379668667913,0.0014728379668667913,8.443727976978406e-05,0.0016345347
311,0.0018179223510540194,0.0018179223510540194,0.00012093293409666527,0.0020072332
312,0.0016329630329791043,0.0016329630329791043,0.00010463586954326192,0.0014355639
313,0.0016273192492210202,0.0016273192492210202,0.00011242829290563824,0.0027531756
314,0.002187958395936423,0.002187958395936423,0.00015348012169403723,0.0016950208
315,0.0019403332016534275,0.0019403332016534275,0.0001678798987525296,0.0020905144
316,0.0015953301477970349,0.0015953301477970349,7.169173801552612e-05,0.0017062532
317,0.0017088614171370865,0.0017088614171370865,0.00012115230702518274,0.001633272
318,0.0018904557218775153,0.0018904557218775153,0.00013842513951784795,0.0025700186
319,0.002573616375836233,0.002573616375836233,0.00026046497993471954,0.0017739002
320,0.002011360279801819,0.002011360279801819,0.0001141096869241033,0.001853599
321,0.00212223912951433,0.00212223912951433,0.00015078136213036132,0.00205977
322,0.0019402419915422798,0.0019402419915422798,0.00014882111828013776,0.0017026679
323,0.001508390435224606,0.001508390435224606,0.00012228886998318306,0.0016405176
324,0.001778231211937964,0.001778231211937964,0.00012168038045261811,0.0019160556
325,0.0015669568234847652,0.0015669568234847652,9.083206878952094e-05,0.0018787339
326,0.001760765253048804,0.001760765253048804,0.00011524217260565258,0.0018513061
327,0.0029113187790951794,0.0029113187790951794,0.00017448893656709036,0.0024047806
328,0.0017773121103851332,0.0017773121103851332,0.00014347670633899017,0.001591164
329,0.0015018275318046412,0.0015018275318046412,0.00010036534216971581,0.0016853098
330,0.001659853619316386,0.001659853619316386,0.00011148017169707222,0.0020209805
331,0.0015026278961967263,0.0015026278961967263,0.00011670270770183479,0.0013940923
332,0.0018280502809729013,0.0018280502809729013,0.0001520903650370177,0.0017096928
333,0.0014714273158460856,0.0014714273158460856,0.00010093659297921597,0.0018168965
334,0.0014320541250829896,0.0014320541250829896,9.941387931462486e-05,0.0019001485
335,0.0016536267293203208,0.0016536267293203208,0.0001270852962793217,0.001944978
336,0.004451271446628703,0.004451271446628703,0.0005504636694442726,0.0036478979
337,0.002689675852242443,0.002689675852242443,0.0003194395708356347,0.001962447
338,0.0017154514996541872,0.0017154514996541872,0.00014437389767556238,0.0014703077
339,0.00159828825853765,0.00159828825853765,0.00012877642749660684,0.0016038162
340,0.001604266899327437,0.001604266899327437,0.0001202986971293285,0.0021883817
341,0.0018685246196885905,0.0018685246196885905,0.00011378103200140939,0.0021645399
342,0.0014257647834407786,0.0014257647834407786,9.730987537561001e-05,0.0016968693
343,0.00180613923455692,0.00180613923455692,0.00013211855153309038,0.0015661739
344,0.0022919545855580106,0.0022919545855580106,0.0001503365956203595,0.0021419162
345,0.0017303169342792696,0.0017303169342792696,8.870045576065719e-05,0.0023460167
346,0.0017663783251514866,0.0017663783251514866,0.00013580034021245523,0.0018888345
347,0.0015682940474814838,0.0015682940474814838,0.00011494775433083465,0.0014747804
348,0.001584736648429599,0.001584736648429599,0.00010507860059517032,0.0014627695
349,0.0014339591247133083,0.0014339591247133083,8.742364701295932e-05,0.0014395739
350,0.0015692955555601253,0.0015692955555601253,0.00011193475701950382,0.0018975209
351,0.0017712854392205675,0.0017712854392205675,0.0001141450075956464,0.0015864731
352,0.0014470144394888645,0.0014470144394888645,7.165894691462054e-05,0.0016612965
353,0.001533831940549943,0.001533831940549943,0.00014046995264733496,0.0015355342
354,0.0014198817416197723,0.0014198817416197723,0.00011534810777883801,0.0016400923
355,0.0016708345773319402,0.0016708345773319402,0.00015106801124389335,0.0018079339
356,0.0017774393988980188,0.0017774393988980188,0.00013915964322121807,0.0020358448
357,0.0016504634766735964,0.0016504634766735964,0.00012240492046152617,0.0017485596
358,0.0014779868483957316,0.0014779868483957316,7.954711240469376e-05,0.0015935939
359,0.001688857461946706,0.001688857461946706,0.00010595490892026445,0.0016492232
360,0.001761343498300347,0.001761343498300347,0.0001918952283328205,0.001526307
361,0.001479730713698599,0.001479730713698599,9.265313624003586e-05,0.0018889162
362,0.0020862190026996862,0.0020862190026996862,0.0001796181794377263,0.001653653
363,0.0019486486135671536,0.0019486486135671536,0.00015387803070082448,0.0018542651
364,0.0017656787712540891,0.0017656787712540891,0.00014133912262524165,0.002320743
365,0.0016931023526315888,0.0016931023526315888,8.953183815592069e-05,0.0014434359
366,0.001762482254869408,0.001762482254869408,0.0001813612289996374,0.0015657914
367,0.0020379252421359223,0.0020379252421359223,0.00016472899532813144,0.003226667
368,0.0021303455215982265,0.0021303455215982265,0.00011924103589188286,0.0023976364
369,0.0017172195276038515,0.0017172195276038515,0.0001201722514456469,0.0017858866
370,0.001942289232586821,0.001942289232586821,0.00010922666592705355,0.0016269684
371,0.0017695623087800212,0.0017695623087800212,0.00010262412491002237,0.0017495052
372,0.001536572235636413,0.001536572235636413,0.00010206550997382793,0.0016359638
373,0.0014477370526745088,0.0014477370526745088,0.00010283153446835058,0.0016899833
374,0.0014293100296830137,0.0014293100296830137,0.00012447488958455203,0.0014297714
375,0.001609550279358195,0.001609550279358195,9.252286268343191e-05,0.0014520347
376,0.00137431047235926,0.00137431047235926,9.536972315068648e-05,0.0015458897
377,0.001675733290095296,0.001675733290095296,8.811915940041518e-05,0.0025642568
378,0.0018015243811532855,0.0018015243811532855,0.00011087108949191639,0.0019409915
379,0.0014921158189988798,0.0014921158189988798,9.189479432810306e-05,0.002576326
380,0.001773538370616734,0.001773538370616734,0.00012320865316381004,0.0015265777
381,0.0014846794824633334,0.0014846794824633334,0.00012269163466827295,0.0017687377
382,0.0016685726741949717,0.0016685726741949717,0.00013622288021461297,0.0016309603
383,0.0014849804755714205,0.0014849804755714205,0.00011720216502055791,0.00220434
384,0.002003240662937363,0.002003240662937363,0.00019429282454268558,0.002973309
385,0.002405610509837667,0.002405610509837667,0.0001943309659488869,0.0014103323
386,0.0014807819259456461,0.0014807819259456461,0.0001039769652159745,0.001888443
387,0.001750124548561871,0.001750124548561871,0.00015573646331637923,0.001600811
388,0.0015323577655686272,0.0015323577655686272,9.995555012491448e-05,0.001500715
389,0.0016717512160539627,0.0016717512160539627,9.082167784476445e-05,0.001585647
390,0.0015460865494484703,0.0015460865494484703,0.00011171976214667565,0.001996868
391,0.0015661053243093193,0.0015661053243093193,0.0001053482972666744,0.0017832856
392,0.0014218501669044296,0.0014218501669044296,0.00010403361941104805,0.0014455135
393,0.001462926927746998,0.001462926927746998,9.545248983775266e-05,0.0018380195
394,0.0017365390667691827,0.0017365390667691827,0.00010144405015187393,0.0015723632
395,0.0014157783058989378,0.0014157783058989378,0.00011891616523358708,0.001715638
396,0.0015250276308506727,0.0015250276308506727,0.00012534468524134153,0.0014955179
397,0.0015583857842203645,0.0015583857842203645,0.0001434337595299774,0.0017375029
398,0.0016372179819477929,0.0016372179819477929,0.00010276871668798179,0.0019944173
399,0.001505138311121199,0.001505138311121199,0.0001346830968032009,0.0017902093
400,0.00156460073000441,0.00156460073000441,9.125368636871103e-05,0.0013722904
401,0.001514317682530317,0.001514317682530317,0.00011751862270783261,0.001594301
402,0.0014195652316427894,0.0014195652316427894,0.00010845648523477549,0.00160727
403,0.0014747907989658415,0.0014747907989658415,0.00013221408923161308,0.0015768651
404,0.0017799264958335294,0.0017799264958335294,0.0001329115464197154,0.0016571075
405,0.0015274927227033508,0.0015274927227033508,9.886318298716212e-05,0.0016998958
406,0.0018692658981308342,0.0018692658981308342,0.00016158108834424132,0.0017259718
407,0.001707354203487436,0.001707354203487436,0.0001432417799858538,0.0015889303
408,0.0015138145380963882,0.0015138145380963882,0.00011655305121463202,0.0016514341
409,0.001473152117493252,0.001473152117493252,6.74533332762116e-05,0.0017931138
410,0.0014326664593277707,0.0014326664593277707,7.797389321914217e-05,0.001653236
411,0.0020115135910196437,0.0020115135910196437,0.00013283698629100725,0.0027011377
412,0.010479845215256016,0.010479845215256016,0.0007374437576525376,0.009077908
413,0.0036362565976257124,0.0036362565976257124,0.00047221213019825985,0.0017244249
414,0.0014469105931412842,0.0014469105931412842,0.000107494768577649,0.0025014305
415,0.001575295901339915,0.001575295901339915,0.00011385413339123969,0.0016304419
416,0.0015879967715591193,0.0015879967715591193,0.0001685857514196698,0.0018130192
417,0.001625899344475733,0.001625899344475733,0.0001367678068416151,0.0015537665
418,0.0016103621559321053,0.0016103621559321053,0.00011365045462525813,0.0018440463
419,0.0016071289506119986,0.0016071289506119986,9.717512179956916e-05,0.0014929082
420,0.0013654857602280876,0.0013654857602280876,6.35444303396879e-05,0.0014998872
421,0.0013816484056102733,0.0013816484056102733,7.992486225703033e-05,0.0015390038
422,0.001476740699985789,0.001476740699985789,9.067096758915088e-05,0.0021516841
423,0.001451668664554341,0.001451668664554341,7.504697128253055e-05,0.0015121184
424,0.0013706470917289456,0.0013706470917289456,7.994348837606759e-05,0.001550377
425,0.0014046449576401048,0.0014046449576401048,7.353379479961102e-05,0.0016084881
426,0.0016059179091826082,0.0016059179091826082,0.00013356538360337962,0.0019411484
427,0.0016807810118835834,0.0016807810118835834,0.00012353021416705207,0.0013771555
428,0.0013613516503634552,0.0013613516503634552,7.586104242641846e-05,0.0014344776
429,0.0016892599769764477,0.0016892599769764477,9.47522818044222e-05,0.0016149789
430,0.001503876301770409,0.001503876301770409,0.00011068205897808714,0.0014757863
431,0.0014110542381078834,0.0014110542381078834,9.487311957311956e-05,0.0015757636
432,0.0014487173563490312,0.0014487173563490312,0.00010210088018772644,0.0014859685
433,0.001525406191487693,0.001525406191487693,8.8167337563151e-05,0.0015865988
434,0.00150248303802477,0.00150248303802477,0.00010375719516054636,0.0017184259
435,0.0015563923865556718,0.0015563923865556718,6.782854434593194e-05,0.0017506653
436,0.001601588766142312,0.001601588766142312,0.0001465244421538614,0.0019137145
437,0.0016150152207248742,0.0016150152207248742,9.545132927666705e-05,0.0014815738
438,0.0015653507395957907,0.0015653507395957907,0.0001262390802695437,0.0015693525
439,0.0016514465471522675,0.0016514465471522675,8.620823817990539e-05,0.00188884
440,0.0017287564231082797,0.0017287564231082797,0.00011831895718993716,0.0017227742
441,0.0014046087408334845,0.0014046087408334845,7.493370258689285e-05,0.0016660438
442,0.0016475254592175285,0.0016475254592175285,0.00014109433838408827,0.0024078179
443,0.0018214238755818871,0.0018214238755818871,0.00013136513625037574,0.0015232838
444,0.001403363399569773,0.001403363399569773,9.630141637275775e-05,0.0014780395
445,0.0015719498287782901,0.0015719498287782901,0.00010253198670650616,0.0016412656
446,0.0016128112303300036,0.0016128112303300036,0.00016310627730591577,0.001438804
447,0.001448664895724505,0.001448664895724505,0.00010686481113882311,0.0020262783
448,0.0015801555878068839,0.0015801555878068839,0.00014670944031196754,0.0018368018
449,0.0014943850343115627,0.0014943850343115627,9.387812226072533e-05,0.0014517426
450,0.0015887580967197815,0.0015887580967197815,9.362408385019054e-05,0.0021131134
451,0.0014600796870783798,0.0014600796870783798,0.00010532736650551064,0.001455429
452,0.0014769582233081261,0.0014769582233081261,0.00012514952092072915,0.001435698
453,0.0016620107357286744,0.0016620107357286744,6.673714176991376e-05,0.0016113647
454,0.0016128002174405588,0.0016128002174405588,0.00010612446830830575,0.0018211291
455,0.001807679639508327,0.001807679639508327,0.00011489172771285262,0.0023736618
456,0.0018515073228627444,0.0018515073228627444,0.00013747788323901963,0.0022731314
457,0.0015158282127231359,0.0015158282127231359,0.00012740587632720235,0.0015646308
458,0.001520324850247966,0.001520324850247966,0.0001441426163576725,0.0018252089
459,0.0014574683620594442,0.0014574683620594442,0.0001253035977239383,0.0016199658
460,0.0015367907601305181,0.0015367907601305181,0.00012982017972420736,0.0030401202
461,0.0024129237539859284,0.0024129237539859284,0.0001318510035338881,0.0019362528
462,0.001842418719186551,0.001842418719186551,0.0001545685448482301,0.0020551803
463,0.002017350802715454,0.002017350802715454,0.00015689693463830028,0.0015136065
464,0.0015638198832877807,0.0015638198832877807,0.00014144086114053304,0.0016562755
465,0.0015377295138831767,0.0015377295138831767,0.00010115707799640303,0.0016534927
466,0.0015739261224451992,0.0015739261224451992,0.00011407402427671008,0.0015203811
467,0.001342713148591833,0.001342713148591833,8.170579077813045e-05,0.0017461985
468,0.0014765267363852925,0.0014765267363852925,0.00011646447309803736,0.0017979778
469,0.0015173104268291757,0.0015173104268291757,0.00010794288360658458,0.0013533545
470,0.001331830031186756,0.001331830031186756,7.009049979210937e-05,0.0014564001
471,0.0015358248673793342,0.0015358248673793342,0.00012795768169174455,0.0016660722
472,0.001567211291856236,0.001567211291856236,0.00012215193911073482,0.0016318151
473,0.0018326262865836422,0.0018326262865836422,0.00014792232394056113,0.0020958006
474,0.0015742239089579218,0.0015742239089579218,0.00010897202818808991,0.0019386873
475,0.0014417629145706693,0.0014417629145706693,0.00010774418622013904,0.0017056331
476,0.0015707754969803824,0.0015707754969803824,9.467495446465868e-05,0.0019146036
477,0.0017446449362776345,0.0017446449362776345,0.0001277187067756813,0.0015571541
478,0.0019454013194060988,0.0019454013194060988,0.00016944580967851328,0.0022506567
479,0.0018432676145392988,0.0018432676145392988,0.0001753586415122774,0.0017387548
480,0.0015974127247722612,0.0015974127247722612,0.00012285868414589154,0.0013855255
481,0.0015418846198978523,0.0015418846198978523,0.0001058907455217195,0.001880939
482,0.0015357183991000056,0.0015357183991000056,0.00011523801340050316,0.0016171532
483,0.0016833152621984482,0.0016833152621984482,0.00015372139164861033,0.0018022867
484,0.0014645416431853342,0.0014645416431853342,9.884520532023168e-05,0.0014326192
485,0.0013877127190224,0.0013877127190224,8.99218987677999e-05,0.0016190499
486,0.0015881450769181054,0.0015881450769181054,0.0001686808441276197,0.0026853117
487,0.0017685206244803138,0.0017685206244803138,0.00015361201284005914,0.0017306149
488,0.0017258614146461089,0.0017258614146461089,0.00023435107876442393,0.002352963
489,0.0017940055397856567,0.0017940055397856567,0.0001453448760900243,0.0019826228
490,0.0015686164933463764,0.0015686164933463764,0.00013543159043365448,0.0017145098
491,0.0013312040828168392,0.0013312040828168392,9.157750372044878e-05,0.0014196942
492,0.001425167290856027,0.001425167290856027,9.679934494657673e-05,0.0013662255
493,0.001369892614376214,0.001369892614376214,0.00012385369658029314,0.0017800659
494,0.0019060158507070608,0.0019060158507070608,0.0002084832604157643,0.002023422
495,0.0016736957166964808,0.0016736957166964808,0.0001063361521927517,0.0016035319
496,0.0013752536537746589,0.0013752536537746589,7.547675052895404e-05,0.0015104216
497,0.0014597557304013107,0.0014597557304013107,0.00010805745234531767,0.0017499934
498,0.0014999239744308095,0.0014999239744308095,0.00013197916370965383,0.0017045611
499,0.0019195917269421948,0.0019195917269421948,0.0001576108850803405,0.0019930606
500,0.0015570318352224099,0.0015570318352224099,0.00012085202427998511,0.0018080514
501,0.0014772120682108732,0.0014772120682108732,0.00010690078865738744,0.0016846063
502,0.002289062841898865,0.002289062841898865,0.00014614811274134986,0.002924277
503,0.001953971482968579,0.001953971482968579,0.000152777740297299,0.0017273804
504,0.0014159638357038298,0.0014159638357038298,0.0001135531267766036,0.0018802703
505,0.0016367741575878528,0.0016367741575878528,0.0001561059388856102,0.0018124947
506,0.001434710506711983,0.001434710506711983,8.424007715011169e-05,0.0013252242
507,0.0013795779228934811,0.0013795779228934811,9.650878820640763e-05,0.0018575331
508,0.0015069342994441588,0.0015069342994441588,0.00010487783115043688,0.001413648
509,0.001427599983031137,0.001427599983031137,8.576581244123342e-05,0.0015966393
510,0.001616240151795662,0.001616240151795662,0.00011733742127009665,0.0018813866
511,0.0016081651013034085,0.0016081651013034085,9.656289161246908e-05,0.0031221353
512,0.0017797166222913397,0.0017797166222913397,0.0001244431412631444,0.0014997076
513,0.001561596790432102,0.001561596790432102,0.00011642191369058234,0.001477761
514,0.001352459268592712,0.001352459268592712,0.0001147058759247304,0.0015384596
515,0.001597877397822837,0.001597877397822837,0.00012860146144614898,0.001999893
516,0.0017676540598687198,0.0017676540598687198,0.00012429175700738623,0.0016462574
517,0.001665805202598373,0.001665805202598373,0.00011089252347618286,0.0019064674
518,0.0014743341508114505,0.0014743341508114505,9.609386465712078e-05,0.001667804
519,0.0013861960304590562,0.0013861960304590562,0.00011223474745673596,0.0014185029
520,0.0012978987069800496,0.0012978987069800496,8.590607275335869e-05,0.0015301532
521,0.0014457331297712194,0.0014457331297712194,0.00011373777893229292,0.0015857087
522,0.001462973649096158,0.001462973649096158,0.0001229423242825255,0.0014595106
523,0.0014245695149939922,0.0014245695149939922,8.161457685637153e-05,0.0024215824
524,0.0015651103445432253,0.0015651103445432253,0.00012389382809361552,0.0014799025
525,0.0013297416101623741,0.0013297416101623741,6.573317584705289e-05,0.0013344428
526,0.0016000970784160826,0.0016000970784160826,0.0001546908554347384,0.0015879996
527,0.0016351547092199326,0.0016351547092199326,8.868081225684413e-05,0.0013995474
528,0.001547796315410071,0.001547796315410071,0.00012419902220952078,0.0015319581
529,0.0014669055261442231,0.0014669055261442231,9.216545885364111e-05,0.0014403232
530,0.001370419731311914,0.001370419731311914,9.238979876510851e-05,0.0017743873
531,0.0015324036047483483,0.0015324036047483483,9.516370139661174e-05,0.0015129715
532,0.0015119340193147461,0.0015119340193147461,0.00010643238266159946,0.0014327528
533,0.0013703313604411151,0.0013703313604411151,9.820252292658754e-05,0.0017254537
534,0.0014456215081736445,0.0014456215081736445,9.044559095027833e-05,0.0022736934
535,0.0017466172136159407,0.0017466172136159407,0.0001192164005399516,0.001654385
536,0.0014281060287935866,0.0014281060287935866,0.00011156224865974056,0.0017922061
537,0.0013883861079294648,0.0013883861079294648,8.588589595698674e-05,0.0017038139
538,0.0014326142910350529,0.0014326142910350529,0.00010923514087279626,0.0016111702
539,0.0015237841289490461,0.0015237841289490461,0.00012631556160095492,0.0022963611
540,0.0016243723221123219,0.0016243723221123219,0.00016534976933826328,0.0016763938
541,0.0016002930235117674,0.0016002930235117674,0.00012470500034977603,0.0020074858
542,0.001698234355232368,0.001698234355232368,0.00015597166835890322,0.001521779
543,0.0015191266533090837,0.0015191266533090837,0.0001033977382493075,0.0019775296
544,0.0015810947994598084,0.0015810947994598084,0.00014736855983099102,0.0019554687
545,0.0014374135307864183,0.0014374135307864183,0.00012534892471225906,0.00158839
546,0.0015936554409563541,0.0015936554409563541,0.00013226101497518055,0.0018007954
547,0.0013249142354147302,0.0013249142354147302,9.634437392378459e-05,0.001403594
548,0.0014697046536538336,0.0014697046536538336,8.967528724394609e-05,0.0013962147
549,0.00137871992515607,0.00137871992515607,9.485563017415346e-05,0.001469313
550,0.0013899796642363072,0.0013899796642363072,0.00010786907074290653,0.0017945322
551,0.001669612999022421,0.001669612999022421,9.709627569236546e-05,0.0016459947
552,0.001462386711500585,0.001462386711500585,8.393202880875429e-05,0.0015481835
553,0.0014473247070175906,0.0014473247070175906,7.674126112470327e-05,0.0014783049
554,0.0014164461857742734,0.0014164461857742734,0.00010568782550188041,0.001318188
555,0.0013680569413635467,0.0013680569413635467,9.137716403763028e-05,0.0015372088
556,0.00163685412844643,0.00163685412844643,0.00012220436108489392,0.0017124029
557,0.0014337297490177056,0.0014337297490177056,8.90271634640764e-05,0.0015946045
558,0.0014897738984372053,0.0014897738984372053,8.532009500490132e-05,0.0015030211
559,0.001535813047343658,0.001535813047343658,0.00015766558353842443,0.0016922555
560,0.0015903325208152335,0.0015903325208152335,8.867541442951519e-05,0.001767226
561,0.001540676258607871,0.001540676258607871,9.780098183943172e-05,0.0016346496
562,0.0016774156596511603,0.0016774156596511603,0.0001158797408629021,0.0017407424
563,0.0013711084365948206,0.0013711084365948206,9.199605789641888e-05,0.0014523851
564,0.001274545050950514,0.001274545050950514,0.00010249428115590338,0.001432421
565,0.0014530559561939703,0.0014530559561939703,0.00010404238758911314,0.001694264
566,0.0015804907022457983,0.0015804907022457983,0.00010482162138285074,0.001578157
567,0.0014516602037474512,0.0014516602037474512,0.00010860084853364711,0.0014965564
568,0.0016151461620918578,0.0016151461620918578,8.367406129519139e-05,0.0016363143
569,0.0014473943414890931,0.0014473943414890931,7.48219536490069e-05,0.0014765979
570,0.0017366236619030435,0.0017366236619030435,0.00012200254418656995,0.0023533318
571,0.0015898290775819785,0.0015898290775819785,0.00011350500996848546,0.0015153755
572,0.0016194111848663953,0.0016194111848663953,9.895765910843895e-05,0.0014410442
573,0.0013957928258201313,0.0013957928258201313,0.00015247669471894673,0.0015226266
574,0.0015084037427893944,0.0015084037427893944,7.685445371647701e-05,0.0019515204
575,0.0015501020489157075,0.0015501020489157075,0.00013473899117570908,0.0017080464
576,0.0015723045889495147,0.0015723045889495147,0.00014829380924960371,0.001548301
577,0.0014358218888648683,0.0014358218888648683,0.00010333306772988889,0.0015931802
578,0.0014841448502718574,0.0014841448502718574,0.00013061412745179899,0.0017949643
579,0.0015429013227629992,0.0015429013227629992,9.565082466467503e-05,0.0024215153
580,0.0016669942066073417,0.0016669942066073417,0.00015543014893033065,0.001309743
581,0.0014735201735877328,0.0014735201735877328,9.600327412297499e-05,0.001442667
582,0.001332306027567635,0.001332306027567635,0.0001195340615563762,0.001882421
583,0.0015678187961586647,0.0015678187961586647,8.615109774028598e-05,0.0015399596
584,0.001713067683805194,0.001713067683805194,9.73613557461148e-05,0.0021970002
585,0.001527365648912059,0.001527365648912059,9.856230173694611e-05,0.0021784804
586,0.0013602792259512675,0.0013602792259512675,8.244618336321865e-05,0.0014277484
587,0.0013823471213173534,0.0013823471213173534,0.00011917012450466145,0.0013926285
588,0.0015411591183187234,0.0015411591183187234,9.375405519368564e-05,0.001475473
589,0.0015182741219177843,0.0015182741219177843,0.00011193409789282467,0.0018263964
590,0.0013643092915622723,0.0013643092915622723,8.04083205132934e-05,0.0015692825
591,0.0014507990757313867,0.0014507990757313867,9.338446881849273e-05,0.0018471996
592,0.0014852242259722618,0.0014852242259722618,0.00010018762342486949,0.0016732649
593,0.001471444646206995,0.001471444646206995,0.00011270416520498353,0.0013911137
594,0.001416294618199269,0.001416294618199269,0.00014071581737577313,0.0016500469
595,0.0014849332626909017,0.0014849332626909017,0.00012184364691058115,0.0018860864
596,0.00153427919657487,0.00153427919657487,0.00011626839431199995,0.0016537657
597,0.001454018436682721,0.001454018436682721,8.712457484760547e-05,0.0015313348
598,0.001338027510792017,0.001338027510792017,0.00011207987784524044,0.0016374221
599,0.0014761301908745533,0.0014761301908745533,0.00012871080878274673,0.0015022754
600,0.001354806664555023,0.001354806664555023,9.018252036830808e-05,0.0014973443
601,0.0015979601044414772,0.0015979601044414772,0.00011012037971530238,0.0015301602
602,0.00353044892480183,0.00353044892480183,0.0002700321262906079,0.002232735
603,0.0023146694319115743,0.0023146694319115743,0.00019853725906513218,0.0023374099
604,0.001628166732067863,0.001628166732067863,0.00010354783699363502,0.0018779237
605,0.0014181469010913538,0.0014181469010913538,9.737573240676688e-05,0.0015243196
606,0.0013498611243752143,0.0013498611243752143,8.576604172547933e-05,0.0019143793
607,0.0013418830530200568,0.0013418830530200568,0.00011978488322925943,0.0014522724
608,0.001411416469555762,0.001411416469555762,9.518465271386137e-05,0.0016119041
609,0.0014726104124242233,0.0014726104124242233,0.00013559022850636717,0.0013029634
610,0.0013304186351079908,0.0013304186351079908,7.817614502130255e-05,0.0014231552
611,0.00139471721680214,0.00139471721680214,9.280436770748363e-05,0.0017697259
612,0.0013687132120442887,0.0013687132120442887,8.876347064238467e-05,0.0015354948
613,0.0015233567864116695,0.0015233567864116695,7.676100539381676e-05,0.0019262149
614,0.0014841503153244654,0.0014841503153244654,9.219153629816092e-05,0.0018955112
615,0.001551341723340253,0.001551341723340253,0.00011075679829514308,0.0019893213
616,0.0018131173345156842,0.0018131173345156842,0.0001915340332017321,0.0019924003
617,0.0016781537017474572,0.0016781537017474572,0.0001464503207332947,0.0014227404
618,0.0015235709104066094,0.0015235709104066094,9.876533526191149e-05,0.0015534399
619,0.0014294243340070049,0.0014294243340070049,9.187488495538471e-05,0.0016962362
620,0.0016329795367912286,0.0016329795367912286,0.0001434149007464056,0.0013690325
621,0.0016242952008421222,0.0016242952008421222,9.987098611014113e-05,0.0019257396
622,0.001501458107183377,0.001501458107183377,0.00011992007017498609,0.0014097878
623,0.001418564083158142,0.001418564083158142,8.574680075281233e-05,0.0017339175
624,0.001698750164359808,0.001698750164359808,0.00015520684963424476,0.0017906051
625,0.0015766733791679143,0.0015766733791679143,0.00011568960095140977,0.0017273538
626,0.0013245491427369416,0.0013245491427369416,0.0001065466992511372,0.0014217868
627,0.001367628662329581,0.001367628662329581,8.793359682686747e-05,0.0015045763
628,0.0012384491054237717,0.0012384491054237717,7.98290228355351e-05,0.0013759823
629,0.0013537748057084779,0.0013537748057084779,9.407031484821952e-05,0.0014118991
630,0.0014066872924255829,0.0014066872924255829,0.00010621112686900838,0.0015051471
631,0.001557272566585905,0.001557272566585905,0.00012033775107624933,0.0016244528
632,0.0016851142048835755,0.0016851142048835755,0.00011120524968898988,0.0015040183
633,0.0016659030871879724,0.0016659030871879724,0.0001063218572715938,0.0015923214
634,0.0014682518602866265,0.0014682518602866265,9.651784777702233e-05,0.001534452
635,0.0014304233507977592,0.0014304233507977592,0.000138660543389493,0.0015034649
636,0.0015345505593965451,0.0015345505593965451,0.00014768669145966604,0.0013589682
637,0.0013577831107088262,0.0013577831107088262,0.00010572549731568712,0.0014762994
638,0.0014061856846739021,0.0014061856846739021,9.33875355965736e-05,0.001656102
639,0.0014229199655043582,0.0014229199655043582,0.00010897019272104242,0.0013365602
640,0.0013181826772375239,0.0013181826772375239,7.995625249527116e-05,0.0015058981
641,0.0013503143938982652,0.0013503143938982652,9.544130016239351e-05,0.0017801686
642,0.0014064670669742757,0.0014064670669742757,0.00012529783490590073,0.0016557324
643,0.0016225789117419885,0.0016225789117419885,0.00011717660127222493,0.0019073238
644,0.0014852478776851462,0.0014852478776851462,9.028054868546558e-05,0.001514119
645,0.0013213628243344524,0.0013213628243344524,0.00010378605084197338,0.0020216268
646,0.0014183699036948382,0.0014183699036948382,9.894038548736716e-05,0.0014177473
647,0.0014185701496899129,0.0014185701496899129,9.602397096800787e-05,0.0017185105
648,0.001464935474925571,0.001464935474925571,8.657125479456024e-05,0.0014620838
649,0.0015010770617259874,0.0015010770617259874,8.923420430038379e-05,0.0015402742
650,0.001486154079126815,0.001486154079126815,9.003339809952296e-05,0.0015267568
651,0.0014540854272329146,0.0014540854272329146,0.00010297361103318457,0.001412093
652,0.001547853136435151,0.001547853136435151,0.00014022734168166707,0.0015907962
653,0.001391714080495553,0.001391714080495553,0.00010977741412463931,0.0020467076
654,0.0016025670907563634,0.0016025670907563634,0.00010160519774571084,0.0019692949
655,0.0016655250607679288,0.0016655250607679288,0.00010426430997338483,0.0017206437
656,0.0015167707603217827,0.0015167707603217827,0.0001424496098347087,0.0014538075
657,0.0014521823963150383,0.0014521823963150383,0.00012630178754938646,0.0013267953
658,0.0013291765082006654,0.0013291765082006654,0.00010476299059433023,0.0016906192
659,0.0014922061857456962,0.0014922061857456962,0.00011427671762855122,0.0017138706
660,0.0014834080059598718,0.0014834080059598718,8.214589599649318e-05,0.0016921458
661,0.0014127159943907626,0.0014127159943907626,8.530590098448304e-05,0.0015284889
662,0.0013051283869167996,0.0013051283869167996,9.517942029838701e-05,0.0014631804
663,0.0015113843178066115,0.0015113843178066115,8.487678498264965e-05,0.0014996354
664,0.001599511079904106,0.001599511079904106,0.00011598792911209602,0.0013983606
665,0.0015127334368622138,0.0015127334368622138,0.0001042467270505338,0.0016480304
666,0.0016502285246840782,0.0016502285246840782,0.00011103872161331513,0.0014912477
667,0.001410813686541385,0.001410813686541385,0.00010007270706814274,0.001347901
668,0.0012781362437332669,0.0012781362437332669,9.376877933313935e-05,0.0013743889
669,0.001439123070384893,0.001439123070384893,9.467797526663762e-05,0.0016739448
670,0.0014425260609843664,0.0014425260609843664,0.00011613635177359546,0.0015386248
671,0.0015884554194700387,0.0015884554194700387,0.00012384903034090813,0.0015267761
672,0.0015962746330640382,0.0015962746330640382,9.944813338430928e-05,0.002081504
673,0.0015408857699690593,0.0015408857699690593,9.23698538182786e-05,0.0014808794
674,0.0013057522708550095,0.0013057522708550095,7.526561056698553e-05,0.0015222989
675,0.0013978410770909655,0.0013978410770909655,8.34713757285499e-05,0.0017803661
676,0.0015274742333632376,0.0015274742333632376,0.00011543531247518354,0.0015878598
677,0.0014393338066939678,0.0014393338066939678,8.783639955380648e-05,0.0015045607
678,0.0016725776173795264,0.0016725776173795264,0.00011293861606355272,0.0021695888
679,0.0019819036876368855,0.0019819036876368855,0.00011212701269627503,0.0018641549
680,0.0014921790066485603,0.0014921790066485603,9.22414164462124e-05,0.0014934461
681,0.001357833787591921,0.001357833787591921,7.646356263371851e-05,0.0014831817
682,0.001654455537856039,0.001654455537856039,9.41402111551717e-05,0.0013480326
683,0.001351416158852064,0.001351416158852064,8.741414207330915e-05,0.0013615451
684,0.0012678733664668268,0.0012678733664668268,9.636741341066587e-05,0.0015028189
685,0.001377516052323497,0.001377516052323497,8.39957919841557e-05,0.0017205996
686,0.0014503323240205646,0.0014503323240205646,0.00010899231875261724,0.0017783204
687,0.0016261690141012271,0.0016261690141012271,0.00011922113835933285,0.0019488321
688,0.0014893202395695779,0.0014893202395695779,8.852991137757727e-05,0.0015792865
689,0.0015376628803399702,0.0015376628803399702,0.00010349741748743529,0.0014281501
690,0.0013289825421654517,0.0013289825421654517,9.918266877789369e-05,0.0016450612
691,0.00146697536110878,0.00146697536110878,8.057295808991208e-05,0.0015328642
692,0.0014044785005454389,0.0014044785005454389,7.177043595352946e-05,0.001565191
693,0.0013975926623162297,0.0013975926623162297,9.572383120257655e-05,0.0014695482
694,0.0012908759617453647,0.0012908759617453647,7.806951786430243e-05,0.0018732494
695,0.0017687352710506982,0.0017687352710506982,0.00015488189510245813,0.0016219113
696,0.0014294833798582354,0.0014294833798582354,0.00010314274875351279,0.0015273491
697,0.0013554909551102255,0.0013554909551102255,6.844303141204162e-05,0.0014777504
698,0.0014064196936993136,0.0014064196936993136,0.00010956805445793015,0.0016043724
699,0.0013894087971291608,0.0013894087971291608,0.0001158214322130233,0.0015156204
700,0.0013060855097137391,0.0013060855097137391,8.904670102020242e-05,0.0015728475
701,0.0014270159855691922,0.0014270159855691922,0.0001042801421034609,0.0015301703
702,0.0013888541117517484,0.0013888541117517484,8.198026715346726e-05,0.0013566597
703,0.0014362829401054315,0.0014362829401054315,0.00011130056704536805,0.0015524394
704,0.0014705179802452526,0.0014705179802452526,0.00011014753081358069,0.001490685
705,0.0014379966111543279,0.0014379966111543279,0.00010816203324818869,0.0017760867
706,0.0013874055817723273,0.0013874055817723273,0.00012220566190784945,0.0014945983
707,0.001457133109215647,0.001457133109215647,0.00010289261890269093,0.0014388047
708,0.0014713131447529628,0.0014713131447529628,9.647292857187672e-05,0.0024451509
709,0.001562018371704552,0.001562018371704552,0.00011216084232172661,0.0015736982
710,0.0013473346648323868,0.0013473346648323868,0.00012249210004924293,0.0014392381
711,0.0013510294853606157,0.0013510294853606157,8.844133104856964e-05,0.0015415943
712,0.001428650208334956,0.001428650208334956,0.00013801082625889292,0.0014638387
713,0.0013260207578746808,0.0013260207578746808,8.188432478719833e-05,0.0017378211
714,0.001434874131033818,0.001434874131033818,9.315238962952006e-05,0.0015653817
715,0.0013271607665552034,0.0013271607665552034,0.0001174492125043811,0.0013626645
716,0.0014575147406301564,0.0014575147406301564,8.780736959837931e-05,0.001427836
717,0.004684809403907922,0.004684809403907922,0.00037711065553607014,0.010273393
718,0.0029346080833218165,0.0029346080833218165,0.000406722210247142,0.0015905288
719,0.0012752741652851303,0.0012752741652851303,6.808844485325001e-05,0.0013788225
720,0.0012638729621863199,0.0012638729621863199,7.661470520514197e-05,0.0014659326
721,0.001459680088899202,0.001459680088899202,8.752766783903551e-05,0.0014804206
722,0.0012446644496069187,0.0012446644496069187,7.569334444118188e-05,0.001523524
723,0.0012762691825628282,0.0012762691825628282,7.482534473346736e-05,0.0014088922
724,0.0013269024978702266,0.0013269024978702266,8.173587487539812e-05,0.0013243118
725,0.0012371566676948633,0.0012371566676948633,7.508468932163245e-05,0.0013488113
726,0.001343774394546118,0.001343774394546118,9.535991009196702e-05,0.0014819101
727,0.0014533375079433123,0.0014533375079433123,0.00010123276969251392,0.0015867942
728,0.0013096535449019736,0.0013096535449019736,8.84159728305652e-05,0.0014330135
729,0.001269793207757175,0.001269793207757175,8.926353890375241e-05,0.0017595583
730,0.0013026408346680303,0.0013026408346680303,0.0001022017263797655,0.0015056682
731,0.0013242446830392712,0.0013242446830392712,7.00257592749646e-05,0.0014936803
732,0.0012832991908200914,0.0012832991908200914,0.00010082035335017281,0.0013139109
733,0.0012388534106624624,0.0012388534106624624,8.195857952439193e-05,0.0013858948
734,0.0012672181267084346,0.0012672181267084346,9.662068454569332e-05,0.0015066399
735,0.0012615609991674622,0.0012615609991674622,8.646429904628248e-05,0.0012706942
736,0.0013230745590084958,0.0013230745590084958,0.0001190354149754411,0.0016317241
737,0.0013377900532860723,0.0013377900532860723,0.00010286795538610881,0.0015985204
738,0.0013369520634619726,0.0013369520634619726,8.278427634249081e-05,0.001441136
739,0.0013097690120856796,0.0013097690120856796,0.00011075624413431721,0.001382753
740,0.001631554368779891,0.001631554368779891,0.0001518407230307359,0.0020530487
741,0.0015143108476574222,0.0015143108476574222,0.0001055836894945767,0.0017291231
742,0.0015888902087075015,0.0015888902087075015,0.0001907348765657149,0.001540243
743,0.0012590538839706115,0.0012590538839706115,8.773076338325975e-05,0.0014788305
744,0.0013229954457427892,0.0013229954457427892,0.00010625567938657494,0.0015546831
745,0.0014249567032998635,0.0014249567032998635,0.00012007037937793699,0.0016692759
746,0.0014692413452495304,0.0014692413452495304,9.954575630344051e-05,0.0017033443
747,0.0015399360369580488,0.0015399360369580488,0.00013072949402612722,0.0014748209
748,0.0013122278188044826,0.0013122278188044826,0.00010918037810477226,0.0014315458
749,0.0012928826191152135,0.0012928826191152135,7.627929628723804e-05,0.0015750882
750,0.001519029282240404,0.001519029282240404,0.00013710767306630937,0.0020452023
751,0.001336824445105675,0.001336824445105675,0.00010221994147394171,0.0014607108
752,0.0014163485081452461,0.0014163485081452461,7.70643103272227e-05,0.0013093142
753,0.0015037276161213716,0.0015037276161213716,9.57357654076279e-05,0.0015537782
754,0.0013660727793143855,0.0013660727793143855,9.031057257772436e-05,0.0014223256
755,0.0013476143422950474,0.0013476143422950474,0.00010109498072476223,0.0013450368
756,0.0013429643547472855,0.0013429643547472855,9.88373955301035e-05,0.0016984291
757,0.0013197955972928967,0.0013197955972928967,0.00012269443864549128,0.001313633
758,0.0016569566434352762,0.0016569566434352762,0.0001254985436440216,0.0015358501
759,0.001338299403950158,0.001338299403950158,7.855052131004767e-05,0.001577327
760,0.0013582892146789365,0.0013582892146789365,8.839738664189806e-05,0.0013970956
761,0.0012792226185815202,0.0012792226185815202,6.838778058260904e-05,0.0014446181
762,0.0013358850575362644,0.0013358850575362644,0.0001096279104836463,0.0014351786
763,0.0012544455950976247,0.0012544455950976247,8.626825271278449e-05,0.0012853977
764,0.0015240305219776928,0.0015240305219776928,0.00012902536578182202,0.0014058563
765,0.0014102902729064225,0.0014102902729064225,0.00012408228723900116,0.001624845
766,0.0013207542373695307,0.0013207542373695307,8.900182578044122e-05,0.0013151433
767,0.0014367738479955329,0.0014367738479955329,9.965819560875389e-05,0.0017803066
768,0.0014306786741750935,0.0014306786741750935,0.00010840500730056294,0.0015405957
769,0.0013712696394779615,0.0013712696394779615,8.451384970619024e-05,0.0014746325
770,0.001403425344162517,0.001403425344162517,0.00010509216539591963,0.0015230183
771,0.001343060000282195,0.001343060000282195,8.351399150272856e-05,0.0013559626
772,0.0013090890819310314,0.0013090890819310314,0.00011224206223737888,0.0014936132
773,0.0013299788063805965,0.0013299788063805965,0.00011091379207010101,0.0013877844
774,0.001415147523706158,0.001415147523706158,0.0001339240126334968,0.0016322514
775,0.001393296369092746,0.001393296369092746,0.00013835803859163005,0.0014247602
776,0.0013441371032968164,0.0013441371032968164,0.00010929150266747456,0.00161158
777,0.0014116553318065902,0.0014116553318065902,8.248698566492389e-05,0.0020660232
778,0.0015356021700426935,0.0015356021700426935,0.00012375321927717348,0.0016141053
779,0.0014437772488842407,0.0014437772488842407,7.944666264921727e-05,0.0013468432
780,0.0012632139078858826,0.0012632139078858826,9.42092651882831e-05,0.0013719589
781,0.0013147606229823496,0.0013147606229823496,9.109125445926717e-05,0.0014638067
782,0.0013327884073886607,0.0013327884073886607,9.79389986494223e-05,0.0015278667
783,0.0016694925233928693,0.0016694925233928693,9.208492932878521e-05,0.002287105
784,0.001743881101720035,0.001743881101720035,0.00011929666434929863,0.0013833336
785,0.001286908478424367,0.001286908478424367,8.082630597780534e-05,0.001414868
786,0.0013415077364900046,0.0013415077364900046,8.173143616513951e-05,0.0015050961
787,0.00143822160963383,0.00143822160963383,8.639746595993832e-05,0.0017571115
788,0.0013032696610834036,0.0013032696610834036,9.965549754471996e-05,0.0017618616
789,0.001562925112537212,0.001562925112537212,9.820299995024268e-05,0.0014904479
790,0.0014861494018178847,0.0014861494018178847,9.302510540468094e-05,0.0015665857
791,0.001295242246447338,0.001295242246447338,7.23291600555361e-05,0.0014114707
792,0.0013052470231842664,0.0013052470231842664,7.460842321415208e-05,0.0013812722
793,0.0014512285189185706,0.0014512285189185706,8.405975496354283e-05,0.0023476358
794,0.0015096927514403231,0.0015096927514403231,6.828485409439761e-05,0.0013075239
795,0.0013527615642588999,0.0013527615642588999,7.276377645268895e-05,0.001508421
796,0.0014093749664930834,0.0014093749664930834,9.684930824533921e-05,0.0013494081
797,0.0013992984520478382,0.0013992984520478382,9.476014999765741e-05,0.0018089577
798,0.0013578356075514522,0.0013578356075514522,0.00011193877700811249,0.001632994
799,0.0015732611633009382,0.0015732611633009382,0.00013588731370204086,0.0020631426
800,0.0015371704163650672,0.0015371704163650672,0.00010893156159505047,0.0017108412
801,0.0013625123447531628,0.0013625123447531628,9.21672248346618e-05,0.0014385253
802,0.0015611513453121814,0.0015611513453121814,6.888113973128422e-05,0.0016349996
803,0.001604464491053174,0.001604464491053174,7.00290306579316e-05,0.001732635
804,0.0013948496663942934,0.0013948496663942934,9.514822777158353e-05,0.0015514271
805,0.0013424211414530874,0.0013424211414530874,8.137405891880512e-05,0.0014913463
806,0.0014303095082545446,0.0014303095082545446,7.747502887350698e-05,0.0014438607
807,0.001389414359194537,0.001389414359194537,6.704069399989674e-05,0.0015199698
808,0.0013159504406050676,0.0013159504406050676,7.96082639842963e-05,0.0016132349
809,0.0013200123199365206,0.0013200123199365206,9.226624052516286e-05,0.0016385027
810,0.0014061920965711275,0.0014061920965711275,9.245516636029707e-05,0.0014922379
811,0.0014322844204596348,0.0014322844204596348,8.640593842955803e-05,0.0015665581
812,0.0013696050711183084,0.0013696050711183084,0.00011316319246949844,0.0014725081
813,0.0013592951672358644,0.0013592951672358644,0.00011311664643345567,0.0013856434
814,0.0013271348602655862,0.0013271348602655862,0.00010184177491352228,0.0014882837
815,0.001398250957330068,0.001398250957330068,9.679246940853166e-05,0.0013600728
816,0.0012799451166453462,0.0012799451166453462,7.250128629405278e-05,0.0016679373
817,0.0015088302898220718,0.0015088302898220718,0.00010186294059369376,0.0019057613
818,0.001384208813154449,0.001384208813154449,0.00010007272213180664,0.0014852799
819,0.0014191338740703132,0.0014191338740703132,0.00012851618726522754,0.0013554477
820,0.0014393898373883632,0.0014393898373883632,0.0001050899075254266,0.0016162198
821,0.001316292243750973,0.001316292243750973,8.198108598386334e-05,0.0015774488
822,0.0014508492960077194,0.0014508492960077194,0.0001171757855268475,0.0015964031
823,0.0015479957348563606,0.0015479957348563606,0.00010205464667889272,0.0014210851
824,0.001457193770652844,0.001457193770652844,0.00011389864434821422,0.0014690108
825,0.001412961735493607,0.001412961735493607,0.00015258269728898692,0.0020404875
826,0.0013467066106386482,0.0013467066106386482,9.96376002806048e-05,0.001319936
827,0.0012162902482992246,0.0012162902482992246,6.036804904599396e-05,0.001462199
828,0.0012649192940443754,0.0012649192940443754,7.239249915755864e-05,0.0013532899
829,0.0014465722281278835,0.0014465722281278835,0.00011254875639844878,0.0015192352
830,0.0012729113455861806,0.0012729113455861806,9.089036698242125e-05,0.0013927327
831,0.0013854950355986753,0.0013854950355986753,8.739986088433701e-05,0.0015357728
832,0.0016861554571530886,0.0016861554571530886,0.0001449732144635026,0.001584718
833,0.001383706202937497,0.001383706202937497,9.736300198710523e-05,0.0013979691
834,0.0014242208847362135,0.0014242208847362135,0.0001282549016121632,0.0014474285
835,0.0015203936801602444,0.0015203936801602444,0.00012786874820199678,0.001702483
836,0.001356399270136737,0.001356399270136737,9.617007931860637e-05,0.0012947797
837,0.0012443337369606726,0.0012443337369606726,0.00010094678005745866,0.0014626352
838,0.0015321992467054063,0.0015321992467054063,8.075512856369945e-05,0.0015056636
839,0.0012848111749109296,0.0012848111749109296,7.887873238211619e-05,0.0015633429
840,0.0012763569635959964,0.0012763569635959964,8.443420178739163e-05,0.0013839885
841,0.001234329696227279,0.001234329696227279,9.228773172426436e-05,0.0016448125
842,0.0013118673581629992,0.0013118673581629992,8.098886220358913e-05,0.0014349782
843,0.0012852965388447045,0.0012852965388447045,8.077698550050993e-05,0.0016693375
844,0.0013707643310125503,0.0013707643310125503,7.118845097030165e-05,0.001451145
845,0.0013771297461870643,0.0013771297461870643,0.00012278426150689686,0.0017100633
846,0.0015699124933841327,0.0015699124933841327,7.582485568001908e-05,0.0015006595
847,0.0014377050955469409,0.0014377050955469409,0.0001050845982299394,0.0016068683
848,0.0014625528025337391,0.0014625528025337391,8.791041077529371e-05,0.0014982866
849,0.0013603938859887421,0.0013603938859887421,0.00011250650830621427,0.0015273767
850,0.001287340055892451,0.001287340055892451,9.940496684031075e-05,0.0015717646
851,0.0013171186153259542,0.0013171186153259542,0.00011289770069803733,0.0017483622
852,0.0014770661558335025,0.0014770661558335025,9.190043697407823e-05,0.0013860156
853,0.0012575416748101512,0.0012575416748101512,9.06770420568945e-05,0.001502319
854,0.0013402114790450367,0.0013402114790450367,7.094333975096055e-05,0.0015348677
855,0.0014336915221065283,0.0014336915221065283,0.0001195940468720538,0.0015697518
856,0.0013601493323221804,0.0013601493323221804,8.503937981869411e-05,0.0015384888
857,0.0014198286109603942,0.0014198286109603942,9.210857055658531e-05,0.0014940317
858,0.0013803366959715883,0.0013803366959715883,9.42156077068527e-05,0.0013807082
859,0.0015942412092246944,0.0015942412092246944,9.100722857056099e-05,0.001334221
860,0.001251870731357485,0.001251870731357485,9.013544335469229e-05,0.0014275439
861,0.0014781720574117369,0.0014781720574117369,9.241104884583567e-05,0.0015850014
862,0.001293388848555171,0.001293388848555171,8.419422159136047e-05,0.0016312777
863,0.0013135677345821428,0.0013135677345821428,8.504228206523597e-05,0.0015670031
864,0.0013150790240615607,0.0013150790240615607,7.433756738919328e-05,0.0016112305
865,0.0013244036895533402,0.0013244036895533402,8.344187243088817e-05,0.0014359152
866,0.001221014475191219,0.001221014475191219,8.592691384114756e-05,0.0013998883
867,0.0013215151486090488,0.0013215151486090488,7.439422118914586e-05,0.0016675002
868,0.0015279676338347296,0.0015279676338347296,0.00010865238383530595,0.001496986
869,0.0012624028863178359,0.0012624028863178359,9.19668486858427e-05,0.0013417932
870,0.001386521556155963,0.001386521556155963,0.00010733548983749008,0.0018328432
871,0.001395201108728846,0.001395201108728846,0.00011831960556239412,0.0013728418
872,0.0013269656687043608,0.0013269656687043608,8.456143893421518e-05,0.0015908837
873,0.00122315119434562,0.00122315119434562,8.265223816516078e-05,0.001339277
874,0.0013153933622460398,0.0013153933622460398,8.41687687305242e-05,0.0015411441
875,0.0013571456812011698,0.0013571456812011698,8.794514626199795e-05,0.0018986813
876,0.0013664156715903018,0.0013664156715903018,0.00010207681123708154,0.001382894
877,0.0014217801366208328,0.0014217801366208328,9.482899100829754e-05,0.0017187401
878,0.0014608523291018275,0.0014608523291018275,0.00011655169682189579,0.0015661553
879,0.0012882627313956618,0.0012882627313956618,9.403567607427654e-05,0.0013048196
880,0.001366409144571258,0.001366409144571258,7.909484301712331e-05,0.001600738
881,0.0012708116684936816,0.0012708116684936816,7.1228565442046e-05,0.00156606
882,0.0014211842143494221,0.0014211842143494221,8.781057230306841e-05,0.0015955844
883,0.0016332939435313974,0.0016332939435313974,0.00015470513918616695,0.0017938388
884,0.0015602331918974717,0.0015602331918974717,0.00010449320320225929,0.0016224572
885,0.0015196015204613407,0.0015196015204613407,9.265621951928753e-05,0.0013363718
886,0.0013398282773171863,0.0013398282773171863,0.00010258350213155785,0.0015215188
887,0.0014027769767886234,0.0014027769767886234,0.00011264855902734579,0.0018901327
888,0.0014943508922846782,0.0014943508922846782,0.00015609682619570876,0.0017267452
889,0.0013407354708760977,0.0013407354708760977,8.484594159296045e-05,0.0015100299
890,0.0013434628658514057,0.0013434628658514057,0.00012746612729744002,0.0013955737
891,0.0013733983389101923,0.0013733983389101923,0.00012805258543661718,0.0016274414
892,0.0013004014967009426,0.0013004014967009426,0.00010429398929166686,0.0016706478
893,0.0013273422968470387,0.0013273422968470387,7.929473977381147e-05,0.0013871934
894,0.001476209023449984,0.001476209023449984,9.864952555736927e-05,0.0014374903
895,0.0012833618740033773,0.0012833618740033773,8.793937611244474e-05,0.0014580995
896,0.0012657049836383926,0.0012657049836383926,8.918737594876763e-05,0.0017057793
897,0.0014084693626500665,0.0014084693626500665,9.576590495549276e-05,0.0018294116
898,0.0014162817711217536,0.0014162817711217536,8.906543825130737e-05,0.001657854
899,0.0015590193526198468,0.0015590193526198468,9.01956289036813e-05,0.0016554496
900,0.001388660883013573,0.001388660883013573,8.347947079730349e-05,0.0014420272
901,0.0013169829487904077,0.0013169829487904077,8.849961590346764e-05,0.001665034
902,0.0013410592451691627,0.0013410592451691627,7.16368238558967e-05,0.0013140793
903,0.0012220445399483044,0.0012220445399483044,6.905925922006241e-05,0.0019117793
904,0.001292997712476386,0.001292997712476386,0.00011271540290320243,0.001367234
905,0.0012881062407460477,0.0012881062407460477,0.00010024473944364824,0.0015714038
906,0.0013007198175829318,0.0013007198175829318,0.00010162034135924437,0.0013543977
907,0.0014558989580513702,0.0014558989580513702,9.341204706411569e-05,0.0013698289
908,0.0013766422337438498,0.0013766422337438498,0.00011679310486493301,0.0015591433
909,0.0013776200435434778,0.0013776200435434778,0.0001274866921181999,0.0014450863
910,0.0014401506981812418,0.0014401506981812418,9.102971583969419e-05,0.0017852318
911,0.0015255477538125384,0.0015255477538125384,9.786605489566903e-05,0.0014199625
912,0.002015171870071855,0.002015171870071855,0.00013114858503134505,0.0017739884
913,0.0013944702261748413,0.0013944702261748413,0.000106277867095154,0.001417023
914,0.0012832433334551752,0.0012832433334551752,9.555365803256184e-05,0.0014002667
915,0.0014842044898412295,0.0014842044898412295,0.00011167810174015358,0.0015779089
916,0.0012242650432098244,0.0012242650432098244,9.015494759946957e-05,0.0012534391
917,0.0012594663939024839,0.0012594663939024839,9.313796840962773e-05,0.0014652235
918,0.001302746308243109,0.001302746308243109,9.115355307282395e-05,0.0014330875
919,0.0012728707851945526,0.0012728707851945526,8.299017340631406e-05,0.0016112758
920,0.0013365063764568831,0.0013365063764568831,8.084779557167268e-05,0.0020559523
921,0.001483393873139802,0.001483393873139802,0.00012328277079834353,0.0013499084
922,0.0012568639720686608,0.0012568639720686608,7.228775647389638e-05,0.001711546
923,0.0013438352978684836,0.0013438352978684836,0.00012661483118626233,0.0013231568
924,0.0012890271700194311,0.0012890271700194311,8.384197961484535e-05,0.0013421333
925,0.0013821221784585053,0.0013821221784585053,8.177951335710531e-05,0.0014983184
926,0.001392764097545296,0.001392764097545296,8.67418729917012e-05,0.00190866
927,0.0012796826039751371,0.0012796826039751371,7.895289350463328e-05,0.0015916458
928,0.0012976556395490964,0.0012976556395490964,7.926074734238379e-05,0.0015051888
929,0.001411823958106753,0.001411823958106753,9.853815208108093e-05,0.0016025819
930,0.0012662905734032392,0.0012662905734032392,9.862714956878133e-05,0.0014995473
931,0.0012569522937863238,0.0012569522937863238,9.535913996351218e-05,0.0013700507
932,0.0012728431546646687,0.0012728431546646687,6.864728759662992e-05,0.0019789338
933,0.0013681127844999235,0.0013681127844999235,0.00015175162036421675,0.0015516613
934,0.0012889079969479805,0.0012889079969479805,9.972058214234242e-05,0.0013846961
935,0.0014770299959410396,0.0014770299959410396,6.687896735242147e-05,0.0015059459
936,0.0013084068208829396,0.0013084068208829396,9.709143919028268e-05,0.0013295811
937,0.0013557244738977817,0.0013557244738977817,8.548465554491082e-05,0.0014595295
938,0.0014168797086717355,0.0014168797086717355,7.389434054832438e-05,0.0014326804
939,0.0012986426836707526,0.0012986426836707526,7.428716954286251e-05,0.001517689
940,0.001367715526268714,0.001367715526268714,9.529849300078139e-05,0.0013996011
941,0.0011986242620170943,0.0011986242620170943,7.447076898304693e-05,0.0013798181
942,0.0012660972321302526,0.0012660972321302526,8.99247626926404e-05,0.0016308117
943,0.0013424706063233315,0.0013424706063233315,0.00010837223233390129,0.0013422094
944,0.00128672301200115,0.00128672301200115,6.0800202937193336e-05,0.0018124995
945,0.0013951132759555346,0.0013951132759555346,0.00014444735794540974,0.0019144163
946,0.0016421011416241527,0.0016421011416241527,0.00012399356695830873,0.0016492404
947,0.0013203301880922583,0.0013203301880922583,8.008820090298722e-05,0.001435852
948,0.0014924683258868755,0.0014924683258868755,7.90553083731993e-05,0.0017017574
949,0.00144165080661575,0.00144165080661575,8.624313918382932e-05,0.0016338555
950,0.001429164943854428,0.001429164943854428,0.00013139588675209604,0.001398394
951,0.0013535285381496781,0.0013535285381496781,0.00010434492027747588,0.0015560201
952,0.0014143672254350451,0.0014143672254350451,9.160867175460731e-05,0.001608836
953,0.0013533333976132175,0.0013533333976132175,9.616425491824683e-05,0.0013264308
954,0.0012703922409046855,0.0012703922409046855,8.507134616024814e-05,0.0015398143
955,0.001571648408814023,0.001571648408814023,9.803757075369883e-05,0.001651081
956,0.0014239984667963452,0.0014239984667963452,8.755474355742384e-05,0.001505995
957,0.0014139285996659762,0.0014139285996659762,0.00010673955876730664,0.0018099002
958,0.0014359892721080947,0.0014359892721080947,0.00014198506164070243,0.001482443
959,0.0013713554220481051,0.0013713554220481051,6.890249693975016e-05,0.0018966667
960,0.0013654340951082607,0.0013654340951082607,9.404595666385123e-05,0.0015403851
961,0.0013735082078104217,0.0013735082078104217,0.00010873062349140305,0.0015129982
962,0.0013554346476060649,0.0013554346476060649,0.00011414069810295283,0.001423303
963,0.001461142332603534,0.001461142332603534,0.00012933722786462692,0.0019867956
964,0.0015312353627652759,0.0015312353627652759,0.00011488624817101507,0.0014261121
965,0.0012827661793885958,0.0012827661793885958,8.203550034156454e-05,0.0014826037
966,0.0012703943001623782,0.0012703943001623782,6.421715173357731e-05,0.0014970968
967,0.0013076724756198625,0.0013076724756198625,8.999796926174339e-05,0.0015417758
968,0.0013282913455946578,0.0013282913455946578,8.466915884734287e-05,0.0014668433
969,0.0013488132946400178,0.0013488132946400178,8.992313861995171e-05,0.0014035295
970,0.0014814033198894726,0.0014814033198894726,0.00015278331621249524,0.0016533299
971,0.0013493384428632756,0.0013493384428632756,0.00011098166820728592,0.0015192538
972,0.0014212178066372871,0.0014212178066372871,0.00012899154415638096,0.0014909013
973,0.0016443578008976248,0.0016443578008976248,0.0001382646758930011,0.0013279599
974,0.0013070535212237801,0.0013070535212237801,9.63452763242698e-05,0.0013668863
975,0.0013187983564825522,0.0013187983564825522,8.379384840837803e-05,0.0014910128
976,0.0016897077141847048,0.0016897077141847048,0.00010758721674398607,0.0016146031
977,0.0013993724339848592,0.0013993724339848592,8.456964753267786e-05,0.0016159513
978,0.0014566072844900192,0.0014566072844900192,0.00011859975116218872,0.0015424988
979,0.001238664569488416,0.001238664569488416,7.094354740881197e-05,0.0014609795
980,0.0012445976168641614,0.0012445976168641614,6.760183052342148e-05,0.0014090495
981,0.0013437190623436536,0.0013437190623436536,9.221570421055326e-05,0.0014159329
982,0.0014425965815058185,0.0014425965815058185,8.729105376738112e-05,0.0014311154
983,0.0012759277726420099,0.0012759277726420099,0.00010619302191293577,0.0015406981
984,0.0012887123234880467,0.0012887123234880467,8.550433543079963e-05,0.0015107191
985,0.0012174862786196172,0.0012174862786196172,0.00010301721704602714,0.001517692
986,0.0011769550554971728,0.0011769550554971728,7.02836332951367e-05,0.0013792034
987,0.0013231259809496502,0.0013231259809496502,0.00011340746803038353,0.0017081494
988,0.001303846508057581,0.001303846508057581,9.471710399995774e-05,0.0014063937
989,0.0012626861817099982,0.0012626861817099982,6.386473640421405e-05,0.0013110621
990,0.0013787106378003954,0.0013787106378003954,0.00011370098012611784,0.0015785592
991,0.0014126840357979139,0.0014126840357979139,8.484714874915275e-05,0.0016594908
992,0.001288435046768023,0.001288435046768023,8.836720912073462e-05,0.0016174442
993,0.0014468784068918062,0.0014468784068918062,9.43845451173628e-05,0.0013230476
994,0.001265850915418317,0.001265850915418317,0.00010303122992543952,0.0015396287
995,0.0015005896980356838,0.0015005896980356838,0.00011224807662786576,0.0020759576
996,0.0014793675483411384,0.0014793675483411384,6.402164717024384e-05,0.0014104017
997,0.0012819049194351666,0.0012819049194351666,9.043961656516331e-05,0.0012547675
998,0.0012525804004528457,0.0012525804004528457,8.511021595849241e-05,0.0014797944
999,0.0012457176202183796,0.0012457176202183796,8.41393091011216e-05,0.0014703033
1000,0.0014454175239532359,0.0014454175239532359,0.00010768999090105227,0.0018219958
1001,0.0014186479306469361,0.0014186479306469361,0.00012572367113029435,0.00140873
1002,0.0012578933706714048,0.0012578933706714048,8.369091110327847e-05,0.0015025204
1003,0.0012544151835350527,0.0012544151835350527,8.28607440426923e-05,0.0019064038
1004,0.001312863192934957,0.001312863192934957,7.999555510432731e-05,0.0015427861
1005,0.0012532310185229612,0.0012532310185229612,8.961962411346589e-05,0.0016053035
1006,0.001468771821560545,0.001468771821560545,7.755400922380634e-05,0.0016978151
1007,0.0015513273033623894,0.0015513273033623894,9.468798571895654e-05,0.0017561661
1008,0.0013919150405046013,0.0013919150405046013,0.00011156963257942859,0.0014828023
1009,0.0012292348417556947,0.0012292348417556947,8.330180699702951e-05,0.0013723521
1010,0.0013947628774783677,0.0013947628774783677,8.403920411457951e-05,0.0014123493
1011,0.0012490157219063904,0.0012490157219063904,6.924347092733818e-05,0.0016598111
1012,0.0012962561152461503,0.0012962561152461503,0.00010226382856457248,0.0014128678
1013,0.0013125963780718545,0.0013125963780718545,7.845611421133627e-05,0.0013510208
1014,0.0012562904157675803,0.0012562904157675803,8.135076399398144e-05,0.0014018096
1015,0.0012702290874181523,0.0012702290874181523,6.125430265784518e-05,0.0013904801
1016,0.0011997396553245683,0.0011997396553245683,8.093323667755689e-05,0.0016702005
1017,0.0013689383735052414,0.0013689383735052414,8.528211553923724e-05,0.001394853
1018,0.0013281630002893508,0.0013281630002893508,8.892077979301878e-05,0.0014311932
1019,0.0012810554924524492,0.0012810554924524492,6.653661217599607e-05,0.0018072202
1020,0.00140422334920408,0.00140422334920408,8.848266515239326e-05,0.001540772
1021,0.0013107986887916923,0.0013107986887916923,0.00011542125981702295,0.0014595379
1022,0.0012972724041901528,0.0012972724041901528,6.919052134624811e-05,0.0014112545
1023,0.0012317537950972716,0.0012317537950972716,7.769372112736366e-05,0.0014367716
1024,0.001262621550510327,0.001262621550510327,8.2516504664909e-05,0.0013395838
1025,0.0012881421484053136,0.0012881421484053136,0.00012664203504755278,0.0015411058
1026,0.0014774064352321957,0.0014774064352321957,0.00010462247640762436,0.0016108457
1027,0.0015345860932332773,0.0015345860932332773,7.778754788982194e-05,0.0014488578
1028,0.0015295064658857882,0.0015295064658857882,9.341746242373322e-05,0.001959955
1029,0.0012924038261796038,0.0012924038261796038,8.792775543105967e-05,0.0014906889
1030,0.0012840519439325565,0.0012840519439325565,8.438212034383873e-05,0.001594774
1031,0.00134718697776811,0.00134718697776811,7.780685021872261e-05,0.0014698784
1032,0.0012106131024969121,0.0012106131024969121,7.215134951518523e-05,0.0013769249
1033,0.0013259494586640762,0.0013259494586640762,0.00011309793218161859,0.0017761715
1034,0.001397034616416527,0.001397034616416527,7.16797394160393e-05,0.0014973377
1035,0.001327214042086982,0.001327214042086982,0.0001133825785101498,0.0017683594
1036,0.0014146889986780783,0.0014146889986780783,9.436805409287608e-05,0.001953085
1037,0.0014042418734687898,0.0014042418734687898,8.142369359802615e-05,0.0014509538
1038,0.001293072096693019,0.001293072096693019,0.00010275731645682147,0.0014308768
1039,0.0013091797707602381,0.0013091797707602381,7.967600550323873e-05,0.0015858149
1040,0.0012161024548630747,0.0012161024548630747,7.935360737717623e-05,0.0014752882
1041,0.0013196513871662318,0.0013196513871662318,8.381547608090992e-05,0.0016546798
1042,0.0012858664228891333,0.0012858664228891333,0.0001191503885751091,0.0014706594
1043,0.001222372466387848,0.001222372466387848,8.99244670102285e-05,0.0013779525
1044,0.0013181464306803213,0.0013181464306803213,9.291831284422693e-05,0.0018433274
1045,0.0013165515407712923,0.0013165515407712923,8.682309742940536e-05,0.0014782306
1046,0.0012408870712129606,0.0012408870712129606,9.016778697275758e-05,0.0013790177
1047,0.0012458269872392218,0.0012458269872392218,8.910966888227752e-05,0.0013790515
1048,0.0012148594380252892,0.0012148594380252892,7.413382885361999e-05,0.0013474468
1049,0.0013099507519250943,0.0013099507519250943,8.71025250491147e-05,0.0015373923
1050,0.0013270085379998716,0.0013270085379998716,9.162499733853401e-05,0.0014946739
1051,0.0012955009639780554,0.0012955009639780554,9.44815930409959e-05,0.0015326967
1052,0.0012470129023616514,0.0012470129023616514,8.304253209543176e-05,0.0014765863
1053,0.0015259735079275237,0.0015259735079275237,0.00011334081722936694,0.0017220357
1054,0.0013503839106609424,0.0013503839106609424,9.922244922159331e-05,0.0015168076
1055,0.0012837440241128205,0.0012837440241128205,9.983562123036589e-05,0.0015007837
1056,0.001237937064272248,0.001237937064272248,5.951878905155657e-05,0.0013358729
1057,0.0012941218317589825,0.0012941218317589825,6.427713756870111e-05,0.0015431897
1058,0.0013656231393623683,0.0013656231393623683,8.82923263671071e-05,0.0015671719
1059,0.0012768165363619725,0.0012768165363619725,7.264864948520374e-05,0.0013315752
1060,0.0014189079442682366,0.0014189079442682366,9.448870096725335e-05,0.0014581927
1061,0.0013474893717405696,0.0013474893717405696,0.00010345169168852506,0.0014184066
1062,0.0013016772547012401,0.0013016772547012401,7.441867248366583e-05,0.001496748
1063,0.0014478279575188128,0.0014478279575188128,0.0001040414936855743,0.0016929669
1064,0.0013621840302625464,0.0013621840302625464,9.779791909677963e-05,0.0016911352
1065,0.0013037238890926043,0.0013037238890926043,8.921818776141461e-05,0.0014586895
1066,0.0013405143347982732,0.0013405143347982732,0.00014905162227925534,0.0014286475
1067,0.001253602661502858,0.001253602661502858,7.846025880174542e-05,0.0015028529
1068,0.0012937578954733907,0.0012937578954733907,0.00011373866543888451,0.001557031
1069,0.0013591880198671586,0.0013591880198671586,7.673383586879684e-05,0.0014428477
1070,0.0013853089741638137,0.0013853089741638137,9.877768775265534e-05,0.0013640288
1071,0.0013646148688470324,0.0013646148688470324,8.03764370950767e-05,0.0017677038
1072,0.0012776603676482208,0.0012776603676482208,8.34499823105893e-05,0.001405141
1073,0.0013217758322652015,0.0013217758322652015,0.00012382543270885233,0.0014519717
1074,0.001330098260142323,0.001330098260142323,0.00011447712331068437,0.0014863376
1075,0.0013098629113907614,0.0013098629113907614,7.461951537257347e-05,0.0014191373
1076,0.001313977151746965,0.001313977151746965,7.79100816266186e-05,0.0014798465
1077,0.0013510595179266399,0.0013510595179266399,0.00010283272854899729,0.0013641149
1078,0.0012908381409943103,0.0012908381409943103,8.655740290424769e-05,0.0013470007
1079,0.001360786992073473,0.001360786992073473,0.0001057958456578313,0.0014871352
1080,0.0012093009465994934,0.0012093009465994934,6.909944808539435e-05,0.0014410799
1081,0.0012309064441877935,0.0012309064441877935,7.577823896996153e-05,0.0015411486
1082,0.001256644538241542,0.001256644538241542,6.613872472169331e-05,0.0014435435
1083,0.0012241935693762369,0.0012241935693762369,7.08697915188831e-05,0.0014296885
1084,0.0013071353133353922,0.0013071353133353922,9.780086031615717e-05,0.001496002
1085,0.0013117087681570815,0.0013117087681570815,0.0001021791576325389,0.001591177
1086,0.002495153600143062,0.002495153600143062,0.00011144732914722893,0.021156117
1087,0.014153361066968904,0.014153361066968904,0.0007715883075268061,0.0071844007
1088,0.0032442862840576306,0.0032442862840576306,0.00025493003048811464,0.001644008
1089,0.0014735921958668363,0.0014735921958668363,0.00013910233587416263,0.0014847061
1090,0.001382365487774627,0.001382365487774627,9.847522853366147e-05,0.0016739466
1091,0.0014071390821805431,0.0014071390821805431,0.00012328292895189306,0.001385055
1092,0.00134002165739528,0.00134002165739528,0.00011520315797211022,0.0018527332
1093,0.001356331811338249,0.001356331811338249,0.00010595764395904755,0.0014333326
1094,0.0013368286748623682,0.0013368286748623682,8.661480448558399e-05,0.001448584
1095,0.001395655171169589,0.001395655171169589,8.39034249679571e-05,0.0013627069
1096,0.0012487108469940722,0.0012487108469940722,8.076272640601524e-05,0.0014045989
1097,0.0013763884082436562,0.0013763884082436562,0.00011159759429170258,0.0017268441
1098,0.0012893064283869332,0.0012893064283869332,0.0001034550175815083,0.0013510375
1099,0.0012690362869761883,0.0012690362869761883,9.051557705611736e-05,0.0017760878
1100,0.0012624522735778657,0.0012624522735778657,6.404968498953975e-05,0.0013251959
1101,0.001223940583359864,0.001223940583359864,7.277468184921551e-05,0.0014372703
1102,0.0012833352239492038,0.0012833352239492038,7.62425391209989e-05,0.0014861507
1103,0.0013109388800027469,0.0013109388800027469,9.461620099197414e-05,0.0017637643
1104,0.0012562236696895626,0.0012562236696895626,0.00012005311114459498,0.0013603067
1105,0.0012947008181880746,0.0012947008181880746,8.359087272411772e-05,0.0014640866
1106,0.001286448771134019,0.001286448771134019,8.937227757807401e-05,0.0014146068
1107,0.0013068825187575485,0.0013068825187575485,8.276558666532688e-05,0.0014053513
1108,0.0012566461628820333,0.0012566461628820333,7.278986821448698e-05,0.0015342109
1109,0.0013071743396317792,0.0013071743396317792,6.83180117726402e-05,0.0014075402
1110,0.0012648312724195421,0.0012648312724195421,9.013217560007231e-05,0.0013460731
1111,0.001221967852001803,0.001221967852001803,7.80987719903376e-05,0.001479855
1112,0.0013574077954722776,0.0013574077954722776,0.00010241934413607446,0.0016958961
1113,0.0012970159308881395,0.0012970159308881395,7.481727384291364e-05,0.0013820765
1114,0.0012065648812697165,0.0012065648812697165,7.625315395469241e-05,0.0013322865
1115,0.0013456509500328038,0.0013456509500328038,0.00010091145572115323,0.0013754343
1116,0.0014190856367349626,0.0014190856367349626,8.531019321746195e-05,0.0017468057
1117,0.0012657061270955536,0.0012657061270955536,6.999388668494551e-05,0.0013902232
1118,0.0013908020337112248,0.0013908020337112248,0.00011458164109714945,0.0013728373
1119,0.0014057006091914243,0.0014057006091914243,0.00011655496848561597,0.0014318833
1120,0.0014042818116851978,0.0014042818116851978,7.916611515004965e-05,0.0014281927
1121,0.0013456868758011196,0.0013456868758011196,9.819872471755136e-05,0.0013619241
1122,0.0013472474995069206,0.0013472474995069206,6.135969593812105e-05,0.0015642153
1123,0.00133557467488572,0.00133557467488572,0.00010684303554190984,0.0016568203
1124,0.0013159600384016004,0.0013159600384016004,0.00011616529130241323,0.001268581
1125,0.0013777321993580294,0.0013777321993580294,5.316332183408829e-05,0.0013947528
1126,0.0013105437793355021,0.0013105437793355021,0.000102584160945539,0.0014518393
1127,0.0013535366419495808,0.0013535366419495808,7.889353589784302e-05,0.0016812243
1128,0.0013712237058724794,0.0013712237058724794,7.898416798316612e-05,0.0014570071
1129,0.0013636395555093057,0.0013636395555093057,9.252674794500612e-05,0.0013667445
1130,0.0013304506971811255,0.0013304506971811255,8.671103424862597e-05,0.0016491429
1131,0.0013755288104423218,0.0013755288104423218,0.00010006327295728726,0.0015310319
1132,0.0013741529908859068,0.0013741529908859068,0.00013986841202151052,0.0014675946
1133,0.0012441996058138707,0.0012441996058138707,8.218561050025781e-05,0.0016793824
1134,0.0013427321229957873,0.0013427321229957873,8.81187377905077e-05,0.0013897833
1135,0.0013396752804207305,0.0013396752804207305,9.070445692789993e-05,0.0013524666
1136,0.0012113143133723901,0.0012113143133723901,6.756473592746361e-05,0.0013237987
1137,0.0012232063441640802,0.0012232063441640802,7.521125518539722e-05,0.0014141527
1138,0.0012349062146515483,0.0012349062146515483,8.85496620494703e-05,0.0014730032
1139,0.0013007012829701933,0.0013007012829701933,9.30285209292947e-05,0.0013904049
1140,0.0012802141020074487,0.0012802141020074487,9.864835947708015e-05,0.0013029055
1141,0.0013174004115474721,0.0013174004115474721,0.00011487614029874749,0.0014978311
1142,0.0012548198845858374,0.0012548198845858374,6.13772050057193e-05,0.0014291431
1143,0.0013144792458559904,0.0013144792458559904,9.562870034156075e-05,0.0013342734
1144,0.001263636600277904,0.001263636600277904,7.38327448734329e-05,0.0014138961
1145,0.0013014612525391082,0.0013014612525391082,7.814425783973573e-05,0.0016800683
1146,0.0013313290430232883,0.0013313290430232883,8.147447357360862e-05,0.0013888531
1147,0.0013608708240402242,0.0013608708240402242,9.138232485976043e-05,0.0012676924
1148,0.0012554964205871025,0.0012554964205871025,7.392475696406109e-05,0.0014579818
1149,0.0015026620459846324,0.0015026620459846324,9.358962026719079e-05,0.0014883496
1150,0.0013401400272010102,0.0013401400272010102,8.68661797565235e-05,0.0014101899
1151,0.0012095556555626293,0.0012095556555626293,7.416808108852516e-05,0.0013621805
1152,0.00121531057326744,0.00121531057326744,6.266530898331426e-05,0.0014345318
1153,0.0012474920225536658,0.0012474920225536658,9.590879211921354e-05,0.0018329208
1154,0.0012953907820499606,0.0012953907820499606,9.214245565319048e-05,0.0014001137
1155,0.0012999930975234344,0.0012999930975234344,8.087357621807061e-05,0.001498614
1156,0.0012155823073246412,0.0012155823073246412,8.105974869813003e-05,0.0013530158
1157,0.0013075779968251785,0.0013075779968251785,8.729930101970416e-05,0.0014198935
1158,0.0012851673889801734,0.0012851673889801734,8.39026825177669e-05,0.0018016775
1159,0.0017197753846024473,0.0017197753846024473,0.00015001038620741586,0.0014491667
1160,0.001283019204210076,0.001283019204210076,7.320692525638605e-05,0.0016316018
1161,0.001429461255773074,0.001429461255773074,9.46202331971809e-05,0.0017474375
1162,0.0013016303108694652,0.0013016303108694652,0.00010232404880462632,0.0013766993
1163,0.0013195896223704847,0.0013195896223704847,0.0001170053481235161,0.0016787681
1164,0.0013503856517167556,0.0013503856517167556,9.435658822414755e-05,0.0013797282
1165,0.0012058313767839637,0.0012058313767839637,8.136113674987024e-05,0.0013899995
1166,0.0014679941167641017,0.0014679941167641017,6.450489623956754e-05,0.0019314605
1167,0.0012993005039687786,0.0012993005039687786,9.491097366954982e-05,0.0014648449
1168,0.0012565360107045208,0.0012565360107045208,7.459876632841164e-05,0.0013926683
1169,0.0012123401975259185,0.0012123401975259185,7.514071613378014e-05,0.0014063634
1170,0.0012887905442362858,0.0012887905442362858,9.857009397001725e-05,0.0014929418
1171,0.0012065013262650204,0.0012065013262650204,7.506893489019401e-05,0.0014533938
1172,0.001324807604153951,0.001324807604153951,0.00010650663603478784,0.0017634067
1173,0.0013093244530157082,0.0013093244530157082,9.314069646999298e-05,0.0014870018
1174,0.0013276410715964933,0.0013276410715964933,7.708822749918909e-05,0.0013261564
1175,0.0012279894047727187,0.0012279894047727187,9.212282912002638e-05,0.0014862831
1176,0.0013797093622593417,0.0013797093622593417,7.339704757972262e-05,0.0020467015
1177,0.0013976166969061725,0.0013976166969061725,0.00012427002912306485,0.0016191821
1178,0.0013731319431422484,0.0013731319431422484,0.00011080839603966947,0.0016105366
1179,0.0013193492415464587,0.0013193492415464587,0.00010316289351774483,0.0018992207
1180,0.0012891840474266146,0.0012891840474266146,0.00011371515506021347,0.0017638565
1181,0.001318575572481172,0.001318575572481172,9.069852123767911e-05,0.0013725024
1182,0.0012699832570635611,0.0012699832570635611,9.991541764185917e-05,0.0017796484
1183,0.0015187039272859693,0.0015187039272859693,0.00014143023048670422,0.0015775728
1184,0.0013409620952895946,0.0013409620952895946,0.00010088491506255397,0.0015293162
1185,0.0014457351967899336,0.0014457351967899336,0.00011163286023092824,0.0015550255
1186,0.0013073259046197765,0.0013073259046197765,8.00842274473881e-05,0.0014183
1187,0.0012944436140565408,0.0012944436140565408,8.906238761817854e-05,0.0015527632
1188,0.0012968883228798708,0.0012968883228798708,9.724794298525316e-05,0.0013789054
1189,0.001328480781780349,0.001328480781780349,9.584700792781101e-05,0.0017004097
1190,0.0013603310346499914,0.0013603310346499914,8.914990667866126e-05,0.0014728543
1191,0.001324754314393633,0.001324754314393633,7.393553396792325e-05,0.0013969922
1192,0.0012491942538569371,0.0012491942538569371,8.426475710372472e-05,0.0015259719
1193,0.0012950695210343433,0.0012950695210343433,9.416242356097529e-05,0.0017271282
1194,0.001417532076852189,0.001417532076852189,8.797974688926995e-05,0.0015737263
1195,0.0013762345485803153,0.0013762345485803153,0.00010675621973111523,0.0017350056
1196,0.0013054161047976879,0.0013054161047976879,0.00010871697538703047,0.0014778319
1197,0.0012284667463973165,0.0012284667463973165,9.5303199075008e-05,0.001251131
1198,0.0013099962819574608,0.0013099962819574608,7.923391409102957e-05,0.0015756995
1199,0.0013149451309194167,0.0013149451309194167,9.879109715787611e-05,0.0014126784
1200,0.0012028734730039207,0.0012028734730039207,6.71610994889117e-05,0.0015542198
1201,0.0014117504961581695,0.0014117504961581695,0.0001348573534837922,0.0017232536
1202,0.0013093124079104099,0.0013093124079104099,8.498783072039058e-05,0.0014785674
1203,0.0012485672913802167,0.0012485672913802167,7.244776411299527e-05,0.0012781492
1204,0.001238166909509649,0.001238166909509649,8.375413190656724e-05,0.0013141616
1205,0.0011904487451021041,0.0011904487451021041,7.561306094695889e-05,0.001460304
1206,0.0013408663747314779,0.0013408663747314779,6.910296310201779e-05,0.0015861798
1207,0.0014875834820688599,0.0014875834820688599,0.0001458873320899359,0.0014113587
1208,0.0012066320490299,0.0012066320490299,0.0001014591042178381,0.001407539
1209,0.0012464435590017174,0.0012464435590017174,7.281022851156986e-05,0.0014706354
1210,0.0012478534985954563,0.0012478534985954563,8.954689004288714e-05,0.0013105816
1211,0.0012671991367824375,0.0012671991367824375,7.722944733477751e-05,0.0014214749
1212,0.0012798114628013637,0.0012798114628013637,8.581479592118306e-05,0.0015317656
1213,0.0013435674688985779,0.0013435674688985779,0.00011381002786821328,0.0014533085
1214,0.0013294156990014017,0.0013294156990014017,0.00010732612486682076,0.0014871161
1215,0.0013407649912147057,0.0013407649912147057,0.00010234804051505206,0.0015682969
1216,0.0013322650105692447,0.0013322650105692447,0.00011112641497877323,0.0016780851
1217,0.001460831821896136,0.001460831821896136,9.95543963224716e-05,0.0018757756
1218,0.0014112562148107422,0.0014112562148107422,9.164417843597524e-05,0.0015245919
1219,0.0013090817982123958,0.0013090817982123958,0.00012126957444643772,0.0014543184
1220,0.001187658600974828,0.001187658600974828,9.22136929006001e-05,0.0014834915
1221,0.0012755195170433985,0.0012755195170433985,8.974880919494252e-05,0.0013686912
1222,0.0013323399923845297,0.0013323399923845297,8.409493244319796e-05,0.0016559698
1223,0.0014377680154413813,0.0014377680154413813,0.00010972300653122602,0.0016248192
1224,0.0013121912682739396,0.0013121912682739396,8.27516647404991e-05,0.0014226437
1225,0.0013001234348242483,0.0013001234348242483,8.654320258124749e-05,0.0013068075
1226,0.0012462741682409413,0.0012462741682409413,7.340103490870812e-05,0.0016327616
1227,0.0014123471091604895,0.0014123471091604895,0.0001060931357137128,0.0014325395
1228,0.001355448383320537,0.001355448383320537,8.894921618194632e-05,0.0013617366
1229,0.0013383025898494655,0.0013383025898494655,5.9950537446152985e-05,0.0013150082
1230,0.0013091824353776045,0.0013091824353776045,9.154036966394744e-05,0.0015855425
1231,0.0012791086363399195,0.0012791086363399195,9.078914739575339e-05,0.001333444
1232,0.0012337072571325634,0.0012337072571325634,9.1064119858528e-05,0.0015582604
1233,0.0012647466087299917,0.0012647466087299917,9.673657772598037e-05,0.0017631503
1234,0.0013379639350912637,0.0013379639350912637,0.00010085341199707424,0.0015435881
1235,0.0013135517520519594,0.0013135517520519594,0.00010197593171849601,0.0013133633
1236,0.0013206108201605578,0.0013206108201605578,0.00010855969658097011,0.001539789
1237,0.0013114191889245477,0.0013114191889245477,8.836689198991918e-05,0.0015890294
1238,0.0012578199216578569,0.0012578199216578569,8.974226647069372e-05,0.0014860273
1239,0.0012978932173508737,0.0012978932173508737,7.846898486087007e-05,0.00159809
1240,0.0012641486957565779,0.0012641486957565779,8.512184456142238e-05,0.0014255794
1241,0.0012448340563827919,0.0012448340563827919,8.255009255309334e-05,0.0014113451
1242,0.0012990778894163668,0.0012990778894163668,8.186480549107323e-05,0.0012939791
1243,0.0013373622631964585,0.0013373622631964585,0.00011496629967950866,0.0014797495
1244,0.0012850324752637081,0.0012850324752637081,0.00011074718659895351,0.0014405624
1245,0.0012943501713582211,0.0012943501713582211,6.47926515880057e-05,0.0013862683
1246,0.001296357496175915,0.001296357496175915,9.332804478929072e-05,0.0014372157
1247,0.001310000968320916,0.001310000968320916,9.022506157458427e-05,0.0015006888
1248,0.0015004734974354505,0.0015004734974354505,0.00012801372310554548,0.0015045435
1249,0.001305635366588831,0.001305635366588831,8.892083805215458e-05,0.0013641961
1250,0.0012507639915889336,0.0012507639915889336,8.836959272160686e-05,0.0012960226
1251,0.0012403024502822923,0.0012403024502822923,6.905825284964824e-05,0.001454775
1252,0.0013882550165160662,0.0013882550165160662,0.00010187886438023005,0.0015703352
1253,0.0012135207963486514,0.0012135207963486514,7.254764150906743e-05,0.0015186855
1254,0.001250229315418336,0.001250229315418336,9.460347682761494e-05,0.0014247423
1255,0.0011998246074654162,0.0011998246074654162,0.00010332800234778006,0.001360739
1256,0.001226760002060069,0.001226760002060069,8.257640674855793e-05,0.0013621337
1257,0.0011958998408065074,0.0011958998408065074,6.933168519430587e-05,0.0014022392
1258,0.0012356110395760171,0.0012356110395760171,9.215600371538851e-05,0.0018327662
1259,0.0013607677279247178,0.0013607677279247178,9.252434252668232e-05,0.0013093966
1260,0.0013432989867093663,0.0013432989867093663,8.34196354832469e-05,0.0015485892
1261,0.0013184694508608017,0.0013184694508608017,7.57518244599156e-05,0.0014187502
1262,0.001302383552926282,0.001302383552926282,6.707123733980956e-05,0.001610147
1263,0.0012656194364858999,0.0012656194364858999,6.599817759200574e-05,0.0013975899
1264,0.0014267559952309563,0.0014267559952309563,0.00011947459720305334,0.0016351519
1265,0.001255442489249011,0.001255442489249011,8.154500554845691e-05,0.0014253604
1266,0.0012837894623064332,0.0012837894623064332,0.00010267564490252173,0.0014948765
1267,0.0012427053259064754,0.0012427053259064754,9.348336589093028e-05,0.0013986303
1268,0.00136737657400469,0.00136737657400469,9.559003473024556e-05,0.0014367758
1269,0.001163959741178486,0.001163959741178486,7.315385577347419e-05,0.0015447295
1270,0.0013151248115011388,0.0013151248115011388,8.716146909999938e-05,0.0013937989
1271,0.0013472814966614048,0.0013472814966614048,0.00011763094689740683,0.0016569641
1272,0.0012502770612223281,0.0012502770612223281,9.239279139466008e-05,0.0015921799
1273,0.001355023578637176,0.001355023578637176,7.939204874421395e-05,0.0015638873
1274,0.0012742148350096412,0.0012742148350096412,6.772812626789143e-05,0.0014081697
1275,0.001212192670856085,0.001212192670856085,7.350935277435787e-05,0.0013990131
1276,0.0013209915784601536,0.0013209915784601536,8.451580643501395e-05,0.0018656715
1277,0.0013400561939407554,0.0013400561939407554,9.930210602407088e-05,0.001337928
1278,0.0012143227232930562,0.0012143227232930562,6.915406984158897e-05,0.0014670904
1279,0.0012343409975680212,0.0012343409975680212,8.545419516142122e-05,0.001367686
1280,0.0013664746113742391,0.0013664746113742391,0.00010351422585743976,0.0013689644
1281,0.0013303470526201029,0.0013303470526201029,9.123024417981975e-05,0.0015118808
1282,0.001366313217052569,0.001366313217052569,9.578844096722606e-05,0.0018688429
1283,0.0012362115977642438,0.0012362115977642438,7.075059489680926e-05,0.0014353906
1284,0.0012271824900785253,0.0012271824900785253,9.051249503484213e-05,0.0015046996
1285,0.0013039853281548454,0.0013039853281548454,6.801018984928674e-05,0.0013702878
1286,0.001205125449794448,0.001205125449794448,6.915743484796622e-05,0.0014134146
1287,0.001259452032132281,0.001259452032132281,8.94125112507835e-05,0.0013910125
1288,0.001283645732069595,0.001283645732069595,6.457695963414759e-05,0.0015111938
1289,0.0013877096715279751,0.0013877096715279751,9.687283997759706e-05,0.0015359474
1290,0.0014223994829484987,0.0014223994829484987,0.00010514432258774933,0.001533513
1291,0.0013043512008152902,0.0013043512008152902,8.005608841889808e-05,0.0014200405
1292,0.0013812196001203524,0.0013812196001203524,0.00011808915076648595,0.0016105955
1293,0.0012859681621193886,0.0012859681621193886,8.33060599319424e-05,0.0016050203
1294,0.0012663854104984138,0.0012663854104984138,0.00011202179212025007,0.0014749827
1295,0.00125778262089524,0.00125778262089524,7.222770329917694e-05,0.0016586941
1296,0.0012402803650022381,0.0012402803650022381,7.295197830391638e-05,0.0014421052
1297,0.001283863762445334,0.001283863762445334,9.829463666548577e-05,0.0014776547
1298,0.0012448793199534218,0.0012448793199534218,8.002585452181342e-05,0.0013743357
1299,0.001148450245252914,0.001148450245252914,7.899054984111192e-05,0.0012645292
1300,0.0012549973545699484,0.0012549973545699484,6.499706354693066e-05,0.001671497
1301,0.0012805171543732285,0.0012805171543732285,8.888053404108279e-05,0.001327516
1302,0.0011873736563656064,0.0011873736563656064,6.755335759104734e-05,0.0016621735
1303,0.0012151170353819098,0.0012151170353819098,7.140635986186478e-05,0.0013138548
1304,0.0012163315162373085,0.0012163315162373085,7.551329000591917e-05,0.001316711
1305,0.0012023538855525354,0.0012023538855525354,7.593153883110265e-05,0.0014328903
1306,0.001161593162558145,0.001161593162558145,6.514774009297576e-05,0.0012969275
1307,0.0012229505344294011,0.0012229505344294011,0.00011909628833690375,0.0014047669
1308,0.0012786887650791969,0.0012786887650791969,9.124403772047016e-05,0.0015217394
1309,0.0012607177357292837,0.0012607177357292837,6.71566577526761e-05,0.0013645419
1310,0.0012561900373030867,0.0012561900373030867,8.149731077019674e-05,0.0013809913
1311,0.0012521354597993194,0.0012521354597993194,7.982826042254802e-05,0.0015149668
1312,0.0013359340101790926,0.0013359340101790926,9.352646145654515e-05,0.0015371629
1313,0.0013013373995717202,0.0013013373995717202,7.05862660677465e-05,0.0016980129
1314,0.0014097386026858455,0.0014097386026858455,7.811310797833926e-05,0.0019967163
1315,0.0013999366162655254,0.0013999366162655254,0.00012829374113203012,0.0015395217
1316,0.001302200731717878,0.001302200731717878,7.736345366851082e-05,0.0013437673
1317,0.001231658888152904,0.001231658888152904,8.535080155904021e-05,0.0012746648
1318,0.0012031584706467886,0.0012031584706467886,7.602119777789795e-05,0.0014291514
1319,0.001236212649382651,0.001236212649382651,7.806243337048121e-05,0.0014715334
1320,0.0012330033583566546,0.0012330033583566546,8.629850706635504e-05,0.0020329321
1321,0.0012944211433124212,0.0012944211433124212,9.265643665672643e-05,0.0012611463
1322,0.0012216555096933412,0.0012216555096933412,5.971059963372956e-05,0.0013911352
1323,0.0012731451864561273,0.0012731451864561273,9.767600786005914e-05,0.0013812925
1324,0.0013093040738668706,0.0013093040738668706,7.315501742495043e-05,0.0014958221
1325,0.0013621032677797807,0.0013621032677797807,9.020117886898839e-05,0.0014633383
1326,0.0013136825058609248,0.0013136825058609248,8.602759890125908e-05,0.0014356988
1327,0.0013633742242948048,0.0013633742242948048,9.571868216928298e-05,0.0015930313
1328,0.0013867063564248383,0.0013867063564248383,9.450710328336874e-05,0.0015706166
1329,0.0013102233461621735,0.0013102233461621735,8.891189892905358e-05,0.0013899736
1330,0.001426295068166736,0.001426295068166736,0.00010485577317417159,0.0018554191
1331,0.0013280571710007885,0.0013280571710007885,9.607990261631332e-05,0.0013790429
1332,0.001289138624108293,0.001289138624108293,9.888305468134857e-05,0.0014424846
1333,0.0012873395423715313,0.0012873395423715313,6.887251648145644e-05,0.001348932
1334,0.0011356511360241307,0.0011356511360241307,6.806712837759379e-05,0.0013111259
1335,0.0012713109569934507,0.0012713109569934507,8.485037644132061e-05,0.0012689746
1336,0.0012887410030493307,0.0012887410030493307,7.27498489393636e-05,0.0016125703
1337,0.0013576531084254384,0.0013576531084254384,0.00010043917936791836,0.0018415191
1338,0.0013339432370331552,0.0013339432370331552,0.00011000468156936449,0.001372384
1339,0.0012078942666347656,0.0012078942666347656,0.00010035857491830471,0.0012900499
1340,0.0011841251294956439,0.0011841251294956439,7.825102004390929e-05,0.0012824521
1341,0.0012093605085586507,0.0012093605085586507,8.524123937705654e-05,0.0013236749
1342,0.0011592379473667179,0.0011592379473667179,7.058531713255434e-05,0.0013010063
1343,0.00120601401431486,0.00120601401431486,7.886577022430983e-05,0.0015411902
1344,0.0012800153370739686,0.0012800153370739686,0.00010975938247510777,0.0015393689
1345,0.001215758997326096,0.001215758997326096,7.742593963584454e-05,0.001403052
1346,0.0012712707303257453,0.0012712707303257453,9.781408806411997e-05,0.0014729992
1347,0.001214119996358123,0.001214119996358123,6.255024591849987e-05,0.0014328948
1348,0.0012336538457829091,0.0012336538457829091,8.390128566209872e-05,0.0015225811
1349,0.001218427572813299,0.001218427572813299,8.026019016508852e-05,0.0013649375
1350,0.0012276826064205831,0.0012276826064205831,0.00010512453136818244,0.0014024132
1351,0.0013404949671692319,0.0013404949671692319,0.00010657303757347513,0.0016161292
1352,0.0012797108903113339,0.0012797108903113339,9.216851453130756e-05,0.0014494255
1353,0.0012372365376601617,0.0012372365376601617,6.98437801302829e-05,0.0013729436
1354,0.0013404816803005007,0.0013404816803005007,9.299294664136445e-05,0.001338927
1355,0.0012574219325971272,0.0012574219325971272,9.682159751112825e-05,0.0014737338
1356,0.0012255135729598503,0.0012255135729598503,8.892231376947081e-05,0.0013023267
1357,0.0012328505425506996,0.0012328505425506996,7.464948458088353e-05,0.0016070289
1358,0.0015436620024653772,0.0015436620024653772,9.073676908491912e-05,0.0013988373
1359,0.0013191718297700086,0.0013191718297700086,0.0001264229355607919,0.0016784248
1360,0.0013180940761230886,0.0013180940761230886,7.394539998636496e-05,0.0013765282
1361,0.0012309090363689596,0.0012309090363689596,6.471739202807845e-05,0.0015328517
1362,0.0012296463919079137,0.0012296463919079137,8.719571665096736e-05,0.0015218664
1363,0.0012258145401978658,0.0012258145401978658,0.00010478923936969093,0.001363097
1364,0.0012671899542005525,0.0012671899542005525,7.728637292751097e-05,0.0016171233
1365,0.0013316352450702753,0.0013316352450702753,0.000130883635041654,0.0013536874
1366,0.001271453833517929,0.001271453833517929,5.6694084118962755e-05,0.0014982391
1367,0.0012172520691011515,0.0012172520691011515,7.142234887346099e-05,0.0014221218
1368,0.0012655431404709817,0.0012655431404709817,7.47366742493859e-05,0.0014322674
1369,0.0012232289002794359,0.0012232289002794359,9.854405617741375e-05,0.0018948298
1370,0.001391124667134136,0.001391124667134136,8.982944738515168e-05,0.0015773339
1371,0.0013457341675853563,0.0013457341675853563,9.133937217024663e-05,0.0014184028
1372,0.0012544763921242621,0.0012544763921242621,6.631360356250424e-05,0.0014914593
1373,0.0012928557802095182,0.0012928557802095182,6.957915122427494e-05,0.0014352696
1374,0.001262284622579399,0.001262284622579399,8.979308601434847e-05,0.0015828662
1375,0.0013254549224964447,0.0013254549224964447,8.212919682238054e-05,0.0012777374
1376,0.001230315855031626,0.001230315855031626,8.829830540919816e-05,0.0013807238
1377,0.0012333011461628809,0.0012333011461628809,7.845448395882057e-05,0.0014423684
1378,0.0012340926009023355,0.0012340926009023355,7.68592134632071e-05,0.0015443023
1379,0.0012734895701416666,0.0012734895701416666,8.403688864543963e-05,0.0013712844
1380,0.0011840322598194082,0.0011840322598194082,6.49773785759712e-05,0.0014818222
1381,0.0012833290642851756,0.0012833290642851756,7.932247045927296e-05,0.0016009369
1382,0.0012827676164710688,0.0012827676164710688,8.195716259741124e-05,0.0013927169
1383,0.001290746343632539,0.001290746343632539,6.71423082205062e-05,0.0013322355
1384,0.0013031034898530278,0.0013031034898530278,8.882310093112109e-05,0.0013247865
1385,0.0012451442398337853,0.0012451442398337853,6.477448313191303e-05,0.0015992011
1386,0.0012753839138895274,0.0012753839138895274,0.0001180976931497213,0.0012798863
1387,0.0012471733873503075,0.0012471733873503075,6.231340530796893e-05,0.001460972
1388,0.0011958469145206942,0.0011958469145206942,9.052572705807973e-05,0.0013299616
1389,0.0012956835665843553,0.0012956835665843553,7.731544437648255e-05,0.0017235242
1390,0.0015236878534778953,0.0015236878534778953,0.00013494952533379647,0.0015170729
1391,0.0012763214375202854,0.0012763214375202854,8.200123686662823e-05,0.0017018036
1392,0.001385350152850151,0.001385350152850151,0.00011159825510292068,0.0015349395
1393,0.0013799630700507097,0.0013799630700507097,7.874326340566806e-05,0.001539773
1394,0.0012296026417364678,0.0012296026417364678,9.437280858087939e-05,0.0014416791
1395,0.0012087894939920968,0.0012087894939920968,7.993982626809762e-05,0.0012920162
1396,0.0012755091690147917,0.0012755091690147917,7.710846029517092e-05,0.0013088657
1397,0.001333702746261325,0.001333702746261325,8.954727837565062e-05,0.0014097971
1398,0.0012414095845694343,0.0012414095845694343,0.0001078044955199352,0.0015424276
1399,0.001259430321968264,0.001259430321968264,8.871545856487096e-05,0.0013525407
1400,0.0012115613906644284,0.0012115613906644284,6.136102920651057e-05,0.0013797589
1401,0.0012203490697882242,0.0012203490697882242,8.3067895948948e-05,0.0012972866
1402,0.001242481557548874,0.001242481557548874,8.933620429161238e-05,0.0013152246
1403,0.0012891013071768813,0.0012891013071768813,7.755816419175135e-05,0.0013309367
1404,0.0013173562228783137,0.0013173562228783137,7.968994637237946e-05,0.001347489
1405,0.0012417952543021075,0.0012417952543021075,7.309939369880188e-05,0.0014774003
1406,0.0012860050166232718,0.0012860050166232718,7.352936919333944e-05,0.0014435881
1407,0.0012161256952418222,0.0012161256952418222,5.953063791568841e-05,0.0014328401
1408,0.0012768891161411174,0.0012768891161411174,8.31320432868981e-05,0.0014799958
1409,0.0012977917639849087,0.0012977917639849087,9.694202928542827e-05,0.0014634518
1410,0.0012812134796857007,0.0012812134796857007,7.362905806756655e-05,0.0013651458
1411,0.001202304222776244,0.001202304222776244,8.610521512082414e-05,0.0013243903
1412,0.0013095149873859353,0.0013095149873859353,0.00011743176829163026,0.0014103263
1413,0.0012788279615860018,0.0012788279615860018,7.452531633589388e-05,0.0013925048
1414,0.0013476156474401554,0.0013476156474401554,0.00012454338735147353,0.0014077264
1415,0.0013521701149228546,0.0013521701149228546,0.00010312485387342147,0.001407584
1416,0.0012619773443374369,0.0012619773443374369,8.352379959397144e-05,0.0012935803
1417,0.001229702983982861,0.001229702983982861,9.824699127926174e-05,0.0013670255
1418,0.0012011665048905545,0.0012011665048905545,0.00010418180707271555,0.001278068
1419,0.0012382504543186062,0.0012382504543186062,8.49560094808213e-05,0.0014054829
1420,0.00140790484017796,0.00140790484017796,7.611605710419807e-05,0.001691218
1421,0.0014396527678602273,0.0014396527678602273,0.00012055771468529504,0.001475192
1422,0.0013851680896348423,0.0013851680896348423,8.357635524032976e-05,0.0014174454
1423,0.001179458149191406,0.001179458149191406,8.416725665046303e-05,0.0014517723
1424,0.0012656533896612625,0.0012656533896612625,7.378419151993714e-05,0.0013359643
1425,0.0012204233401765425,0.0012204233401765425,7.285372375350145e-05,0.0013000884
1426,0.0012287594041683607,0.0012287594041683607,9.346066366207297e-05,0.0013292886
1427,0.0013257597650711734,0.0013257597650711734,6.605141097401438e-05,0.0015056175
1428,0.0012192774240651892,0.0012192774240651892,8.643578946071607e-05,0.0014416849
1429,0.0012168820391202139,0.0012168820391202139,8.981333030533278e-05,0.0012364333
1430,0.0011974711139272484,0.0011974711139272484,9.016498876069552e-05,0.0013340282
1431,0.001421082041795469,0.001421082041795469,0.00020212074335480186,0.0014841419
1432,0.0013077566917571756,0.0013077566917571756,0.0001046671818939002,0.0017257505
1433,0.001290630157260845,0.001290630157260845,7.338826800630866e-05,0.0014575608
1434,0.0011562967685879106,0.0011562967685879106,6.38135387359758e-05,0.0014854537
1435,0.0012747282188178765,0.0012747282188178765,9.967633520015321e-05,0.001279179
1436,0.0012003367223466436,0.0012003367223466436,7.404861199297051e-05,0.0014289351
1437,0.0012244193711214595,0.0012244193711214595,9.613082690407282e-05,0.0013200694
1438,0.0011909257284262115,0.0011909257284262115,6.535025046553579e-05,0.0014334377
1439,0.0012324181747519307,0.0012324181747519307,9.595194067312857e-05,0.0013860657
1440,0.001224297096228434,0.001224297096228434,7.758663230043163e-05,0.0013304834
1441,0.0011666358888356221,0.0011666358888356221,7.290816143776309e-05,0.0013661031
1442,0.0012876662567982244,0.0012876662567982244,8.674998757132672e-05,0.0017239252
1443,0.001221468256941686,0.001221468256941686,0.00010171915942736278,0.0012614629
1444,0.0012677648725608985,0.0012677648725608985,5.358132696776528e-05,0.0014424116
1445,0.0012050117663521733,0.0012050117663521733,0.00011077236250716598,0.0013904133
1446,0.0011527241699190603,0.0011527241699190603,8.408474724224864e-05,0.0014247029
1447,0.0012084111092715627,0.0012084111092715627,8.664068959439596e-05,0.0013820191
1448,0.0011710319344678686,0.0011710319344678686,6.642524101039272e-05,0.0013795568
1449,0.0012352285285790762,0.0012352285285790762,6.732408237060857e-05,0.0013312951
1450,0.001208360731187794,0.001208360731187794,9.036524425785805e-05,0.0013851201
1451,0.0012096968557064732,0.0012096968557064732,7.55515257324646e-05,0.0015140432
1452,0.0013447576021361682,0.0013447576021361682,9.127436565247788e-05,0.0013424014
1453,0.0012952215620316565,0.0012952215620316565,0.00011267798749846255,0.001284633
1454,0.0012183053095618057,0.0012183053095618057,8.164895008601686e-05,0.0013725956
1455,0.001222126476932317,0.001222126476932317,6.42509497797366e-05,0.0016102962
1456,0.0012711414498173528,0.0012711414498173528,7.89874359118888e-05,0.0014234667
1457,0.0012276094471518363,0.0012276094471518363,8.966643615180046e-05,0.0013718675
1458,0.0012706550484937098,0.0012706550484937098,8.415398057195488e-05,0.0016506606
1459,0.0012391754232036571,0.0012391754232036571,9.649137272541945e-05,0.0014670618
1460,0.001147222291264269,0.001147222291264269,6.461717429589145e-05,0.0013316596
1461,0.0011656747535905903,0.0011656747535905903,8.176962083881437e-05,0.0013553373
1462,0.001291830770464407,0.001291830770464407,8.964312284673624e-05,0.0013037878
1463,0.0011949815101818077,0.0011949815101818077,6.587721136952496e-05,0.0013850998
1464,0.001200732904382878,0.001200732904382878,8.36085404576038e-05,0.0014699606
1465,0.0012985612019999987,0.0012985612019999987,7.224992048627933e-05,0.0014123105
1466,0.001222973291037811,0.001222973291037811,6.561511850880683e-05,0.0013243228
1467,0.0011715440519361033,0.0011715440519361033,8.746111265907075e-05,0.0013348684
1468,0.0011568011082191433,0.0011568011082191433,7.673805774328141e-05,0.0013705832
1469,0.0012121212888612516,0.0012121212888612516,0.00011492118158760908,0.0014334781
1470,0.001306835546468695,0.001306835546468695,6.998169433498131e-05,0.001687077
1471,0.001244292308628145,0.001244292308628145,7.166600630515379e-05,0.001384409
1472,0.001175289009956436,0.001175289009956436,9.046171874634486e-05,0.0014520708
1473,0.0011897279091903734,0.0011897279091903734,7.227762257934324e-05,0.0012933362
1474,0.0012483117299982244,0.0012483117299982244,8.962862929801455e-05,0.0016458835
1475,0.0013079849602137174,0.0013079849602137174,7.808414393271809e-05,0.0013106788
1476,0.00118260187898866,0.00118260187898866,8.32232258667255e-05,0.0013913801
1477,0.001155575269108845,0.001155575269108845,7.212477721433667e-05,0.0012519041
1478,0.0013150020036846398,0.0013150020036846398,0.00012623140306899927,0.0015504588
1479,0.0012211396953918869,0.0012211396953918869,8.949852774296435e-05,0.0014154131
1480,0.0011974615122502049,0.0011974615122502049,0.00010685056427538105,0.0015062233
1481,0.0012665800336334441,0.0012665800336334441,8.11921139146529e-05,0.0014620925
1482,0.001184308195176224,0.001184308195176224,6.727745486109092e-05,0.0015095389
1483,0.0012926989959345923,0.0012926989959345923,8.585981198206848e-05,0.0015861444
1484,0.0013401945354416967,0.0013401945354416967,9.530333654639536e-05,0.001485063
1485,0.0012399001926597622,0.0012399001926597622,6.089565520173639e-05,0.0013582434
1486,0.0012332783365208242,0.0012332783365208242,9.488304189799734e-05,0.0013161384
1487,0.001227475597988814,0.001227475597988814,7.197099100974608e-05,0.0014905221
1488,0.0013111768096374969,0.0013111768096374969,0.00010863299066841137,0.0016604498
1489,0.0012210125349358552,0.0012210125349358552,7.289990941011916e-05,0.0013695371
1490,0.001312973517148445,0.001312973517148445,7.929404402110171e-05,0.0014784427
1491,0.0013035644596028659,0.0013035644596028659,9.687623777381305e-05,0.0014378208
1492,0.001228920834708131,0.001228920834708131,9.12693004617419e-05,0.001366332
1493,0.0012862605068625676,0.0012862605068625676,8.770344962256457e-05,0.0014181309
1494,0.0012300663899319868,0.0012300663899319868,0.00010263925276048112,0.0014581212
1495,0.0013005635403614078,0.0013005635403614078,8.542399625436225e-05,0.0015931686
1496,0.0012308114156540898,0.0012308114156540898,9.324225248848152e-05,0.0013404441
1497,0.001215111860074103,0.001215111860074103,7.796534610646531e-05,0.0013230646
1498,0.001211384514398459,0.001211384514398459,9.243246014926223e-05,0.0014599687
1499,0.001227467053104192,0.001227467053104192,7.749137659579396e-05,0.0015690414
1500,0.0013503156874018411,0.0013503156874018411,8.066886386346697e-05,0.0013961962
1501,0.0013329922428561582,0.0013329922428561582,0.0001292994839685788,0.0013796915
1502,0.0011948675757998393,0.0011948675757998393,8.541121352373516e-05,0.0013902975
1503,0.00130014045862481,0.00130014045862481,5.904016731695568e-05,0.0015523186
1504,0.0012736189463693234,0.0012736189463693234,9.643052137878132e-05,0.001284629
1505,0.0012542897292102376,0.0012542897292102376,0.00010699635971289152,0.0016980338
1506,0.0013189526197190085,0.0013189526197190085,0.00013753378095392085,0.0015367526
1507,0.001275092994587289,0.001275092994587289,7.745878823786571e-05,0.0014908265
1508,0.0012664788674252728,0.0012664788674252728,9.538171498206794e-05,0.0015890157
1509,0.0011804524343460797,0.0011804524343460797,7.373167051696327e-05,0.0013802849
1510,0.0012294977644665374,0.0012294977644665374,8.587551320841966e-05,0.0014480634
1511,0.001224335122646557,0.001224335122646557,7.397485977891607e-05,0.0017522315
1512,0.0012969438659234179,0.0012969438659234179,7.518727502934376e-05,0.0016763712
1513,0.0013065575052880578,0.0013065575052880578,8.233985062260116e-05,0.0012833304
1514,0.0012323167304404909,0.0012323167304404909,7.152371178845089e-05,0.0013191102
1515,0.0012505524002739952,0.0012505524002739952,6.312534905595789e-05,0.001404375
1516,0.0013251224105867248,0.0013251224105867248,0.00010069775368416837,0.0013878504
1517,0.001197720806683517,0.001197720806683517,9.289531014265625e-05,0.0014258604
1518,0.0012377169681712986,0.0012377169681712986,0.00010421388671654578,0.0015080294
1519,0.0012204513794535565,0.0012204513794535565,7.63647906438594e-05,0.0012839477
1520,0.001166144889106767,0.001166144889106767,6.83757754537674e-05,0.0013615553
1521,0.0021940277203814024,0.0021940277203814024,0.00014831890461025745,0.002570686
1522,0.001526671839464042,0.001526671839464042,9.65207809982734e-05,0.0012946022
1523,0.001245133506341113,0.001245133506341113,0.00010007064179247867,0.0014938058
1524,0.0012136437490375507,0.0012136437490375507,8.85262515060011e-05,0.0013411136
1525,0.001152996821070297,0.001152996821070297,8.642898327037882e-05,0.001323686
1526,0.0011696207582847112,0.0011696207582847112,6.199070120774685e-05,0.0014558104
1527,0.0011736157764163282,0.0011736157764163282,7.501997141490493e-05,0.0016375614
1528,0.0011868108426117234,0.0011868108426117234,8.018859405814915e-05,0.0012459877
1529,0.0011770862296948002,0.0011770862296948002,6.321045123816779e-05,0.0012647233
1530,0.0011859437696532242,0.0011859437696532242,6.897929619324512e-05,0.001306703
1531,0.001193274992207686,0.001193274992207686,8.11417035483449e-05,0.0014384037
1532,0.0012182765200527178,0.0012182765200527178,6.697994867547803e-05,0.0014008519
1533,0.0012593968654982745,0.0012593968654982745,9.019336641055512e-05,0.0013304759
1534,0.0011863960082539255,0.0011863960082539255,6.0604285243925916e-05,0.0013991124
1535,0.001137496101566487,0.001137496101566487,6.73751664442711e-05,0.0015118766
1536,0.0011487339390441776,0.0011487339390441776,6.126485557034458e-05,0.0014998398
1537,0.0012404042567747335,0.0012404042567747335,0.00010997184761589236,0.0013426598
1538,0.0012595356532579495,0.0012595356532579495,7.65141974246338e-05,0.00137448
1539,0.0012042311343571379,0.0012042311343571379,0.00011357478910727852,0.0015691473
1540,0.0011842344318413072,0.0011842344318413072,7.325960472775882e-05,0.001334869
1541,0.0012054566423305207,0.0012054566423305207,7.752416745637881e-05,0.0013021732
1542,0.0012263151558323038,0.0012263151558323038,8.101513873144641e-05,0.0015541681
1543,0.0013014708115305338,0.0013014708115305338,9.138157252740106e-05,0.001480637
1544,0.0012006445865457257,0.0012006445865457257,7.439695655319964e-05,0.0013864377
1545,0.0011588106203513841,0.0011588106203513841,9.014840144779946e-05,0.0013033692
1546,0.0011953929995393588,0.0011953929995393588,7.86969284490624e-05,0.0016760132
1547,0.0012135662604123355,0.0012135662604123355,0.00010796396524407707,0.0015852473
1548,0.0012313034851104022,0.0012313034851104022,0.00010182445075138781,0.0012919533
1549,0.001213169298393445,0.001213169298393445,6.905456675028176e-05,0.0012909364
1550,0.0011650359788392152,0.0011650359788392152,8.411099450174535e-05,0.0014296514
1551,0.0012776745146968298,0.0012776745146968298,7.738181707684551e-05,0.0013102713
1552,0.0011572691702490879,0.0011572691702490879,0.0001017372895593924,0.0013679232
1553,0.0011497575117068158,0.0011497575117068158,6.878489688801892e-05,0.001427655
1554,0.0012975141341384085,0.0012975141341384085,8.691552103401692e-05,0.0015657366
1555,0.0012903699392659796,0.0012903699392659796,7.775320346732586e-05,0.0015414252
1556,0.0013429611520324317,0.0013429611520324317,9.299109850044514e-05,0.001504138
1557,0.0012561508105136455,0.0012561508105136455,7.624163725247336e-05,0.0014089851
1558,0.0011819238619258006,0.0011819238619258006,7.129244913812726e-05,0.0014649798
1559,0.0011719545116648078,0.0011719545116648078,0.00011205040248682963,0.001421564
1560,0.001205288103988601,0.001205288103988601,7.391693751262412e-05,0.0013995297
1561,0.0014416297716605994,0.0014416297716605994,0.00011685520596820512,0.0014348761
1562,0.001229450940930595,0.001229450940930595,7.96888401708884e-05,0.0014070501
1563,0.0011875279597006738,0.0011875279597006738,0.00010198917564486641,0.0015357027
1564,0.0011617993496151435,0.0011617993496151435,5.608724124310053e-05,0.0014982516
1565,0.0012848470114274985,0.0012848470114274985,8.943628252116772e-05,0.0013870398
1566,0.0012065562406658298,0.0012065562406658298,8.308496102876638e-05,0.0013807239
1567,0.0012747844241352544,0.0012747844241352544,6.672060359657432e-05,0.0016143813
1568,0.0012445288167024652,0.0012445288167024652,0.00010908406087221718,0.0012644294
1569,0.001239879845848514,0.001239879845848514,8.819102067213357e-05,0.001532757
1570,0.0013370046728394098,0.0013370046728394098,0.0001336772303905794,0.0016839466
1571,0.0012001832998875114,0.0012001832998875114,6.944906414724351e-05,0.0013793064
1572,0.0012197822629888024,0.0012197822629888024,7.67998489221908e-05,0.0014644499
1573,0.0012229735613800586,0.0012229735613800586,6.104844050382535e-05,0.0014403871
1574,0.0011527657638200454,0.0011527657638200454,7.882354283436952e-05,0.001280717
1575,0.0011648705500798922,0.0011648705500798922,8.122660718837457e-05,0.0016244268
1576,0.0011922854024709927,0.0011922854024709927,7.865755198079366e-05,0.001512374
1577,0.0012777618831023574,0.0012777618831023574,9.007265886996012e-05,0.0014933752
1578,0.0012260654281514387,0.0012260654281514387,9.047784422162092e-05,0.0014204007
1579,0.0012227372201676998,0.0012227372201676998,8.783381209822336e-05,0.0014223005
1580,0.0012657693406153056,0.0012657693406153056,8.249158032182574e-05,0.001381337
1581,0.0011619875323958695,0.0011619875323958695,0.00010266865885937036,0.0014380711
1582,0.00124808670176814,0.00124808670176814,8.34893585382209e-05,0.0012948093
1583,0.001194819557066593,0.001194819557066593,7.976860923627605e-05,0.0014536772
1584,0.001195509166508499,0.001195509166508499,7.820348171081706e-05,0.0014165754
1585,0.0012134399860062534,0.0012134399860062534,8.42414835429079e-05,0.0014280865
1586,0.0011363388556573126,0.0011363388556573126,8.42097729275003e-05,0.0012655307
1587,0.001192286755475733,0.001192286755475733,8.322353666396035e-05,0.0012591535
1588,0.0011552826760129796,0.0011552826760129796,8.442447815026652e-05,0.0014606182
1589,0.001183145471279406,0.001183145471279406,6.859005006859419e-05,0.0012993577
1590,0.001153539861035016,0.001153539861035016,9.8295852305657e-05,0.0013574068
1591,0.0013030122952639228,0.0013030122952639228,0.00010043577225486742,0.0015276567
1592,0.0014912395000768206,0.0014912395000768206,0.00010419581123844384,0.0016977391
1593,0.001341755386804127,0.001341755386804127,8.720379919743158e-05,0.0014593124
1594,0.0012289477227669624,0.0012289477227669624,9.376044649829711e-05,0.0013658484
1595,0.0012696762815014356,0.0012696762815014356,0.00013720357588316764,0.0014442336
1596,0.0011982665526577168,0.0011982665526577168,8.878359859705062e-05,0.0014228874
1597,0.0012212796421307657,0.0012212796421307657,9.656941894415164e-05,0.0013728985
1598,0.0012015760824498204,0.0012015760824498204,7.30393178552428e-05,0.0013325782
1599,0.0011901059666545026,0.0011901059666545026,6.171088770281743e-05,0.0014008947
1600,0.00125724784253786,0.00125724784253786,7.9974408017986e-05,0.0016625065
1601,0.0012414446734409364,0.0012414446734409364,8.763008584653263e-05,0.0014659624
1602,0.0012247054811774028,0.0012247054811774028,8.280765187893805e-05,0.0016226333
1603,0.0012367084712928368,0.0012367084712928368,8.577010777154707e-05,0.0014900665
1604,0.0012185640671911338,0.0012185640671911338,7.29334928466743e-05,0.001336911
1605,0.0011783628155373864,0.0011783628155373864,8.901467536411978e-05,0.0014485037
1606,0.001239591209580087,0.001239591209580087,7.702479790639119e-05,0.0012349985
1607,0.001174273268164446,0.001174273268164446,7.657866593338744e-05,0.0014174705
1608,0.0011511721454250316,0.0011511721454250316,8.154564198245376e-05,0.0013283998
1609,0.0011873869923874735,0.0011873869923874735,7.96356252799847e-05,0.0016185205
1610,0.001299378976950215,0.001299378976950215,6.797667013734731e-05,0.0014882358
1611,0.0012160936292881766,0.0012160936292881766,7.256444094960241e-05,0.0015716664
1612,0.0011708984073872367,0.0011708984073872367,9.769095983319037e-05,0.001333028
1613,0.00126680219028559,0.00126680219028559,9.963336582461896e-05,0.001347834
1614,0.001193925606397291,0.001193925606397291,9.110878556334178e-05,0.0012735878
1615,0.001184518116578046,0.001184518116578046,9.154366115574754e-05,0.0013119273
1616,0.0011841827796565162,0.0011841827796565162,8.068640519019886e-05,0.0015008334
1617,0.001156052195518795,0.001156052195518795,7.722351852205773e-05,0.0013533306
1618,0.0012226500328526729,0.0012226500328526729,7.850286309576404e-05,0.0014645166
1619,0.0012705149090227982,0.0012705149090227982,8.052830475106829e-05,0.0013799852
1620,0.0012436949854923618,0.0012436949854923618,8.991631656524785e-05,0.0012436744
1621,0.001226652367040515,0.001226652367040515,6.817794275535663e-05,0.0015810378
1622,0.0013763457446152138,0.0013763457446152138,0.00010364638421170488,0.0015313362
1623,0.0011989692588233285,0.0011989692588233285,9.444893850438044e-05,0.001446009
1624,0.0012413315953583354,0.0012413315953583354,9.260911079675478e-05,0.0013879474
1625,0.0012829279203692245,0.0012829279203692245,6.9590542952527e-05,0.0015532791
1626,0.0013189660048940116,0.0013189660048940116,8.715026443597808e-05,0.001661234
1627,0.0012881528987135325,0.0012881528987135325,0.00011426548461486163,0.0016401946
1628,0.0011674973221185306,0.0011674973221185306,6.837526949669857e-05,0.0012829815
1629,0.0011880495300930407,0.0011880495300930407,0.00010093090535245134,0.0013126448
1630,0.0011282801783333222,0.0011282801783333222,7.80932773218347e-05,0.0014357362
1631,0.0011816521459776495,0.0011816521459776495,8.124633707590571e-05,0.0013969833
1632,0.0012029378726664517,0.0012029378726664517,6.324696804686565e-05,0.0014529342
1633,0.0012391990775035488,0.0012391990775035488,7.89865247114305e-05,0.0012732877
1634,0.0012029537801734275,0.0012029537801734275,8.699882416441558e-05,0.001332406
1635,0.0012146865121192402,0.0012146865121192402,7.967781407709237e-05,0.0015784713
1636,0.0013192637914067342,0.0013192637914067342,0.00011732646533840886,0.0014255012
1637,0.0011762253849560188,0.0011762253849560188,7.961142043137039e-05,0.0013481918
1638,0.001206084745677395,0.001206084745677395,7.72692713274539e-05,0.0013389377
1639,0.0011557651554337807,0.0011557651554337807,6.310061696758061e-05,0.0013200992
1640,0.001207761189693378,0.001207761189693378,7.079233015600847e-05,0.0014508851
1641,0.0012297858419414195,0.0012297858419414195,6.040341116531067e-05,0.0017715315
1642,0.0012698822900549405,0.0012698822900549405,8.433146904280875e-05,0.001243266
1643,0.001203311060089618,0.001203311060089618,7.008088207637937e-05,0.0013922448
1644,0.001203989148295174,0.001203989148295174,8.282772130592993e-05,0.0013297193
1645,0.001276613060488469,0.001276613060488469,8.130722247112014e-05,0.0013822969
1646,0.0011539600039314893,0.0011539600039314893,6.276966724985615e-05,0.0013508614
1647,0.001130641924424304,0.001130641924424304,7.15924845591884e-05,0.001341481
1648,0.0011647926087284253,0.0011647926087284253,8.306919972369541e-05,0.0013302787
1649,0.0011525121413999133,0.0011525121413999133,6.298957792416675e-05,0.0012393522
1650,0.001185988731837521,0.001185988731837521,6.986808496552359e-05,0.0015877786
1651,0.0012515886143470805,0.0012515886143470805,7.611083496105546e-05,0.0013731061
1652,0.0012304961163964537,0.0012304961163964537,8.823085525225198e-05,0.0013754991
1653,0.0011975963017903269,0.0011975963017903269,7.085414230421824e-05,0.0014506939
1654,0.0012610001489520074,0.0012610001489520074,9.124096646739114e-05,0.0014310669
1655,0.0012417403787064055,0.0012417403787064055,6.231005067907821e-05,0.001317933
1656,0.0011967832843462626,0.0011967832843462626,6.907122031413995e-05,0.0013098709
1657,0.001143716886225674,0.001143716886225674,7.553129542073755e-05,0.0013465688
1658,0.0011645473488089112,0.0011645473488089112,7.379715313757314e-05,0.0013741605
1659,0.001214661063729889,0.001214661063729889,8.486276008549491e-05,0.0015099497
1660,0.0012351548648439348,0.0012351548648439348,7.756770448344873e-05,0.0012741234
1661,0.0011614660046891205,0.0011614660046891205,6.808947801019766e-05,0.0013513151
1662,0.0013197217666957941,0.0013197217666957941,0.00011972150968833577,0.0012988672
1663,0.0011828963347296749,0.0011828963347296749,8.77286441601023e-05,0.0013592062
1664,0.0012078623947066565,0.0012078623947066565,8.025267722283994e-05,0.0013893493
1665,0.0011649230896081362,0.0011649230896081362,6.762326797298114e-05,0.0015617128
1666,0.0012420880013248987,0.0012420880013248987,8.263265986746167e-05,0.0014370574
1667,0.001142440406450381,0.001142440406450381,7.611296804081273e-05,0.0013366373
1668,0.0011769147512192526,0.0011769147512192526,7.262480878564601e-05,0.0013172085
1669,0.0011482856469228863,0.0011482856469228863,7.031409080329669e-05,0.00145059
1670,0.0012665648789455493,0.0012665648789455493,7.726282837615549e-05,0.0014587488
1671,0.0012228082283399998,0.0012228082283399998,6.0123368717847196e-05,0.0014038748
1672,0.0012266285536396834,0.0012266285536396834,5.6140414634834694e-05,0.0013192648
1673,0.0012092102914013796,0.0012092102914013796,8.802809573628066e-05,0.0013019056
1674,0.0012308629423690338,0.0012308629423690338,7.575576598936904e-05,0.0013556529
1675,0.0011919846887596779,0.0011919846887596779,7.885212400853763e-05,0.0014536381
1676,0.0012408632138330075,0.0012408632138330075,7.040418425042895e-05,0.0014302979
1677,0.0011997016612440349,0.0011997016612440349,7.983993665321679e-05,0.0012605364
1678,0.0011823661004503568,0.0011823661004503568,6.463941507617063e-05,0.0013664924
1679,0.0012802622746676206,0.0012802622746676206,6.794149396366972e-05,0.0015809555
1680,0.0012129427813407448,0.0012129427813407448,7.356304299971978e-05,0.001384927
1681,0.001221787298305167,0.001221787298305167,0.00010007122328959086,0.0016418352
1682,0.001200731669086963,0.001200731669086963,7.990556222870913e-05,0.0013076538
1683,0.0012750915717333554,0.0012750915717333554,0.00010759413270228101,0.0013274597
1684,0.001127429994651013,0.001127429994651013,7.049780964949706e-05,0.0015597222
1685,0.0012352589880012803,0.0012352589880012803,8.923729499454364e-05,0.0014438241
1686,0.0011942178580082125,0.0011942178580082125,7.632300366253731e-05,0.0014847959
1687,0.0012165318838217192,0.0012165318838217192,9.046989947307793e-05,0.0012813369
1688,0.0011732571202123332,0.0011732571202123332,8.032320233218747e-05,0.0014708508
1689,0.0012317072457840874,0.0012317072457840874,8.42426032182813e-05,0.0013531486
1690,0.00121450026312636,0.00121450026312636,8.725098101270608e-05,0.0013999636
1691,0.001171338736700515,0.001171338736700515,8.535865217961853e-05,0.0013724524
1692,0.0012774750189338293,0.0012774750189338293,9.456311008583363e-05,0.0015244153
1693,0.001240772359435343,0.001240772359435343,8.112562411497493e-05,0.0013206138
1694,0.001186147848299394,0.001186147848299394,7.223589079027684e-05,0.0014821291
1695,0.0012028893843914071,0.0012028893843914071,0.00011201784128868692,0.0014964874
1696,0.0012677182275284496,0.0012677182275284496,8.016656205806309e-05,0.00159643
1697,0.0013269010646682646,0.0013269010646682646,0.00010540443896868762,0.0015493003
1698,0.0012352867646970682,0.0012352867646970682,9.337141723169869e-05,0.0013472157
1699,0.0011790608133499822,0.0011790608133499822,5.996398512147197e-05,0.001398205
1700,0.0012074455114391943,0.0012074455114391943,8.409595674617126e-05,0.0013747956
1701,0.0012938271341327993,0.0012938271341327993,8.53838884400678e-05,0.0013663727
1702,0.0012125784065574407,0.0012125784065574407,9.714914897658546e-05,0.0013728931
1703,0.0011359239216997392,0.0011359239216997392,7.455246732364331e-05,0.0012903943
1704,0.0011794682281712691,0.0011794682281712691,8.18810708501082e-05,0.0013747715
1705,0.0012380885865746272,0.0012380885865746272,7.351785629844522e-05,0.0016231232
1706,0.001211343181785196,0.001211343181785196,6.473602233762045e-05,0.0012749921
1707,0.0012234676409409277,0.0012234676409409277,7.080035748635459e-05,0.001318215
1708,0.0011665578828089767,0.0011665578828089767,8.424436420383745e-05,0.0013042946
1709,0.0011241268974521922,0.0011241268974521922,7.667771664456621e-05,0.001323853
1710,0.001165531151410606,0.001165531151410606,6.853328631627341e-05,0.0014082026
1711,0.0012556180539023546,0.0012556180539023546,7.571662570067003e-05,0.0014928929
1712,0.0011898081296951406,0.0011898081296951406,9.861661932954272e-05,0.0013577213
1713,0.001232265714659459,0.001232265714659459,7.71067310662627e-05,0.0014045417
1714,0.0012115564468937615,0.0012115564468937615,7.522900108543555e-05,0.0014360102
1715,0.001138223368777997,0.001138223368777997,7.548855907973323e-05,0.001336055
1716,0.0011918588218072222,0.0011918588218072222,9.139235373822885e-05,0.0013903191
1717,0.001206897791578538,0.001206897791578538,7.365912917012767e-05,0.0013847032
1718,0.0011885843782996138,0.0011885843782996138,8.330506486547367e-05,0.0015599064
1719,0.0012539262844560048,0.0012539262844560048,7.855739687619865e-05,0.001326985
1720,0.0013437973335385322,0.0013437973335385322,0.0001635113505901447,0.001372859
1721,0.0011936938209045264,0.0011936938209045264,7.137433962124283e-05,0.0014880091
1722,0.0012335013921579553,0.0012335013921579553,7.029320018701239e-05,0.0013707064
1723,0.0011339774187136855,0.0011339774187136855,7.470579058974636e-05,0.0012612338
1724,0.0012186670598263543,0.0012186670598263543,6.944478344749586e-05,0.0012946755
1725,0.0011271504193751348,0.0011271504193751348,6.128100721996728e-05,0.0013085433
1726,0.0011733721062127088,0.0011733721062127088,7.245880609111232e-05,0.0014223332
1727,0.0011889126112995048,0.0011889126112995048,7.614546367322975e-05,0.0013229324
1728,0.0012052884053749342,0.0012052884053749342,0.00010129437713429655,0.001367623
1729,0.0012561621403114663,0.0012561621403114663,9.795764925393987e-05,0.0014348134
1730,0.0013043300597928465,0.0013043300597928465,7.092536814899594e-05,0.001337601
1731,0.0012363300568217204,0.0012363300568217204,8.382676782679887e-05,0.0015690563
1732,0.0012650737461323538,0.0012650737461323538,7.545254762868245e-05,0.0014108941
1733,0.0011307482336026927,0.0011307482336026927,6.61898634552966e-05,0.0014842681
1734,0.0012547093223676913,0.0012547093223676913,0.00010437435952476272,0.0015046181
1735,0.0012115578490516378,0.0012115578490516378,0.00010549694461587933,0.0013430489
1736,0.0012174809843094813,0.0012174809843094813,7.720081737671889e-05,0.0013935231
1737,0.001233758776086486,0.001233758776086486,8.045673506684478e-05,0.001318873
1738,0.0011668321314371294,0.0011668321314371294,7.506228281752353e-05,0.0014469838
1739,0.0012193722171812422,0.0012193722171812422,0.0001124688203819662,0.0012947053
1740,0.0011697734434468051,0.0011697734434468051,7.09515259625309e-05,0.0013807919
1741,0.0011537509168394737,0.0011537509168394737,8.235686998432356e-05,0.0013019464
1742,0.0011807365084273947,0.0011807365084273947,7.236710396243653e-05,0.0014034467
1743,0.0011967368268718322,0.0011967368268718322,7.6186046016523e-05,0.001447
1744,0.0012149871236437726,0.0012149871236437726,0.00011630955230246758,0.0013734107
1745,0.0011403435543696913,0.0011403435543696913,8.05355045145796e-05,0.0013130036
1746,0.0011851247671681145,0.0011851247671681145,7.763554824289859e-05,0.001375794
1747,0.0011556368191829986,0.0011556368191829986,7.39309714630407e-05,0.0013540419
1748,0.0012764085420510834,0.0012764085420510834,8.001302754665732e-05,0.0019489153
1749,0.001337829483155575,0.001337829483155575,9.518601186313289e-05,0.0015090933
1750,0.0012044814492886266,0.0012044814492886266,9.488410330504848e-05,0.0013771505
1751,0.001155344147183415,0.001155344147183415,7.191040026405125e-05,0.0013718652
1752,0.0011452592986946305,0.0011452592986946305,9.054943585782541e-05,0.0013730695
1753,0.0012138949047463636,0.0012138949047463636,8.157202279461571e-05,0.0012926552
1754,0.0011264707207576268,0.0011264707207576268,0.00010410449297827047,0.001323725
1755,0.001225255208555609,0.001225255208555609,8.973500292012284e-05,0.0014215371
1756,0.00139125968174388,0.00139125968174388,7.883208478839757e-05,0.0018140782
1757,0.001348941868895458,0.001348941868895458,7.64969064827407e-05,0.0013747306
1758,0.0011853552643313176,0.0011853552643313176,0.00010677005184586759,0.0012998837
1759,0.0011972993689899644,0.0011972993689899644,7.59845609157613e-05,0.0013664991
1760,0.0011891843634657562,0.0011891843634657562,7.099147929794627e-05,0.0013033191
1761,0.0012824658433803254,0.0012824658433803254,7.357287973377424e-05,0.0015459338
1762,0.0012003708126333854,0.0012003708126333854,7.743733891629745e-05,0.0012873493
1763,0.001141631138873183,0.001141631138873183,8.617655035752452e-05,0.0013272042
1764,0.0011455616939605939,0.0011455616939605939,6.394983943778244e-05,0.001483106
1765,0.001205152723317345,0.001205152723317345,7.649182400418416e-05,0.0013975896
1766,0.0011426555497261385,0.0011426555497261385,6.993226000860078e-05,0.0013563838
1767,0.0012953962626246114,0.0012953962626246114,0.0001089208861780359,0.0014785657
1768,0.0012454911251552404,0.0012454911251552404,7.493474566015519e-05,0.0015834856
1769,0.0012167764659453597,0.0012167764659453597,8.876923453174059e-05,0.0017251202
1770,0.0012160029973731273,0.0012160029973731273,8.068090066646821e-05,0.0014606959
1771,0.001122572367441737,0.001122572367441737,8.19526019553349e-05,0.0012836054
1772,0.0011721956039158006,0.0011721956039158006,6.173380287527329e-05,0.0013297715
1773,0.0011807268511296975,0.0011807268511296975,7.576403738455264e-05,0.0013285343
1774,0.0012077078456059099,0.0012077078456059099,8.510736620704525e-05,0.0016358268
1775,0.0012455685232352052,0.0012455685232352052,7.993061336198555e-05,0.0014426949
1776,0.0012226220724793771,0.0012226220724793771,7.850227946669798e-05,0.0014524272
1777,0.0011909259224517478,0.0011909259224517478,6.169208322780328e-05,0.0013545825
1778,0.0011735293263983395,0.0011735293263983395,5.735374002395272e-05,0.0014435513
1779,0.0011725673154513868,0.0011725673154513868,6.671201956325806e-05,0.001436443
1780,0.0011993714194330903,0.0011993714194330903,8.381283623223446e-05,0.0013349886
1781,0.0012057167400295536,0.0012057167400295536,7.209922902404742e-05,0.0012334025
1782,0.0011295485504282017,0.0011295485504282017,7.314332981614868e-05,0.0013781869
1783,0.0012231177676262127,0.0012231177676262127,9.466880923191133e-05,0.0014039149
1784,0.001140165649768379,0.001140165649768379,7.631330659766277e-05,0.0013427616
1785,0.0011815496862659024,0.0011815496862659024,6.207629338395766e-05,0.0013022103
1786,0.0014154260085585217,0.0014154260085585217,0.00010744057724186481,0.0013456249
1787,0.0012375126489334637,0.0012375126489334637,7.697206920561762e-05,0.0013574718
1788,0.0012297121743257676,0.0012297121743257676,9.915053622269928e-05,0.0013468944
1789,0.0011846757338692744,0.0011846757338692744,9.270768908512158e-05,0.0019304601
1790,0.0012262112461030484,0.0012262112461030484,9.958735115813194e-05,0.0014152706
1791,0.0011604685737337504,0.0011604685737337504,6.59016003598683e-05,0.0013631246
1792,0.0012020093143089777,0.0012020093143089777,9.475399347628077e-05,0.001579669
1793,0.0012390290244689418,0.0012390290244689418,7.572425793045154e-05,0.0014549253
1794,0.0011394768642882505,0.0011394768642882505,9.147536343082012e-05,0.0012929596
1795,0.0011818360925341645,0.0011818360925341645,7.965248680205959e-05,0.0013805558
1796,0.0012274370360602106,0.0012274370360602106,5.972453977089269e-05,0.0014850864
1797,0.0011447426746599375,0.0011447426746599375,8.537174764076857e-05,0.001285273
1798,0.0012454904861644738,0.0012454904861644738,8.522474659381866e-05,0.0013130018
1799,0.0011528771538804803,0.0011528771538804803,7.313282430029884e-05,0.0012993113
1800,0.0011879126696536938,0.0011879126696536938,8.182401633623184e-05,0.0014468534
1801,0.0011381502715974217,0.0011381502715974217,5.984136165200956e-05,0.0013091471
1802,0.0011575955832894478,0.0011575955832894478,7.717407096876627e-05,0.0013699395
1803,0.0011843680533477003,0.0011843680533477003,7.057789215549645e-05,0.0014976765
1804,0.0011633696901198062,0.0011633696901198062,8.16198222528344e-05,0.0013054584
1805,0.001119807848913802,0.001119807848913802,8.53588577375793e-05,0.0012950184
1806,0.001133055675826553,0.001133055675826553,7.91625558185337e-05,0.0012635909
1807,0.0011288947994924255,0.0011288947994924255,8.888178430544889e-05,0.0013526413
1808,0.001163410251804938,0.001163410251804938,9.42013312478846e-05,0.0012584588
1809,0.0011313967885346048,0.0011313967885346048,7.870178060076998e-05,0.0013719124
1810,0.0011958858748483988,0.0011958858748483988,8.284112764916548e-05,0.0013650948
1811,0.0011769755174302393,0.0011769755174302393,7.466017886928158e-05,0.0013015844
1812,0.0011754291287312906,0.0011754291287312906,6.586108737924837e-05,0.0014097278
1813,0.0011826481644271148,0.0011826481644271148,7.403103825876924e-05,0.0012483458
1814,0.0012030545027098723,0.0012030545027098723,8.585495603692865e-05,0.0016867288
1815,0.001292978469023688,0.001292978469023688,8.831898867987952e-05,0.0012822555
1816,0.0011789287621569303,0.0011789287621569303,9.332918430749891e-05,0.0013997403
1817,0.001163999225375139,0.001163999225375139,8.141110853456565e-05,0.001397013
1818,0.0012222218340159291,0.0012222218340159291,7.929536199504896e-05,0.0013651748
1819,0.0011186407503878905,0.0011186407503878905,9.793089242198979e-05,0.0013388589
1820,0.0011400299690042933,0.0011400299690042933,7.329988896754476e-05,0.0013651032
1821,0.001135778864328232,0.001135778864328232,7.234085309796178e-05,0.0013944813
1822,0.001131221135923018,0.001131221135923018,5.920175109679842e-05,0.0013265586
1823,0.0012480638274509047,0.0012480638274509047,9.316248239580698e-05,0.0014247046
1824,0.0012891338465528357,0.0012891338465528357,0.00011280854292989614,0.0016133271
1825,0.0012867662835762733,0.0012867662835762733,8.396549139635883e-05,0.0016610726
1826,0.0012242341194198363,0.0012242341194198363,7.42578723354765e-05,0.0015751895
1827,0.0012925076647661627,0.0012925076647661627,8.270869707939098e-05,0.0013442602
1828,0.0011617078432916766,0.0011617078432916766,7.516273854820059e-05,0.0013628325
1829,0.0013281841374312838,0.0013281841374312838,9.724788631868049e-05,0.0017163947
1830,0.001244238479476836,0.001244238479476836,0.00010477549256115992,0.001424725
1831,0.001188592764083296,0.001188592764083296,6.608712571881546e-05,0.0014907205
1832,0.0012605205902622807,0.0012605205902622807,9.949251760903937e-05,0.0013509166
1833,0.001211456636277338,0.001211456636277338,8.478588138637457e-05,0.0012690017
1834,0.001090587552688602,0.001090587552688602,6.75292932145213e-05,0.0014626044
1835,0.001119519600696448,0.001119519600696448,7.159933341730115e-05,0.0013745698
1836,0.0011809293620495332,0.0011809293620495332,7.990090110625816e-05,0.0015509598
1837,0.0011434608488343656,0.0011434608488343656,8.182181546393016e-05,0.0013027006
1838,0.0012657606224012045,0.0012657606224012045,6.5185127565807e-05,0.0013580666
1839,0.0012259891838766635,0.0012259891838766635,8.70133642442915e-05,0.0014878607
1840,0.00124758529321601,0.00124758529321601,7.04718835360533e-05,0.0013995848
1841,0.00125354814550115,0.00125354814550115,8.236972830862517e-05,0.0013077797
1842,0.0011343554981673757,0.0011343554981673757,6.633763544914789e-05,0.0013395587
1843,0.0011571807851497497,0.0011571807851497497,6.965823963577687e-05,0.0014810812
1844,0.0011777891479949985,0.0011777891479949985,7.678074138950633e-05,0.0013993995
1845,0.0012039466644637286,0.0012039466644637286,7.943735047414673e-05,0.0013024247
1846,0.0011634975645898116,0.0011634975645898116,7.555680318998744e-05,0.0013300861
1847,0.0012323936602721612,0.0012323936602721612,8.646383425721598e-05,0.0012914916
1848,0.0011520842749935885,0.0011520842749935885,8.245929046147972e-05,0.0012449163
1849,0.0011631695333764785,0.0011631695333764785,8.110204413840608e-05,0.001331266
1850,0.0011896025492913194,0.0011896025492913194,7.566466054716632e-05,0.0013821704
1851,0.001144663354433659,0.001144663354433659,9.11657667899135e-05,0.0013266049
1852,0.0011343176657747892,0.0011343176657747892,7.70001349177818e-05,0.001552394
1853,0.0012377718657565614,0.0012377718657565614,7.616583200413314e-05,0.0013396753
1854,0.0011439883900392386,0.0011439883900392386,7.712549548841708e-05,0.0013610406
1855,0.0011110129636815852,0.0011110129636815852,5.902931066164759e-05,0.0013274051
1856,0.0011772569863953523,0.0011772569863953523,7.941519408297559e-05,0.0014519913
1857,0.001212399076515188,0.001212399076515188,7.150202719559375e-05,0.0013232791
1858,0.001145891899553438,0.001145891899553438,9.629508717405126e-05,0.0014634383
1859,0.001127961098164734,0.001127961098164734,7.205587742823304e-05,0.0013270781
1860,0.001183824211410764,0.001183824211410764,7.597656830410236e-05,0.0013849144
1861,0.0011577373241177863,0.0011577373241177863,6.102940972836121e-05,0.0016155171
1862,0.001191859203390777,0.001191859203390777,8.197710431742975e-05,0.0012467691
1863,0.0012070381949241791,0.0012070381949241791,8.720660440909948e-05,0.0014487869
1864,0.0011919772420595917,0.0011919772420595917,8.600050501286204e-05,0.0014972908
1865,0.0012109947339114216,0.0012109947339114216,9.133000209663086e-05,0.0013344786
1866,0.0012535451329313218,0.0012535451329313218,6.550793347880952e-05,0.0015712748
1867,0.0012294299952271912,0.0012294299952271912,7.704516769801255e-05,0.0014111444
1868,0.0011406762421958976,0.0011406762421958976,6.907592796210338e-05,0.001362226
1869,0.0011353532913037472,0.0011353532913037472,5.503261846955512e-05,0.0012743371
1870,0.0011578396493051614,0.0011578396493051614,9.322811945082776e-05,0.001284332
1871,0.0011260675499215722,0.0011260675499215722,7.92745474613178e-05,0.0013299402
1872,0.0011643480509519577,0.0011643480509519577,7.688735114294885e-05,0.0014591416
1873,0.0012070608493458066,0.0012070608493458066,9.286436285888915e-05,0.001584347
1874,0.001172580846792294,0.001172580846792294,9.118187008615072e-05,0.0012690477
1875,0.001192254514899105,0.001192254514899105,7.731250326476295e-05,0.0013872517
1876,0.0011810585326101216,0.0011810585326101216,7.93096729113232e-05,0.0014397627
1877,0.001182138652075082,0.001182138652075082,7.721692869672047e-05,0.0012627195
1878,0.0011360384213427702,0.0011360384213427702,7.565192518591681e-05,0.0013179346
1879,0.0011845004240361352,0.0011845004240361352,4.848520093937559e-05,0.0013283298
1880,0.0011749746549564104,0.0011749746549564104,8.077667738884346e-05,0.0016307689
1881,0.0012889526008317868,0.0012889526008317868,8.132015995935642e-05,0.0015865313
1882,0.001238819855886201,0.001238819855886201,0.00013037908555872945,0.001463035
1883,0.001158937453551011,0.001158937453551011,7.130465377969131e-05,0.0014396518
1884,0.001166342712369644,0.001166342712369644,8.003358897591776e-05,0.0015000866
1885,0.0011729788720711237,0.0011729788720711237,7.526115016642305e-05,0.001309405
1886,0.0012013612573759424,0.0012013612573759424,8.363280763635177e-05,0.0013127293
1887,0.0011545629175897273,0.0011545629175897273,8.481190219653299e-05,0.0015548209
1888,0.0012056240359217757,0.0012056240359217757,0.00011109943691470411,0.0013920062
1889,0.00114649552722565,0.00114649552722565,7.505414753394588e-05,0.0013194325
1890,0.001132319228620165,0.001132319228620165,7.764185501473422e-05,0.001249507
1891,0.0011238622000544435,0.0011238622000544435,6.707100632689213e-05,0.0013353524
1892,0.0011062440501215557,0.0011062440501215557,6.794566810382423e-05,0.0013251788
1893,0.0011429638420749043,0.0011429638420749043,9.01401130327094e-05,0.0013082671
1894,0.0011391342733986676,0.0011391342733986676,7.854201546327506e-05,0.0013708393
1895,0.0011657747905701398,0.0011657747905701398,7.51869475935665e-05,0.0013945292
1896,0.001140639745992505,0.001140639745992505,6.363420382816306e-05,0.0012541553
1897,0.0011480500624101195,0.0011480500624101195,7.69213239891542e-05,0.0013594573
1898,0.0011744257463659677,0.0011744257463659677,8.061064321130592e-05,0.0014756066
1899,0.0012040434573363098,0.0012040434573363098,9.046014686886237e-05,0.0016869835
1900,0.0012731881799279816,0.0012731881799279816,9.362759665434181e-05,0.0013818854
1901,0.0011870030934611957,0.0011870030934611957,8.232652501950118e-05,0.0013169815
1902,0.0011348045547492803,0.0011348045547492803,7.950982799213888e-05,0.0012692114
1903,0.001124352769046608,0.001124352769046608,7.389530055787772e-05,0.0013406909
1904,0.001186610365079509,0.001186610365079509,8.526216479430736e-05,0.0014559161
1905,0.0011666835363333425,0.0011666835363333425,9.471498931235247e-05,0.0013869607
1906,0.0012724908029971024,0.0012724908029971024,0.00011707282822454898,0.0013021595
1907,0.0012458637602523798,0.0012458637602523798,8.58942478787286e-05,0.0014191861
1908,0.0012410545799260337,0.0012410545799260337,9.431997824170443e-05,0.0015821517
1909,0.0012250855940187143,0.0012250855940187143,8.439981331947578e-05,0.0013358858
1910,0.0011667134861151377,0.0011667134861151377,8.028774576496447e-05,0.001203179
1911,0.0011997336198368833,0.0011997336198368833,7.656336059780087e-05,0.0014502214
1912,0.0011865499222444163,0.0011865499222444163,6.19904653935327e-05,0.0013719562
1913,0.0011745321008169818,0.0011745321008169818,8.253987412242875e-05,0.0013759542
1914,0.0011346913990564645,0.0011346913990564645,6.50882274688532e-05,0.0013544562
1915,0.0011935511409925917,0.0011935511409925917,8.321099601668417e-05,0.00156716
1916,0.00117382091573543,0.00117382091573543,7.165384470100535e-05,0.0012895725
1917,0.0011441424165645408,0.0011441424165645408,6.406440687882764e-05,0.0014407604
1918,0.0011913441212123466,0.0011913441212123466,7.373060363988771e-05,0.0013917249
1919,0.0012871524655363627,0.0012871524655363627,8.374188699250674e-05,0.0015147676
1920,0.0013061529698057306,0.0013061529698057306,0.00010627619995552272,0.001481666
1921,0.0013105836321806743,0.0013105836321806743,7.602174559354266e-05,0.0012851943
1922,0.0012183276522490713,0.0012183276522490713,0.00010744687909682366,0.0013558628
1923,0.0011530217313621607,0.0011530217313621607,7.83803614376207e-05,0.0015151816
1924,0.001137172732140041,0.001137172732140041,7.245418943292571e-05,0.0013338082
1925,0.0011655580420564446,0.0011655580420564446,7.362692489544366e-05,0.0013625204
1926,0.0011505020808221566,0.0011505020808221566,7.457358955838976e-05,0.0014172499
1927,0.0011667724517691466,0.0011667724517691466,8.19595798546402e-05,0.0015995785
1928,0.001204856081555287,0.001204856081555287,7.130658459636329e-05,0.0013360991
1929,0.001152683842358076,0.001152683842358076,9.258836466554182e-05,0.0013971133
1930,0.0011343279646502601,0.0011343279646502601,8.100722603438094e-05,0.0015359017
1931,0.0012466315089517998,0.0012466315089517998,0.00010547210526712863,0.0012917684
1932,0.0011497251986939874,0.0011497251986939874,6.457033851461346e-05,0.0013904189
1933,0.001139302324089739,0.001139302324089739,7.63333814303577e-05,0.0013973657
1934,0.0012347394910951456,0.0012347394910951456,8.124527506739001e-05,0.0014118215
1935,0.0011526758058203591,0.0011526758058203591,9.999684268211518e-05,0.0013095019
1936,0.0011584502489616474,0.0011584502489616474,7.930223192210582e-05,0.0012958165
1937,0.0011268077870934374,0.0011268077870934374,8.049357219432648e-05,0.0013604964
1938,0.0011555172554734681,0.0011555172554734681,8.762711189168234e-05,0.0013325345
1939,0.0012073758873157204,0.0012073758873157204,8.727476278084605e-05,0.001305223
1940,0.0011748317823124428,0.0011748317823124428,8.437429297790308e-05,0.0013392253
1941,0.00114470976146145,0.00114470976146145,7.767680501727072e-05,0.0012503824
1942,0.0011143200474584268,0.0011143200474584268,9.62290049503483e-05,0.0015158496
1943,0.0011771285673603416,0.0011771285673603416,7.626080022949585e-05,0.0013219677
1944,0.0011567486475946174,0.0011567486475946174,8.994078977637956e-05,0.0013646762
1945,0.0012348537410919866,0.0012348537410919866,9.67222061212346e-05,0.0013491968
1946,0.0011661007858088446,0.0011661007858088446,7.639975030863235e-05,0.0013176507
1947,0.0011640905544886158,0.0011640905544886158,9.028743844383927e-05,0.0012846285
1948,0.0011594158092824121,0.0011594158092824121,6.89045030607676e-05,0.0013122659
1949,0.0011635642252965934,0.0011635642252965934,7.27572979185551e-05,0.0012937267
1950,0.0010792560733130408,0.0010792560733130408,6.936256140319428e-05,0.0013828261
1951,0.001128854355516119,0.001128854355516119,8.025544595915518e-05,0.0012497565
1952,0.0011522811333027978,0.0011522811333027978,7.873458500490137e-05,0.0013397302
1953,0.001136724388278607,0.001136724388278607,7.970822488390341e-05,0.0013157929
1954,0.0012006487477467292,0.0012006487477467292,6.066587669629876e-05,0.001432236
1955,0.0011839440351145134,0.0011839440351145134,0.00012117762887989949,0.0013052161
1956,0.0011616227191148533,0.0011616227191148533,6.356629899831509e-05,0.0013872758
1957,0.0011669427803200152,0.0011669427803200152,6.911864548189643e-05,0.0014200014
1958,0.001157377454607437,0.001157377454607437,8.581158156568926e-05,0.0013302251
1959,0.0010968927707937029,0.0010968927707937029,7.127184652489207e-05,0.0012892986
1960,0.0011996283157107732,0.0011996283157107732,8.705600796577389e-05,0.001640347
1961,0.0012749679658251504,0.0012749679658251504,0.00013736870974601819,0.0012925485
1962,0.001230935817066994,0.001230935817066994,6.152113041291152e-05,0.0015000775
1963,0.0011677743698884217,0.0011677743698884217,7.610691870038662e-05,0.001385806
1964,0.0012735245322498183,0.0012735245322498183,8.076671808668025e-05,0.0014297733
1965,0.0011915435122015576,0.0011915435122015576,9.032400557352894e-05,0.0014362951
1966,0.0012244052292468648,0.0012244052292468648,8.79300086084969e-05,0.0013015677
1967,0.0012176162886640264,0.0012176162886640264,7.993105647603471e-05,0.0012753916
1968,0.001217484049912956,0.001217484049912956,0.00010605635013146885,0.0012789147
1969,0.0011372771605642307,0.0011372771605642307,6.720610446804029e-05,0.0013673425
1970,0.0011867001769132913,0.0011867001769132913,7.780785330767278e-05,0.0012668184
1971,0.0011808081620579792,0.0011808081620579792,8.125797727289965e-05,0.0014541072
1972,0.0012014572793203923,0.0012014572793203923,5.915823188552672e-05,0.0013269373
1973,0.0012320655113500026,0.0012320655113500026,8.299034138114318e-05,0.0014695568
1974,0.001123084492670993,0.001123084492670993,7.92460570030092e-05,0.0014085023
1975,0.001263016595556918,0.001263016595556918,0.00010377044117275445,0.0014318993
1976,0.0012054855896470448,0.0012054855896470448,7.166444414576429e-05,0.0013607115
1977,0.001158952552618252,0.001158952552618252,8.249290026974955e-05,0.0013837094
1978,0.0011101880511786375,0.0011101880511786375,7.087667821627816e-05,0.0013339565
1979,0.0011568545894179907,0.0011568545894179907,9.386824938767783e-05,0.0014876096
1980,0.0012126987334340812,0.0012126987334340812,7.208797274174116e-05,0.001328145
1981,0.0011993105406872928,0.0011993105406872928,6.362894250071034e-05,0.0013351032
1982,0.0011878131164444817,0.0011878131164444817,0.00011253234421373134,0.0013773137
1983,0.0011744194198399782,0.0011744194198399782,6.882712597568267e-05,0.0014850346
1984,0.0011550326029666595,0.0011550326029666595,9.779935361709451e-05,0.001233163
1985,0.001150614492750416,0.001150614492750416,6.55090584546356e-05,0.0013394963
1986,0.0011472173837117022,0.0011472173837117022,7.777152671400876e-05,0.0013845052
1987,0.0011625625581170123,0.0011625625581170123,8.23694194195923e-05,0.0015892686
1988,0.0012561528904673953,0.0012561528904673953,7.177274698809318e-05,0.0013841997
1989,0.0011210478493012487,0.0011210478493012487,8.24033208734439e-05,0.0012663673
1990,0.001104288883248551,0.001104288883248551,6.660882996211765e-05,0.0013004678
1991,0.0012128735918344722,0.0012128735918344722,9.249802312064996e-05,0.0013369403
1992,0.0011862213930322065,0.0011862213930322065,7.669098171289888e-05,0.0013408049
1993,0.0011518145549214548,0.0011518145549214548,7.213323018431496e-05,0.0012378456
1994,0.0012285058541844289,0.0012285058541844289,8.197175998500623e-05,0.0013965896
1995,0.0011754313833080231,0.0011754313833080231,7.860956455184957e-05,0.0013223004
1996,0.001147742857897861,0.001147742857897861,7.646548796142522e-05,0.0013455674
1997,0.001197223439036558,0.001197223439036558,8.894145188125751e-05,0.0014627927
1998,0.001223896298971441,0.001223896298971441,9.097871801360371e-05,0.0013918099
1999,0.0011497382048724426,0.0011497382048724426,8.739691265620624e-05,0.0014339094
2000,0.0011390794547171228,0.0011390794547171228,6.625140204303332e-05,0.0013621547
2001,0.0011576635116297338,0.0011576635116297338,7.806522935217922e-05,0.0012868186
2002,0.0011419202459769116,0.0011419202459769116,7.673091202680856e-05,0.0015175827
2003,0.0011374621639131672,0.0011374621639131672,7.065806113991534e-05,0.001321048
2004,0.0011280700758409996,0.0011280700758409996,8.841519854669855e-05,0.001376403
2005,0.0011104284358831743,0.0011104284358831743,7.667306142088314e-05,0.001338099
2006,0.0012577761184527643,0.0012577761184527643,0.00011554350981492057,0.0012559592
2007,0.0011697508187757599,0.0011697508187757599,8.260782874600637e-05,0.0013844781
2008,0.0012266694141241411,0.0012266694141241411,9.346030930272618e-05,0.0013344957
2009,0.0010926155852050417,0.0010926155852050417,6.756110862992968e-05,0.0014476052
2010,0.0011579720329286324,0.0011579720329286324,0.00010248787836846734,0.0014272179
2011,0.0011836551867115,0.0011836551867115,6.373648365218068e-05,0.001412101
2012,0.001134202568533106,0.001134202568533106,6.744513333782405e-05,0.0013809691
2013,0.0011015154731770357,0.0011015154731770357,6.933072422220398e-05,0.0014368413
2014,0.0011549035837459896,0.0011549035837459896,9.987299057835722e-05,0.0015628745
2015,0.001282998725461463,0.001282998725461463,0.0001319761216153539,0.0014236777
2016,0.0011924072944869597,0.0011924072944869597,6.87590897720093e-05,0.0013009311
2017,0.0012008198730958004,0.0012008198730958004,6.0357425129373455e-05,0.0014136356
2018,0.001081082994480514,0.001081082994480514,7.459758524722323e-05,0.0012762431
2019,0.0011851436264502504,0.0011851436264502504,8.158520184969752e-05,0.0014653812
2020,0.0012100031793427963,0.0012100031793427963,9.159177775915042e-05,0.0013228673
2021,0.0010880933983975815,0.0010880933983975815,8.94684940476509e-05,0.0013563776
2022,0.0011403606790635322,0.0011403606790635322,7.980236641710943e-05,0.0012809881
2023,0.0012088967370800674,0.0012088967370800674,7.52220203461699e-05,0.0013117038
2024,0.0011209053090877003,0.0011209053090877003,9.372555503767267e-05,0.0012517716
2025,0.00115423136157915,0.00115423136157915,0.00010075531008134754,0.0013452984
2026,0.001124330762670272,0.001124330762670272,7.871305622333895e-05,0.0013289402
2027,0.0011626374739636149,0.0011626374739636149,7.912195429279714e-05,0.0013225406
2028,0.0011581719012206627,0.0011581719012206627,8.444249079515329e-05,0.0013549378
2029,0.0012892370151045421,0.0012892370151045421,6.862103080607085e-05,0.0013680564
2030,0.001207655037028922,0.001207655037028922,8.086884106527729e-05,0.0013533784
2031,0.0011993686991950705,0.0011993686991950705,9.088072650939892e-05,0.0016280999
2032,0.0012139240422079133,0.0012139240422079133,8.709583199346787e-05,0.0015005232
2033,0.0011766443468837274,0.0011766443468837274,8.150663571756903e-05,0.0013260446
2034,0.0011351308099822037,0.0011351308099822037,9.266886983520332e-05,0.001316467
2035,0.0011741588551861545,0.0011741588551861545,7.934847719500087e-05,0.0014180585
2036,0.0011826592536332706,0.0011826592536332706,8.722180057867648e-05,0.0018385375
2037,0.0012879019835963846,0.0012879019835963846,0.00011054029994536703,0.0014160322
2038,0.0011397054380116363,0.0011397054380116363,8.065914552288532e-05,0.001353226
2039,0.0011507727839570078,0.0011507727839570078,8.986195304537938e-05,0.0013945164
2040,0.001176900432134668,0.001176900432134668,9.032066614338419e-05,0.0012769717
2041,0.001112930634472933,0.001112930634472933,9.674423998325841e-05,0.0013607418
2042,0.0011750552479902075,0.0011750552479902075,7.553491903991016e-05,0.0013225799
2043,0.0012068279889515705,0.0012068279889515705,0.00011573825866232963,0.001269385
2044,0.0012017315486446023,0.0012017315486446023,8.306122826001862e-05,0.0014536865
2045,0.001204719508273734,0.001204719508273734,8.874778741174951e-05,0.0013242156
2046,0.001177107507828623,0.001177107507828623,6.624840763914798e-05,0.0012479987
2047,0.001093584358588689,0.001093584358588689,7.094614024099302e-05,0.0015769306
2048,0.0011604211254355808,0.0011604211254355808,7.519434448113315e-05,0.0014491699
2049,0.001130898922888769,0.001130898922888769,7.744993303933572e-05,0.0013607524
2050,0.0011415325790747172,0.0011415325790747172,7.813470366878998e-05,0.0012833505
2051,0.0011761007752890387,0.0011761007752890387,7.914563791726121e-05,0.0015501255
2052,0.0011810394340298243,0.0011810394340298243,7.061975493848473e-05,0.0013153229
2053,0.0011486190203059878,0.0011486190203059878,7.769740257070149e-05,0.0013519297
2054,0.0011346732654298345,0.0011346732654298345,8.610044232442407e-05,0.0013608151
2055,0.0010904090931742555,0.0010904090931742555,6.900652377572511e-05,0.0015495048
2056,0.0011685212336791059,0.0011685212336791059,7.954859028258296e-05,0.0014391482
2057,0.0011642741556796763,0.0011642741556796763,5.6062584574887194e-05,0.0013929455
2058,0.0011545787306709422,0.0011545787306709422,9.011472844172709e-05,0.001393244
2059,0.0011188604118716385,0.0011188604118716385,6.63998595099555e-05,0.0013869694
2060,0.0011559770558960737,0.0011559770558960737,7.251628410232216e-05,0.0012633436
2061,0.0011649241929666864,0.0011649241929666864,7.305388377590007e-05,0.0013097116
2062,0.0011355463260163863,0.0011355463260163863,7.297675075837637e-05,0.0013369509
2063,0.0011300006894291274,0.0011300006894291274,7.652292263679151e-05,0.0014093271
2064,0.0012021123004766802,0.0012021123004766802,0.00015642112156386803,0.0014695479
2065,0.001093913945886824,0.001093913945886824,7.0865370116735e-05,0.0012692228
2066,0.0011367779393266473,0.0011367779393266473,7.066701384196171e-05,0.0014049701
2067,0.001177939839868082,0.001177939839868082,6.950434920124988e-05,0.0013163785
2068,0.0011558228275842138,0.0011558228275842138,7.385730221408772e-05,0.0013867709
2069,0.0011617976900500555,0.0011617976900500555,7.821431952157454e-05,0.001286362
2070,0.0010844654403626918,0.0010844654403626918,7.107496994060745e-05,0.0013231585
2071,0.0011333140040126939,0.0011333140040126939,7.921074018655519e-05,0.0014089978
2072,0.0012179030144276717,0.0012179030144276717,7.688999341681521e-05,0.0013944131
2073,0.0011626959092811578,0.0011626959092811578,7.427113083622317e-05,0.0012924001
2074,0.0010861244660595225,0.0010861244660595225,6.895874781892451e-05,0.0013176944
2075,0.0011399703747075466,0.0011399703747075466,8.639928552030243e-05,0.0012606672
2076,0.0011074633363427388,0.0011074633363427388,6.700772696941471e-05,0.0012538444
2077,0.001167867825521777,0.001167867825521777,6.859749957912855e-05,0.001419731
2078,0.0012056555081572798,0.0012056555081572798,8.947820900162797e-05,0.0013658874
2079,0.0011149780488469534,0.0011149780488469534,8.174607171187946e-05,0.0013732808
2080,0.0011558260755716926,0.0011558260755716926,7.616337821521786e-05,0.0014298457
2081,0.0011504178620978362,0.0011504178620978362,8.500473336678423e-05,0.0013182086
2082,0.0012108978052209648,0.0012108978052209648,5.49587281219393e-05,0.0013781108
2083,0.001159945659391168,0.001159945659391168,0.00010230687807961658,0.0012840686
2084,0.001185097227183481,0.001185097227183481,9.256429656261389e-05,0.0013431677
2085,0.0011508667362957366,0.0011508667362957366,8.016676549181688e-05,0.0013931688
2086,0.0011311408313405182,0.0011311408313405182,6.918291044510422e-05,0.0013765498
2087,0.001186394956635518,0.001186394956635518,0.00012626575240170092,0.0014484714
2088,0.001172736108613511,0.001172736108613511,8.11048909705884e-05,0.0014846835
2089,0.0011911821241180102,0.0011911821241180102,8.904243343942477e-05,0.0013694691
2090,0.0011238233651965856,0.0011238233651965856,7.369434652559903e-05,0.0014318627
2091,0.001125977545355757,0.001125977545355757,9.829768354292254e-05,0.0013642006
2092,0.0011397054625882043,0.0011397054625882043,7.398888435040539e-05,0.0013055203
2093,0.0011929150256845685,0.0011929150256845685,8.8606749680922e-05,0.0013189453
2094,0.0011354780406691134,0.0011354780406691134,8.541208776486404e-05,0.0012889791
2095,0.0011431117037621638,0.0011431117037621638,9.07009285040456e-05,0.001255236
2096,0.0010918531980779436,0.0010918531980779436,7.231999010931152e-05,0.0013186674
2097,0.001178735529538244,0.001178735529538244,7.755504358202517e-05,0.0015593244
2098,0.0011391657029485537,0.0011391657029485537,8.690267607107671e-05,0.0012569898
2099,0.0011873625645724437,0.0011873625645724437,7.179167029991933e-05,0.001344971
2100,0.001110823875448356,0.001110823875448356,7.958104531300908e-05,0.0013408911
2101,0.0011201185394181974,0.0011201185394181974,8.06924463741865e-05,0.0012846335
2102,0.0011234634827512007,0.0011234634827512007,7.055145961850762e-05,0.0014038807
2103,0.0011253150891409151,0.0011253150891409151,8.737008413517186e-05,0.0012652253
2104,0.001115797637289183,0.001115797637289183,7.885305269656781e-05,0.0012459082
2105,0.0011295131976819701,0.0011295131976819701,6.797770246767717e-05,0.0012793426
2106,0.001135288931739827,0.001135288931739827,8.278909707401836e-05,0.0013372302
2107,0.0011317434643084805,0.0011317434643084805,9.664063979547185e-05,0.0013391775
2108,0.001111647570764439,0.001111647570764439,7.950732403732748e-05,0.001251054
2109,0.0010740459935429196,0.0010740459935429196,7.73455956931457e-05,0.001363332
2110,0.0011161532951518894,0.0011161532951518894,6.381920089629666e-05,0.0012506682
2111,0.0011403128504753114,0.0011403128504753114,8.06581898725906e-05,0.001361449
2112,0.0011463496614144081,0.0011463496614144081,8.524708750662234e-05,0.0013305194
2113,0.0011486287862579856,0.0011486287862579856,7.566237796526012e-05,0.0013113493
2114,0.0011160439876322116,0.0011160439876322116,7.714301840577617e-05,0.0014333078
2115,0.001141267237512188,0.001141267237512188,0.00010065622711958137,0.0013490631
2116,0.0011948650612288879,0.0011948650612288879,7.69397103866254e-05,0.0013891154
2117,0.0011163545643082923,0.0011163545643082923,7.243829590382549e-05,0.0013902904
2118,0.0011852303959636224,0.0011852303959636224,0.00013080527292951653,0.0013347156
2119,0.0011155788308112985,0.0011155788308112985,8.195688126662048e-05,0.0013909726
2120,0.0011088723472009103,0.0011088723472009103,7.018241822489803e-05,0.001294496
2121,0.001095910300500691,0.001095910300500691,8.406896436624499e-05,0.0013265671
2122,0.0010867651513156791,0.0010867651513156791,7.09230475346582e-05,0.0013365702
2123,0.0011240574647672474,0.0011240574647672474,8.327747452609754e-05,0.0013441163
2124,0.001123703237519496,0.001123703237519496,8.531777336378986e-05,0.0013892757
2125,0.0011759072593930694,0.0011759072593930694,7.114547022710996e-05,0.0013303914
2126,0.0011452541414958735,0.0011452541414958735,7.76101889689487e-05,0.001415249
2127,0.0012104561047938964,0.0012104561047938964,9.579417690651503e-05,0.0012890823
2128,0.0010990482237603928,0.0010990482237603928,7.66342045583062e-05,0.0015525966
2129,0.0011494588106870651,0.0011494588106870651,7.515299149504094e-05,0.0013171094
2130,0.0011109757094850971,0.0011109757094850971,7.828457975907415e-05,0.001368354
2131,0.001124732962085141,0.001124732962085141,9.152819812341148e-05,0.0013282201
2132,0.00119679904051332,0.00119679904051332,8.647938198611785e-05,0.0015386422
2133,0.0011885660907460583,0.0011885660907460583,9.128010533837975e-05,0.00153937
2134,0.0011350454012345936,0.0011350454012345936,7.868673016749501e-05,0.0014461895
2135,0.0011209579210521446,0.0011209579210521446,6.791581344869099e-05,0.0013999107
2136,0.0011756197730493215,0.0011756197730493215,6.424371777534867e-05,0.0013254056
2137,0.001088710713924633,0.001088710713924633,7.555337128779784e-05,0.0013678285
2138,0.0012165901988434294,0.0012165901988434294,8.352576937827254e-05,0.0013232223
2139,0.001116759772412479,0.001116759772412479,6.844159443946612e-05,0.0012660082
2140,0.0011662026052363216,0.0011662026052363216,7.536281272450602e-05,0.0012807746
2141,0.0011240221003794835,0.0011240221003794835,7.580422139754874e-05,0.001443871
2142,0.0011724365590554144,0.0011724365590554144,9.232514491274281e-05,0.0013615174
2143,0.0011721941991709173,0.0011721941991709173,8.272743995879258e-05,0.0012728386
2144,0.0010966048084406388,0.0010966048084406388,8.373854885614188e-05,0.0012495691
2145,0.0010809859739513033,0.0010809859739513033,6.626600352047282e-05,0.0013145463
2146,0.0011441540800862843,0.0011441540800862843,9.036250107526831e-05,0.0013916157
2147,0.0012226923718117177,0.0012226923718117177,8.15376668866108e-05,0.0014336461
2148,0.0011386035747515658,0.0011386035747515658,6.88165220591625e-05,0.0013019084
2149,0.0011583264102227985,0.0011583264102227985,8.448104500505198e-05,0.0013528754
2150,0.0011262828626462983,0.0011262828626462983,8.47996144847861e-05,0.0014626286
2151,0.0011074411359408664,0.0011074411359408664,7.632516986930682e-05,0.0012923772
2152,0.0010740789856451252,0.0010740789856451252,6.939397866163845e-05,0.0013193161
2153,0.0011161428746870822,0.0011161428746870822,6.99959697183456e-05,0.0013655047
2154,0.0011106088912735382,0.0011106088912735382,8.49537779412262e-05,0.0014283779
2155,0.0011319141809104218,0.0011319141809104218,9.259273371261163e-05,0.0012913418
2156,0.001124089140082813,0.001124089140082813,7.597377191359556e-05,0.0013227263
2157,0.0010940333078097966,0.0010940333078097966,7.594203474125847e-05,0.0013336523
2158,0.0011861981384249198,0.0011861981384249198,8.461580892395027e-05,0.0015206315
2159,0.0011217629187740385,0.0011217629187740385,7.570295491253395e-05,0.0014048124
2160,0.0011430550172614555,0.0011430550172614555,7.369963417052835e-05,0.0013783864
2161,0.001172559157324334,0.001172559157324334,6.589443365656835e-05,0.0014597588
2162,0.0011983728851191699,0.0011983728851191699,8.508118789036542e-05,0.001281316
2163,0.0011053312867362467,0.0011053312867362467,8.954404165864262e-05,0.0013347808
2164,0.001138005167659786,0.001138005167659786,6.567993477849162e-05,0.0013125639
2165,0.0011704686356501447,0.0011704686356501447,9.304664690716891e-05,0.0015510952
2166,0.0011625434530691968,0.0011625434530691968,8.570133325494191e-05,0.0013381274
2167,0.0012144248518678876,0.0012144248518678876,0.00010286920843811171,0.0013152035
2168,0.001109956225587262,0.001109956225587262,6.743200808677507e-05,0.0014394232
2169,0.0011984038554752865,0.0011984038554752865,7.853460439785445e-05,0.0012911294
2170,0.0011461320320247776,0.0011461320320247776,8.548939783818494e-05,0.0013516436
2171,0.00112413687683228,0.00112413687683228,9.428835438080164e-05,0.0016170611
2172,0.001219152488435308,0.001219152488435308,0.00011515668160579177,0.0013151095
2173,0.0011260811407636437,0.0011260811407636437,7.913843368522559e-05,0.0012986779
2174,0.0011724816247199973,0.0011724816247199973,0.00011575127985814504,0.0013962287
2175,0.0011349124432955351,0.0011349124432955351,7.776876728971476e-05,0.0013395139
2176,0.0010781429889094498,0.0010781429889094498,7.025054278434103e-05,0.0012542559
2177,0.0011259860643703077,0.0011259860643703077,7.053134953088779e-05,0.0013594815
2178,0.0011433233468172452,0.0011433233468172452,8.524444398163824e-05,0.0013538388
2179,0.0011248655888872843,0.0011248655888872843,8.055179757380731e-05,0.0012605384
2180,0.0011220009919876853,0.0011220009919876853,6.302432800826787e-05,0.0013014976
2181,0.0011567078246217635,0.0011567078246217635,0.000103575662884244,0.0015078681
2182,0.0011812804538446169,0.0011812804538446169,8.756129599937089e-05,0.0013901594
2183,0.0011394699259350697,0.0011394699259350697,9.062846848893161e-05,0.0014039364
2184,0.001067122112080041,0.001067122112080041,9.227979545310837e-05,0.0013901835
2185,0.001106293649516172,0.001106293649516172,8.543920498090705e-05,0.0012798773
2186,0.001108225369049857,0.001108225369049857,8.482209553019654e-05,0.0013925765
2187,0.0010974695634407303,0.0010974695634407303,7.655034139336042e-05,0.0013489834
2188,0.0011559922183449897,0.0011559922183449897,8.062226770056845e-05,0.0013354477
2189,0.0010922103693398336,0.0010922103693398336,7.474605849893124e-05,0.0012753494
2190,0.0011161409253771933,0.0011161409253771933,8.812324003426082e-05,0.001320656
2191,0.0011700609582476317,0.0011700609582476317,6.570449068938641e-05,0.0013825422
2192,0.001151740215977447,0.001151740215977447,8.016745390098853e-05,0.0013710563
2193,0.0011428001323818332,0.0011428001323818332,6.076799520100293e-05,0.0012455365
2194,0.0011444741471981009,0.0011444741471981009,7.117646254326045e-05,0.001259245
2195,0.0010995187227510743,0.0010995187227510743,7.891857030707506e-05,0.0013646792
2196,0.001097073305087785,0.001097073305087785,7.786008117262907e-05,0.0014212315
2197,0.0011885264849600694,0.0011885264849600694,8.038317118158981e-05,0.001252475
2198,0.0011151168857597643,0.0011151168857597643,6.928231569468658e-05,0.0012321058
2199,0.0011390712551979554,0.0011390712551979554,7.804372030951375e-05,0.0013536421
2200,0.001115461362577561,0.001115461362577561,8.131319920090776e-05,0.0013724939
2201,0.0011293861808048355,0.0011293861808048355,8.891074860607596e-05,0.0014885177
2202,0.001141470549110737,0.001141470549110737,8.394412581588363e-05,0.0012436772
2203,0.0011363730390763116,0.0011363730390763116,8.899808179000163e-05,0.00132528
2204,0.001159190343848119,0.001159190343848119,8.107174374119254e-05,0.0013215643
2205,0.0010850678793051178,0.0010850678793051178,7.118820641886083e-05,0.0013553425
2206,0.001236351561318669,0.001236351561318669,7.604409083291506e-05,0.0015784671
2207,0.0012723711862539253,0.0012723711862539253,6.980458677187723e-05,0.0013110123
2208,0.001261927085255997,0.001261927085255997,8.659903591766099e-05,0.0013373011
2209,0.0011015520185335642,0.0011015520185335642,7.3864519578904e-05,0.0012883698
2210,0.0011939039298643668,0.0011939039298643668,8.918634724418932e-05,0.0014873054
2211,0.0011436759416634838,0.0011436759416634838,6.951330186034789e-05,0.0015291441
2212,0.001167162342203988,0.001167162342203988,0.00010526554874140793,0.0012861842
2213,0.0011279346033309897,0.0011279346033309897,9.20896640940959e-05,0.0013533395
2214,0.0011439646956407361,0.0011439646956407361,0.00010880856672075525,0.0012810888
2215,0.0011071723924639325,0.0011071723924639325,8.089762576541185e-05,0.0012632133
2216,0.001084746466949582,0.001084746466949582,7.543094496641108e-05,0.0013026516
2217,0.0010599722257918782,0.0010599722257918782,7.176571466514206e-05,0.0013355977
2218,0.0011029899961108136,0.0011029899961108136,0.00010204041660968085,0.0013693633
2219,0.0011831697192974389,0.0011831697192974389,9.997505404078943e-05,0.0012917932
2220,0.0011113934516389337,0.0011113934516389337,0.00010467668273956103,0.0012467582
2221,0.001124361399302466,0.001124361399302466,7.81979729196975e-05,0.0015309443
2222,0.0012713783847478528,0.0012713783847478528,8.519072499161161e-05,0.0014281517
2223,0.0010948177892714738,0.0010948177892714738,8.454367082109116e-05,0.0012797068
2224,0.0011311244413567086,0.0011311244413567086,8.886418701416055e-05,0.0015240161
2225,0.00111244672185017,0.00111244672185017,8.20142501450189e-05,0.0012899
2226,0.0011301794917219215,0.0011301794917219215,7.739776525854423e-05,0.0014676941
2227,0.0011635060952458944,0.0011635060952458944,7.703510269531458e-05,0.001303516
2228,0.0011335692045071886,0.0011335692045071886,9.957875066051416e-05,0.0014195922
2229,0.0010686193916222288,0.0010686193916222288,9.409031293519851e-05,0.0012528694
2230,0.0010869788290518852,0.0010869788290518852,5.950377860131084e-05,0.0012224222
2231,0.0010907827229756448,0.0010907827229756448,8.232778238946242e-05,0.0015467362
2232,0.001100158972096526,0.001100158972096526,8.5299621352893e-05,0.0013035019
2233,0.001059898677178555,0.001059898677178555,7.695617307419411e-05,0.0013158089
2234,0.0011417619871079093,0.0011417619871079093,8.41205254209597e-05,0.0013015397
2235,0.0010878416114590234,0.0010878416114590234,7.65129756469523e-05,0.0012689973
2236,0.0011513945336143175,0.0011513945336143175,7.070388255748917e-05,0.0015818418
2237,0.0011686745332553984,0.0011686745332553984,9.505087398590857e-05,0.0014083801
2238,0.0011322987007184161,0.0011322987007184161,6.404929036322295e-05,0.0013800393
2239,0.0011145614760203495,0.0011145614760203495,6.895996630081274e-05,0.0013004726
2240,0.0010698421289109521,0.0010698421289109521,6.563994295700266e-05,0.001278196
2241,0.0010979333627296405,0.0010979333627296405,7.217372294437357e-05,0.0012923244
2242,0.0011113793382214175,0.0011113793382214175,9.564797110065292e-05,0.0013677186
2243,0.001085326118239512,0.001085326118239512,6.087901652386386e-05,0.0012636733
2244,0.001105607985260172,0.001105607985260172,6.782616162265893e-05,0.0013267428
2245,0.001106495985813025,0.001106495985813025,6.427457287811775e-05,0.0013444773
2246,0.0011392641385706763,0.0011392641385706763,9.044201681263075e-05,0.0012911428
2247,0.0011146201881476574,0.0011146201881476574,7.305452579910504e-05,0.0013105901
2248,0.001168713938548333,0.001168713938548333,6.908652760431424e-05,0.0013072226
2249,0.001131444067383806,0.001131444067383806,8.967986815599084e-05,0.00133009
2250,0.0011209402944789165,0.0011209402944789165,8.703161664358719e-05,0.0013512644
2251,0.0011240039111321998,0.0011240039111321998,8.760687334062015e-05,0.0013652971
2252,0.0011139802531235747,0.0011139802531235747,7.306906576458359e-05,0.001398397
2253,0.0011183285257882541,0.0011183285257882541,8.599421828091715e-05,0.001331449
2254,0.001196418582306554,0.001196418582306554,8.662752091039591e-05,0.0013034904
2255,0.0012215910272465812,0.0012215910272465812,9.243470790588996e-05,0.0014121705
2256,0.001189227973938816,0.001189227973938816,7.813639994967364e-05,0.0013140487
2257,0.0011328988113544053,0.0011328988113544053,7.157658252394425e-05,0.001353207
2258,0.0011709757433790299,0.0011709757433790299,7.89706021805614e-05,0.0012866883
2259,0.00107468282415842,0.00107468282415842,7.047387935775381e-05,0.0013453325
2260,0.0011581812286749482,0.0011581812286749482,7.623147153026366e-05,0.001286702
2261,0.0011167144351121453,0.0011167144351121453,9.310043555564739e-05,0.0013182084
2262,0.0010640478304897746,0.0010640478304897746,8.727732822685475e-05,0.0012514137
2263,0.0011023021678233313,0.0011023021678233313,6.584390562412384e-05,0.0013022948
2264,0.0010899179188224176,0.0010899179188224176,7.427727949031275e-05,0.001409995
2265,0.001120932674449351,0.001120932674449351,6.542409986072744e-05,0.001300327
2266,0.0010684220611842142,0.0010684220611842142,7.703145829778022e-05,0.0013321432
2267,0.00112804787285212,0.00112804787285212,7.874771421635766e-05,0.0012406103
2268,0.0011446764627988967,0.0011446764627988967,6.810622893769708e-05,0.0013242145
2269,0.001105756901152846,0.001105756901152846,7.132785969790549e-05,0.001260756
2270,0.0010952063642131785,0.0010952063642131785,7.560269215345114e-05,0.0013666499
2271,0.001110866189830833,0.001110866189830833,7.145569515185142e-05,0.0012873422
2272,0.00108129148138687,0.00108129148138687,9.394278532239594e-05,0.0013253689
2273,0.0011036844652456542,0.0011036844652456542,8.4359072203218e-05,0.0013983434
2274,0.0011161358095705509,0.0011161358095705509,7.876356432663871e-05,0.0012926836
2275,0.0011327245013995303,0.0011327245013995303,7.567465812204293e-05,0.0014778627
2276,0.001191985951219168,0.001191985951219168,9.041104366866016e-05,0.0013388022
2277,0.0010872426830853025,0.0010872426830853025,7.67166879559886e-05,0.00123705
2278,0.0011577521269727083,0.0011577521269727083,7.292811066008653e-05,0.00131397
2279,0.0011531114875752892,0.0011531114875752892,0.00010059626771723945,0.0013960784
2280,0.0011247854058941205,0.0011247854058941205,6.792685281153707e-05,0.0012826244
2281,0.0011149937002402214,0.0011149937002402214,8.329490456162602e-05,0.0013726285
2282,0.001129721090870185,0.001129721090870185,6.207771608015062e-05,0.0013348231
2283,0.0011338107844090296,0.0011338107844090296,9.712666748858585e-05,0.0013104775
2284,0.001102186461341464,0.001102186461341464,7.92299668906556e-05,0.001258404
2285,0.001106297726639443,0.001106297726639443,7.624987239951666e-05,0.0013096138
2286,0.0011319711920805275,0.0011319711920805275,8.681952192798943e-05,0.0013655719
2287,0.0011486708716903296,0.0011486708716903296,8.479432972087074e-05,0.0014410145
2288,0.0011583449241394797,0.0011583449241394797,0.0001041155282037841,0.0013095009
2289,0.0010848418796538478,0.0010848418796538478,9.627797161491586e-05,0.001391376
2290,0.0011791636184271838,0.0011791636184271838,8.449688777116333e-05,0.0013768474
2291,0.0011799872723511524,0.0011799872723511524,8.771639186812131e-05,0.0014577343
2292,0.0011321617833649118,0.0011321617833649118,5.836849351352511e-05,0.0013835749
2293,0.0011405813675891194,0.0011405813675891194,6.634868091452973e-05,0.0013585744
2294,0.0011868107844040625,0.0011868107844040625,0.00010531387465814786,0.0013379798
2295,0.0010945456296515962,0.0010945456296515962,7.97173611460601e-05,0.0013255639
2296,0.0010981573658581409,0.0010981573658581409,7.362335183955793e-05,0.0012997091
2297,0.0010856437147594988,0.0010856437147594988,7.72184017591826e-05,0.0013069003
2298,0.0011121934228059318,0.0011121934228059318,8.641829664005249e-05,0.001453976
2299,0.0011477132896996207,0.0011477132896996207,8.570832340208452e-05,0.0013635673
2300,0.0011586455007394155,0.0011586455007394155,8.851759748012e-05,0.0015237333
2301,0.0011293435624490182,0.0011293435624490182,8.233289570651121e-05,0.0013703284
2302,0.0010819012014609245,0.0010819012014609245,6.522501539526122e-05,0.0012856469
2303,0.0010866674077179698,0.0010866674077179698,7.867257765165429e-05,0.0012622217
2304,0.0011134909168403183,0.0011134909168403183,7.877864241486854e-05,0.0013498769
2305,0.0010763532527360237,0.0010763532527360237,6.919789025864197e-05,0.0012797638
2306,0.0010561491000569529,0.0010561491000569529,8.735531555799585e-05,0.0013421358
2307,0.0011352576949219737,0.0011352576949219737,8.575640433025179e-05,0.001423734
2308,0.0011426011721293132,0.0011426011721293132,7.043542211656964e-05,0.0014186424
2309,0.0011092510527103312,0.0011092510527103312,6.854120286827007e-05,0.0013328594
2310,0.0011483993782247933,0.0011483993782247933,9.069766681730268e-05,0.0013241752
2311,0.0011623407959834569,0.0011623407959834569,7.858653621399567e-05,0.0013924886
2312,0.0011354608952792154,0.0011354608952792154,8.70283978067432e-05,0.0012562411
2313,0.001071706982070787,0.001071706982070787,8.30717681007324e-05,0.0013998658
2314,0.001136529745741023,0.001136529745741023,7.747740037050082e-05,0.0013340743
2315,0.0010757920862589445,0.0010757920862589445,7.395817593610508e-05,0.0012576476
2316,0.0011208749854833716,0.0011208749854833716,6.559480388546035e-05,0.0013523223
2317,0.0011720402593103547,0.0011720402593103547,9.295185767162668e-05,0.0013703034
2318,0.0010685397661291062,0.0010685397661291062,6.618328616115024e-05,0.001410093
2319,0.0011971718735165067,0.0011971718735165067,8.913765987403035e-05,0.0013136074
2320,0.0011000712195204363,0.0011000712195204363,9.055213243301571e-05,0.0012661469
2321,0.001074626564513892,0.001074626564513892,7.211544696398657e-05,0.0012019195
2322,0.001072689614051746,0.001072689614051746,7.327114631152653e-05,0.001374563
2323,0.0011540482467454342,0.0011540482467454342,7.85490529959058e-05,0.0014319911
2324,0.0012367040190535286,0.0012367040190535286,8.240426128204426e-05,0.0016332387
2325,0.0011535214415440956,0.0011535214415440956,7.781514137706027e-05,0.0013771466
2326,0.0010893799299891624,0.0010893799299891624,8.133226184175631e-05,0.0012550275
2327,0.001067110721487552,0.001067110721487552,7.077116406214322e-05,0.0013190099
2328,0.0010583620557251077,0.0010583620557251077,7.241950185022322e-05,0.001280329
2329,0.0011060891103827292,0.0011060891103827292,7.973068632322919e-05,0.0014456902
2330,0.001097621413646266,0.001097621413646266,6.55079190926876e-05,0.0013990462
2331,0.0010821930469117232,0.0010821930469117232,6.979479143435836e-05,0.0012756085
2332,0.001142362736734665,0.001142362736734665,8.337698101096672e-05,0.0012516207
2333,0.0011315452749840916,0.0011315452749840916,7.133112534237145e-05,0.001236972
2334,0.0010861385755965279,0.0010861385755965279,8.472302555888847e-05,0.0012847506
2335,0.001104684565992405,0.001104684565992405,7.367026332474324e-05,0.0013076452
2336,0.0011200089589692651,0.0011200089589692651,7.899950914950833e-05,0.0014027674
2337,0.001152266485668305,0.001152266485668305,7.322569769662045e-05,0.0014274622
2338,0.0010914862828536166,0.0010914862828536166,7.43010191811777e-05,0.0012545636
2339,0.0011461111303004954,0.0011461111303004954,9.882955741235359e-05,0.0013374481
2340,0.0011487256683823134,0.0011487256683823134,7.107979746131655e-05,0.0013279977
2341,0.001084138274503251,0.001084138274503251,8.212011949050672e-05,0.0013580024
2342,0.0011159531629851296,0.0011159531629851296,9.452878025134245e-05,0.0013028705
2343,0.0011030150926671922,0.0011030150926671922,7.10260424974586e-05,0.0013114515
2344,0.0011231140479341978,0.0011231140479341978,0.0001000796730299748,0.0013307732
2345,0.0011019231195354628,0.0011019231195354628,8.576804124421263e-05,0.0013562646
2346,0.001168498113596191,0.001168498113596191,7.000802606600902e-05,0.001233059
2347,0.001107757741637114,0.001107757741637114,8.699593651171098e-05,0.0013214103
2348,0.0011070815484142966,0.0011070815484142966,8.02917361596779e-05,0.0013818891
2349,0.001148128757874171,0.001148128757874171,0.00010721467937931568,0.0013712815
2350,0.0011144315539341834,0.0011144315539341834,7.672264409342865e-05,0.0013790416
2351,0.0011156210753445824,0.0011156210753445824,7.305508110814824e-05,0.0012959761
2352,0.0011103754798467789,0.0011103754798467789,6.977457603367654e-05,0.001226597
2353,0.0010657102102413774,0.0010657102102413774,6.737502433477656e-05,0.0013172934
2354,0.0010556592800033588,0.0010556592800033588,6.770587932918046e-05,0.0013063374
2355,0.0010990490891142851,0.0010990490891142851,9.245452087264362e-05,0.0012625963
2356,0.0010861534767577217,0.0010861534767577217,5.873560186715723e-05,0.0012878368
2357,0.0011417673215166563,0.0011417673215166563,0.00011035391129404894,0.0013958701
2358,0.0011055648184588385,0.0011055648184588385,8.812633345264152e-05,0.0012867317
2359,0.0011080274875793193,0.0011080274875793193,7.561378840440133e-05,0.0012290777
2360,0.0010756964614200924,0.0010756964614200924,8.110553045285309e-05,0.0012657299
2361,0.0010763979866169394,0.0010763979866169394,8.283332781770946e-05,0.001237553
2362,0.0010843914403166207,0.0010843914403166207,8.67524495020354e-05,0.0013589637
2363,0.0011713293717346258,0.0011713293717346258,7.237097417041285e-05,0.0013528833
2364,0.0011153888681696522,0.0011153888681696522,7.980353343176224e-05,0.0013726779
2365,0.0010869990685023368,0.0010869990685023368,8.160234233730455e-05,0.0012747438
2366,0.0011166792763914499,0.0011166792763914499,8.423447427250924e-05,0.0014429736
2367,0.0010755023919045924,0.0010755023919045924,6.336900927479405e-05,0.0013897009
2368,0.0010979877720173035,0.0010979877720173035,7.627326066605002e-05,0.0013240702
2369,0.0011232953324603538,0.0011232953324603538,7.026933047061195e-05,0.0013170898
2370,0.0010902479200416968,0.0010902479200416968,8.630106942683192e-05,0.0012718125
2371,0.001176095364563581,0.001176095364563581,0.00010024190903802971,0.0012486505
2372,0.001095025053816951,0.001095025053816951,9.358982120172893e-05,0.0013535342
2373,0.001105933763190276,0.001105933763190276,6.023871253546531e-05,0.0012968768
2374,0.0011347419310671588,0.0011347419310671588,0.00012751567356412757,0.0012661858
2375,0.0010701370554872685,0.0010701370554872685,6.958965434047886e-05,0.0013405657
2376,0.0010602475040488773,0.0010602475040488773,7.230495718651975e-05,0.0012336447
2377,0.001048437803466287,0.001048437803466287,6.760761503951725e-05,0.0013267118
2378,0.0011503579314901596,0.0011503579314901596,7.539631212498677e-05,0.0015145994
2379,0.0011454015504568816,0.0011454015504568816,9.298669262484004e-05,0.0013196835
2380,0.0011003702671991454,0.0011003702671991454,7.41205620871198e-05,0.0013063324
2381,0.0011778914149747127,0.0011778914149747127,9.356465031815889e-05,0.0013999812
2382,0.0010773415483223896,0.0010773415483223896,7.114529107039086e-05,0.0012544794
2383,0.0010763770370330248,0.0010763770370330248,8.798979069221483e-05,0.0012677803
2384,0.0010901905751476684,0.0010901905751476684,7.602038266014688e-05,0.0013052849
2385,0.0010869307301214172,0.0010869307301214172,6.406844430494453e-05,0.00124243
2386,0.0011140659283329216,0.0011140659283329216,6.991830775419858e-05,0.001450425
2387,0.001095568471484714,0.001095568471484714,8.302744555648032e-05,0.0012719897
2388,0.0011295951825256148,0.0011295951825256148,8.107577999428233e-05,0.0013312567
2389,0.0011010604005099998,0.0011010604005099998,6.873678098947443e-05,0.0014276603
2390,0.00116130384331983,0.00116130384331983,8.800920255806786e-05,0.0012716656
2391,0.0010926453590703507,0.0010926453590703507,9.277125927758966e-05,0.0012679235
2392,0.0010655216368225713,0.0010655216368225713,7.013811808286678e-05,0.0012627351
2393,0.0011281812434188194,0.0011281812434188194,8.384201282072784e-05,0.0013516939
2394,0.0011287981864168412,0.0011287981864168412,8.518779061290615e-05,0.001413367
2395,0.0010673705850624375,0.0010673705850624375,9.86347728688022e-05,0.0012962515
2396,0.0010950916731316182,0.0010950916731316182,7.276257929555009e-05,0.00124928
2397,0.0010510761316658722,0.0010510761316658722,7.216500086470272e-05,0.0013493439
2398,0.0011108284040043752,0.0011108284040043752,6.35364627366513e-05,0.0013044062
2399,0.0010990837976957361,0.0010990837976957361,6.975017959642097e-05,0.0013114868
2400,0.0011230301060196426,0.0011230301060196426,6.094643307917498e-05,0.0013307151
2401,0.0012215751559577054,0.0012215751559577054,9.225723297277e-05,0.0012914839
2402,0.001125561661966559,0.001125561661966559,7.578418902514588e-05,0.0012807944
2403,0.0011266641228252815,0.0011266641228252815,7.454737326876663e-05,0.0013354622
2404,0.0010914861793733304,0.0010914861793733304,8.627182326250704e-05,0.0015176156
2405,0.0011144673891572488,0.0011144673891572488,7.369093957297284e-05,0.0012831289
2406,0.0011111035076383916,0.0011111035076383916,8.519733745791945e-05,0.0015415135
2407,0.0011378256901581254,0.0011378256901581254,7.276327726736377e-05,0.0012980392
2408,0.0010837631571727494,0.0010837631571727494,8.109595725171756e-05,0.0013126987
2409,0.001072834437299106,0.001072834437299106,6.568912269497358e-05,0.0012829456
2410,0.0011132553672521478,0.0011132553672521478,9.60909864362394e-05,0.0012748922
2411,0.0010766500102666516,0.0010766500102666516,6.507262744182501e-05,0.0012320052
2412,0.001075463110788001,0.001075463110788001,8.539056585606077e-05,0.0013445205
2413,0.0010984764499072399,0.0010984764499072399,8.121443884624805e-05,0.0013669375
2414,0.0011169615343937444,0.0011169615343937444,7.392639321450487e-05,0.0013004714
2415,0.0010498700378876594,0.0010498700378876594,7.846555944423825e-05,0.0012680038
2416,0.0010820960483720733,0.0010820960483720733,6.78938673338002e-05,0.0013083817
2417,0.001072239457991802,0.001072239457991802,7.969266506396227e-05,0.0012707709
2418,0.0011084655467938217,0.0011084655467938217,6.395447683631675e-05,0.0012374849
2419,0.0010862626458725167,0.0010862626458725167,8.535419418775645e-05,0.0012655972
2420,0.0011062797986798817,0.0011062797986798817,8.767601840386558e-05,0.0014719572
2421,0.0011689794534403416,0.0011689794534403416,8.540839947449463e-05,0.0013097012
2422,0.0010994714542499019,0.0010994714542499019,8.92464687270136e-05,0.0012843248
2423,0.001095374933599184,0.001095374933599184,7.739814192354465e-05,0.0014238228
2424,0.0011103918905266458,0.0011103918905266458,7.340234684028878e-05,0.0015977988
2425,0.001149665023614135,0.001149665023614135,7.911880599446401e-05,0.0014306083
2426,0.0011501101363036368,0.0011501101363036368,9.047946901000501e-05,0.001419654
2427,0.0010723495739512145,0.0010723495739512145,6.257748522607977e-05,0.0012946634
2428,0.0010890990883732836,0.0010890990883732836,8.970726106794934e-05,0.0014332347
2429,0.0011466733736193015,0.0011466733736193015,8.950150247181278e-05,0.0015869732
2430,0.001132401551068243,0.001132401551068243,7.802300527954584e-05,0.0013197113
2431,0.00106181425249411,0.00106181425249411,7.411046933359305e-05,0.0012863895
2432,0.0011117682986271878,0.0011117682986271878,7.355955978406806e-05,0.001279089
2433,0.001172251198699491,0.001172251198699491,7.913723887011454e-05,0.0012832923
2434,0.001136668996574978,0.001136668996574978,8.334350441145944e-05,0.0013942531
2435,0.0010929654830963247,0.0010929654830963247,7.72150748144197e-05,0.0012692835
2436,0.0010698530797122253,0.0010698530797122253,9.008487958605353e-05,0.0013308284
2437,0.0011243819647158185,0.0011243819647158185,7.368904063898501e-05,0.001272898
2438,0.0011231709646785425,0.0011231709646785425,7.979601891848702e-05,0.0012827431
2439,0.0010831222481404743,0.0010831222481404743,5.5864308308804945e-05,0.0013020858
2440,0.0011182289868075814,0.0011182289868075814,6.953271002379956e-05,0.001301573
2441,0.00110754016528113,0.00110754016528113,8.263660760121638e-05,0.0012867531
2442,0.0011408201677517759,0.0011408201677517759,7.63785641386979e-05,0.0014691284
2443,0.0011467436095699667,0.0011467436095699667,7.962675764796342e-05,0.0013270148
2444,0.0011609149682852958,0.0011609149682852958,7.931795847003148e-05,0.0014487567
2445,0.0010932637520858811,0.0010932637520858811,6.916211316239342e-05,0.0012630044
2446,0.0011249464380347894,0.0011249464380347894,8.649099296873273e-05,0.0014949702
2447,0.0011304066438848773,0.0011304066438848773,7.886798545971234e-05,0.0013281596
2448,0.0010611740548888014,0.0010611740548888014,7.797422067237707e-05,0.0012544033
2449,0.0010489470907486976,0.0010489470907486976,6.855096668300448e-05,0.0012736521
2450,0.0010801802648024426,0.0010801802648024426,8.481023815155216e-05,0.0012979112
2451,0.0010510830156919028,0.0010510830156919028,8.165052020703772e-05,0.0012006785
2452,0.0010815220302902162,0.0010815220302902162,8.163499997553774e-05,0.0013480829
2453,0.0010658866428356203,0.0010658866428356203,9.017780461575913e-05,0.0013000952
2454,0.001087349225094335,0.001087349225094335,6.907447022917642e-05,0.0014750543
2455,0.0011051527043390605,0.0011051527043390605,9.685225378714474e-05,0.0012799287
2456,0.0010989449090427822,0.0010989449090427822,7.528340745245209e-05,0.001336253
2457,0.0010827929855117368,0.0010827929855117368,7.78117127083533e-05,0.00129353
2458,0.0010639726352463994,0.0010639726352463994,6.837441899847363e-05,0.0013282889
2459,0.0010935652509538663,0.0010935652509538663,7.774427102256793e-05,0.0013311154
2460,0.001052337985796233,0.001052337985796233,8.632020820869002e-05,0.0013830164
2461,0.0011383852869686153,0.0011383852869686153,8.010306391952327e-05,0.0013441598
2462,0.0011162877302720315,0.0011162877302720315,8.03352552945095e-05,0.0012629842
2463,0.0010916646518227128,0.0010916646518227128,8.461545852090542e-05,0.0014147185
2464,0.0011396008310839533,0.0011396008310839533,7.321543668218233e-05,0.0012363985
2465,0.0011644532386627462,0.0011644532386627462,8.150786177591524e-05,0.0015026341
2466,0.0011230964743946161,0.0011230964743946161,9.442416554305863e-05,0.0013466222
2467,0.0011123065720312296,0.0011123065720312296,8.993691767247784e-05,0.0013063067
2468,0.0010582066774885688,0.0010582066774885688,7.380287141513816e-05,0.0013221828
2469,0.0010691780079570082,0.0010691780079570082,6.79506762935489e-05,0.0013453579
2470,0.001119220353818188,0.001119220353818188,8.155098894601704e-05,0.0012367846
2471,0.0010877910910898612,0.0010877910910898612,7.63856811743402e-05,0.0014084234
2472,0.001079536926570452,0.001079536926570452,6.745788055518965e-05,0.0012551416
2473,0.0010602731361157363,0.0010602731361157363,8.264108637098625e-05,0.0012255234
2474,0.001052799532448666,0.001052799532448666,6.492689847479799e-05,0.0012848397
2475,0.0011414778457644085,0.0011414778457644085,8.028326371708595e-05,0.0015105333
2476,0.0011194560185281766,0.0011194560185281766,9.091698684563376e-05,0.0012969897
2477,0.001045140314898971,0.001045140314898971,7.097587366988733e-05,0.0013476337
2478,0.0010743671484912435,0.0010743671484912435,8.918770416433593e-05,0.0012824878
2479,0.0010399739749522674,0.0010399739749522674,7.736567400797866e-05,0.0012907648
2480,0.0010874930471699272,0.0010874930471699272,7.887208111699295e-05,0.0013028664
2481,0.001093752929268198,0.001093752929268198,7.411309437909747e-05,0.0012638966
2482,0.0011092173323656123,0.0011092173323656123,8.631461794250426e-05,0.0012993461
2483,0.0011644652630719873,0.0011644652630719873,8.778734588800062e-05,0.0013376989
2484,0.0010840643249038194,0.0010840643249038194,9.437658328958302e-05,0.0012487507
2485,0.0010986886194182767,0.0010986886194182767,7.307202575740727e-05,0.0013276795
2486,0.0011468566669565108,0.0011468566669565108,9.24163975833873e-05,0.0013564437
2487,0.0012025330370912949,0.0012025330370912949,9.049890281929152e-05,0.0012600931
2488,0.0011129158380855288,0.0011129158380855288,7.126030463777195e-05,0.001285638
2489,0.0011140900470005969,0.0011140900470005969,8.125304869665623e-05,0.0014404652
2490,0.0011080873263482418,0.0011080873263482418,9.872949554008414e-05,0.0012880383
2491,0.0011293357186433343,0.0011293357186433343,0.00010408125610613044,0.0013541151
2492,0.001082089715378566,0.001082089715378566,6.48729395329105e-05,0.0013024093
2493,0.0010834403814644449,0.0010834403814644449,7.383751645748918e-05,0.0013121844
2494,0.0010772610393663248,0.0010772610393663248,6.769792080124009e-05,0.001378916
2495,0.0010728937793626553,0.0010728937793626553,7.038258858221723e-05,0.0012641541
2496,0.001040936751653337,0.001040936751653337,6.591914642513075e-05,0.0013425892
2497,0.001068238489743736,0.001068238489743736,7.697337927399732e-05,0.0012952543
2498,0.001066234383162939,0.001066234383162939,7.410717282544018e-05,0.0013150832
2499,0.0010570743405777547,0.0010570743405777547,7.626850977228766e-05,0.0012160662
2500,0.0010804316895599993,0.0010804316895599993,7.272013573490375e-05,0.0014263602
2501,0.0010765515500679613,0.0010765515500679613,7.741172542484126e-05,0.0012992547
2502,0.0010503010112895735,0.0010503010112895735,7.87428021295216e-05,0.0013229072
2503,0.002198294297947238,0.002198294297947238,8.56697622200247e-05,0.0116293365
2504,0.0023467171161125106,0.0023467171161125106,0.000134652782407506,0.0013450946
2505,0.0011106293635546334,0.0011106293635546334,7.58875031915333e-05,0.0013784703
2506,0.0010740864892593688,0.0010740864892593688,6.770356863954577e-05,0.0012744546
2507,0.0010528464918024838,0.0010528464918024838,8.777440997012794e-05,0.0012335652
2508,0.0010680571728799906,0.0010680571728799906,5.811518381959344e-05,0.001319262
2509,0.0010829365566476352,0.0010829365566476352,8.45813231592274e-05,0.0013128062
2510,0.0010517719253483745,0.0010517719253483745,7.025405023139482e-05,0.0012556391
2511,0.0010427424632426766,0.0010427424632426766,7.177368056973974e-05,0.0012745293
2512,0.0010598943116039866,0.0010598943116039866,7.131097108282623e-05,0.0012650132
2513,0.001052682699325184,0.001052682699325184,7.093761066730369e-05,0.0014887558
2514,0.001065023370190627,0.001065023370190627,7.096978156100578e-05,0.0012683322
2515,0.0010507708182558417,0.0010507708182558417,7.929916196442516e-05,0.0012863049
2516,0.0010948092120492625,0.0010948092120492625,6.206769886982025e-05,0.0012332945
2517,0.0010725297499448061,0.0010725297499448061,8.320306708040133e-05,0.001259086
2518,0.0010289910934968955,0.0010289910934968955,7.136277464875699e-05,0.001232659
2519,0.0010529629989630646,0.0010529629989630646,5.904816016569904e-05,0.0013898617
2520,0.0010690619004890324,0.0010690619004890324,7.105948738702257e-05,0.0012642929
2521,0.00105932626950865,0.00105932626950865,0.00010701382050481496,0.0012850445
2522,0.001054568665050384,0.001054568665050384,7.416506347415938e-05,0.0012797749
2523,0.0010574114871107869,0.0010574114871107869,7.36705281996011e-05,0.0012292106
2524,0.0010236693649656242,0.0010236693649656242,7.581248917928699e-05,0.0012472292
2525,0.001062975576820059,0.001062975576820059,8.74883677737791e-05,0.0012528356
2526,0.0011010656417864892,0.0011010656417864892,8.36737893466635e-05,0.0014002587
2527,0.0010603422596533265,0.0010603422596533265,6.784369279684041e-05,0.0012454323
2528,0.0010864621571575602,0.0010864621571575602,7.884256929457933e-05,0.0012453884
2529,0.0010772465909313824,0.0010772465909313824,7.605738217080216e-05,0.0012798365
2530,0.001075322490133759,0.001075322490133759,6.207943649801311e-05,0.001283147
2531,0.0010625317434055938,0.0010625317434055938,7.320962816316346e-05,0.0013002284
2532,0.001050519768614322,0.001050519768614322,6.705881125408868e-05,0.0012506796
2533,0.0010424649032453697,0.0010424649032453697,7.6523201338811e-05,0.0012327868
2534,0.0010348261398677196,0.0010348261398677196,6.849989752153205e-05,0.0013097601
2535,0.0010565636304414106,0.0010565636304414106,8.448059877284525e-05,0.0012585504
2536,0.0010640044593148762,0.0010640044593148762,6.82600917760586e-05,0.0013657478
2537,0.0010558651061728596,0.0010558651061728596,7.711909830100517e-05,0.0012478451
2538,0.0010529719901064204,0.0010529719901064204,8.274511962756353e-05,0.0012245346
2539,0.0010935699800029397,0.0010935699800029397,9.089343335865073e-05,0.001385322
2540,0.0010907775373198091,0.0010907775373198091,7.205765843233772e-05,0.0012484579
2541,0.0010900413087155255,0.0010900413087155255,7.053213732572456e-05,0.0012970191
2542,0.0010867226157440907,0.0010867226157440907,5.613168125490928e-05,0.0012413779
2543,0.001064897659752104,0.001064897659752104,9.037897140729001e-05,0.001364001
2544,0.0010766627991365062,0.0010766627991365062,7.332499336006511e-05,0.00123045
2545,0.0010338930904658305,0.0010338930904658305,6.321880551006921e-05,0.0012407505
2546,0.0010737198353227642,0.0010737198353227642,7.929286800379347e-05,0.0012611039
2547,0.001057094272174355,0.001057094272174355,8.060189576958187e-05,0.0013406047
2548,0.001046937199619909,0.001046937199619909,8.054266600146953e-05,0.0013506418
2549,0.0011085542319859895,0.0011085542319859895,7.174371396407863e-05,0.0012540384
2550,0.001090759097132832,0.001090759097132832,9.098075299789344e-05,0.001405187
2551,0.001060667301579896,0.001060667301579896,7.581827349054096e-05,0.0012777315
2552,0.0010689378612571293,0.0010689378612571293,8.337443866734715e-05,0.0013108468
2553,0.0010564569629625314,0.0010564569629625314,7.462717480943108e-05,0.0011973829
2554,0.0010747379558678303,0.0010747379558678303,7.963448417192466e-05,0.0012559164
2555,0.0010501929468268321,0.0010501929468268321,6.110168964394487e-05,0.0013169597
2556,0.001039657017423047,0.001039657017423047,6.993087241653484e-05,0.0012775395
2557,0.0010978386815016469,0.0010978386815016469,7.947690518790295e-05,0.0012782287
2558,0.001070125081524667,0.001070125081524667,7.721465792529772e-05,0.001293332
2559,0.001104769963098483,0.001104769963098483,6.870693996208704e-05,0.0015581885
2560,0.0010780507271798947,0.0010780507271798947,7.318014584882793e-05,0.001300701
2561,0.001060031563974917,0.001060031563974917,7.850150449431541e-05,0.0013378091
2562,0.0010804860697438319,0.0010804860697438319,7.274445536546005e-05,0.0012808357
2563,0.0011070977676556342,0.0011070977676556342,6.771968094388588e-05,0.0012450339
2564,0.0010604274989519681,0.0010604274989519681,8.408473706824872e-05,0.0013301203
2565,0.001021867284240822,0.001021867284240822,7.511471989434742e-05,0.001289315
2566,0.0010390867401535312,0.0010390867401535312,7.21435965336544e-05,0.0012330735
2567,0.0010558208903401261,0.0010558208903401261,8.0958006117271e-05,0.0012430202
2568,0.0010305161665504178,0.0010305161665504178,6.231768509255492e-05,0.0012347108
2569,0.0010818968798654775,0.0010818968798654775,6.956004090549564e-05,0.0013166572
2570,0.001100458284943468,0.001100458284943468,7.637006833185466e-05,0.0012569354
2571,0.0011066594872520203,0.0011066594872520203,8.948812815106067e-05,0.0012433963
2572,0.0010787031406329739,0.0010787031406329739,7.819969665092685e-05,0.0012600023
2573,0.001066844451189455,0.001066844451189455,7.1471117255189e-05,0.0014017664
2574,0.001115456180802236,0.001115456180802236,6.361442230703081e-05,0.001223047
2575,0.0010579933502918317,0.0010579933502918317,8.539104933270715e-05,0.0013717077
2576,0.0010706164279124803,0.0010706164279124803,6.804833515287909e-05,0.0014109466
2577,0.0010701919789426028,0.0010701919789426028,7.833499363161739e-05,0.00125887
2578,0.0010438750174620913,0.0010438750174620913,7.740468429220628e-05,0.0013893804
2579,0.0010617145194879009,0.0010617145194879009,7.021942722979081e-05,0.0012577163
2580,0.0010465642178638115,0.0010465642178638115,6.294311599663871e-05,0.0012676935
2581,0.001036802624973158,0.001036802624973158,8.33064971540725e-05,0.0012960067
2582,0.0010514577087532315,0.0010514577087532315,7.166368235529161e-05,0.0013308523
2583,0.0010734194113562504,0.0010734194113562504,7.670793609604074e-05,0.001303313
2584,0.001088715523170928,0.001088715523170928,7.463885232634008e-05,0.0013104908
2585,0.0011136365097223057,0.0011136365097223057,7.906276820411525e-05,0.0013176695
2586,0.0010691810127658149,0.0010691810127658149,6.870541904378216e-05,0.0012979743
2587,0.0010742719802591535,0.0010742719802591535,7.877817222126597e-05,0.0013106449
2588,0.0010899395255061486,0.0010899395255061486,8.539736948528621e-05,0.0012831064
2589,0.0010651999825818672,0.0010651999825818672,8.01263539931559e-05,0.0013097946
2590,0.001066151681718313,0.001066151681718313,9.306512969828873e-05,0.0013188121
2591,0.0010491693534681367,0.0010491693534681367,7.616507631406459e-05,0.0012861936
2592,0.0011180161795992817,0.0011180161795992817,7.38492293407944e-05,0.0012633316
2593,0.0010946335439156326,0.0010946335439156326,6.922319082624837e-05,0.0013003987
2594,0.0010348843798662225,0.0010348843798662225,8.585757146369764e-05,0.0013604576
2595,0.0011094168203675914,0.0011094168203675914,7.25570615319921e-05,0.001214602
2596,0.0010285737419811387,0.0010285737419811387,7.14509827161357e-05,0.0012501165
2597,0.0010675909424511095,0.0010675909424511095,6.924961744715969e-05,0.0013724281
2598,0.0010436498236635493,0.0010436498236635493,7.057003686122461e-05,0.0012964647
2599,0.0011126476120100254,0.0011126476120100254,8.088473003750905e-05,0.0013328696
2600,0.0010470532139556276,0.0010470532139556276,7.82724279477836e-05,0.001234215
2601,0.001053732345139401,0.001053732345139401,6.829168213071915e-05,0.0013318276
2602,0.0010978271964833968,0.0010978271964833968,8.218729492242005e-05,0.0013522247
2603,0.001048289570543501,0.001048289570543501,7.507060496547208e-05,0.0012693852
2604,0.0010571112959749168,0.0010571112959749168,7.064411389434453e-05,0.0012860894
2605,0.0010743640143320793,0.0010743640143320793,7.972832642839162e-05,0.0013575555
2606,0.0010541948955506085,0.0010541948955506085,7.602581300084745e-05,0.0013094762
2607,0.0011093428746486703,0.0011093428746486703,6.826068669507634e-05,0.0014171117
2608,0.0011300166240996784,0.0011300166240996784,8.443471327110628e-05,0.0013567469
2609,0.0010879957324100866,0.0010879957324100866,7.373030131691163e-05,0.0012446839
2610,0.0011159029996229543,0.0011159029996229543,8.164389582437555e-05,0.0012658684
2611,0.0011024605599232018,0.0011024605599232018,7.019561542267953e-05,0.0012330714
2612,0.0010532748044675424,0.0010532748044675424,8.706210608148505e-05,0.0012503052
2613,0.0010276476205844018,0.0010276476205844018,6.94639456295122e-05,0.0012780442
2614,0.0010483445185754034,0.0010483445185754034,6.603367642286332e-05,0.0013101439
2615,0.00105642292700294,0.00105642292700294,7.48373041276704e-05,0.0012336683
2616,0.0010339090484194457,0.0010339090484194457,6.211681425950151e-05,0.0012832657
2617,0.0010517227528099385,0.0010517227528099385,6.381556682539566e-05,0.0012070754
2618,0.0010845411543010009,0.0010845411543010009,7.080649745350658e-05,0.0013177991
2619,0.0011043022089223895,0.0011043022089223895,7.956378953934972e-05,0.001310499
2620,0.0011405040923919943,0.0011405040923919943,7.697272716392769e-05,0.0015964435
2621,0.0011620781500823797,0.0011620781500823797,7.34379251216271e-05,0.0012937573
2622,0.0010915998097819587,0.0010915998097819587,6.665872528957253e-05,0.0012614324
2623,0.001065241385044323,0.001065241385044323,8.168485561933873e-05,0.0012825963
2624,0.0010450635739188228,0.0010450635739188228,7.193065654508896e-05,0.0012150983
2625,0.001035792559074859,0.001035792559074859,7.411932287734797e-05,0.0012851333
2626,0.0010236065239749021,0.0010236065239749021,6.619506636901128e-05,0.0012551016
2627,0.0010705656294400492,0.0010705656294400492,9.123942407561635e-05,0.0012642919
2628,0.0010657888125731713,0.0010657888125731713,6.389486579791993e-05,0.0012980087
2629,0.0010574437044043507,0.0010574437044043507,5.6694689760661277e-05,0.0012898383
2630,0.0010517514711763296,0.0010517514711763296,9.301688232754815e-05,0.0013045945
2631,0.001072402024227712,0.001072402024227712,9.153496136696681e-05,0.0012885421
2632,0.0011107863974757493,0.0011107863974757493,6.0543697501458385e-05,0.0012464292
2633,0.0010518704657442868,0.0010518704657442868,8.04240257627246e-05,0.0013497788
2634,0.0010827962102161514,0.0010827962102161514,7.298886154119246e-05,0.0013619615
2635,0.0011124067208988385,0.0011124067208988385,7.70182524415001e-05,0.001357986
2636,0.0010600820933986041,0.0010600820933986041,8.036728355970505e-05,0.0013774261
2637,0.0010847829670334855,0.0010847829670334855,9.297758160789668e-05,0.0012414563
2638,0.0010859516953739027,0.0010859516953739027,6.3981428946944e-05,0.0012697016
2639,0.0010552231177118503,0.0010552231177118503,8.046395124034057e-05,0.0013016852
2640,0.0010250045413461824,0.0010250045413461824,6.858381320853368e-05,0.0012969828
2641,0.0010819422495034006,0.0010819422495034006,7.436771965987847e-05,0.0013582268
2642,0.0010918206884525717,0.0010918206884525717,7.75082369667896e-05,0.0013516033
2643,0.0010819749997204376,0.0010819749997204376,8.371575612723269e-05,0.0012373668
2644,0.0011069873684189386,0.0011069873684189386,9.010780463090858e-05,0.0012898099
2645,0.0010525934488719536,0.0010525934488719536,8.349215139939285e-05,0.0012158595
2646,0.0010639319726679889,0.0010639319726679889,6.642686994824645e-05,0.0013308306
2647,0.00105232749806924,0.00105232749806924,6.730435312726336e-05,0.0013495676
2648,0.001087917296940254,0.001087917296940254,6.52573045267483e-05,0.001333906
2649,0.001063675448919336,0.001063675448919336,7.19108411510877e-05,0.0012596736
2650,0.0010747569807184239,0.0010747569807184239,7.533575654779214e-05,0.0013020319
2651,0.001099817275017914,0.001099817275017914,6.78378685597145e-05,0.0012739337
2652,0.0010369714155482749,0.0010369714155482749,7.378938178605033e-05,0.0013458413
2653,0.001061831943742517,0.001061831943742517,6.740806811649236e-05,0.0013191403
2654,0.0010620106981756787,0.0010620106981756787,7.154135836471041e-05,0.0012265786
2655,0.001057015887151162,0.001057015887151162,7.073874209971484e-05,0.0012191099
2656,0.0010332821260413362,0.0010332821260413362,6.798850397476347e-05,0.0012595257
2657,0.001046867862654229,0.001046867862654229,7.887793099001784e-05,0.001247377
2658,0.0010344222770072519,0.0010344222770072519,7.398124734992153e-05,0.0013311137
2659,0.0010576166134948532,0.0010576166134948532,8.921432363548674e-05,0.0012041501
2660,0.0010988844054130216,0.0010988844054130216,6.896540515223629e-05,0.0012919422
2661,0.001068023918196559,0.001068023918196559,6.975930656104702e-05,0.0013060658
2662,0.0010573434837472936,0.0010573434837472936,0.00010191143351916152,0.0012349508
2663,0.0010515865753404797,0.0010515865753404797,7.969079689631699e-05,0.0013359756
2664,0.0010469161646647586,0.0010469161646647586,7.705111560546306e-05,0.0013455759
2665,0.0010497445551057656,0.0010497445551057656,6.27782984348081e-05,0.0012666356
2666,0.0010738851696563264,0.0010738851696563264,7.160894694303958e-05,0.0012949877
2667,0.001056420788841529,0.001056420788841529,8.42524442507258e-05,0.0012890298
2668,0.0010640381227454377,0.0010640381227454377,6.700912210438522e-05,0.0012996716
2669,0.0010771216307249333,0.0010771216307249333,8.230370438771691e-05,0.0013285698
2670,0.001038460460646699,0.001038460460646699,7.827996546644221e-05,0.0012372973
2671,0.0010509464307688176,0.0010509464307688176,7.212959812126958e-05,0.0012883883
2672,0.001049862505816337,0.001049862505816337,8.963013598714851e-05,0.0013216794
2673,0.0010850357460892863,0.0010850357460892863,9.250076991267836e-05,0.0013959947
2674,0.001068130241603487,0.001068130241603487,7.03209515096306e-05,0.0013814924
2675,0.0010220339534700745,0.0010220339534700745,7.278757082329119e-05,0.0012724488
2676,0.0011038710466689534,0.0011038710466689534,9.397353180854317e-05,0.0013106689
2677,0.0010608087060973049,0.0010608087060973049,7.152992632957952e-05,0.0012679728
2678,0.0010498644706482688,0.0010498644706482688,7.850326851052754e-05,0.001368007
2679,0.0010636191440021826,0.0010636191440021826,6.799767064712291e-05,0.0012338817
2680,0.001069015591767513,0.001069015591767513,6.016559053389554e-05,0.0013282697
2681,0.0011101187556050718,0.0011101187556050718,8.423997463082126e-05,0.0013135326
2682,0.0011295563166236712,0.0011295563166236712,7.325717386568916e-05,0.0012931084
2683,0.0010649752415095766,0.0010649752415095766,6.759615440140957e-05,0.0012722145
2684,0.0011203295150254335,0.0011203295150254335,7.671639363344695e-05,0.0013052677
2685,0.0010516142446754706,0.0010516142446754706,7.614776909671642e-05,0.0012405487
2686,0.001064847202764617,0.001064847202764617,7.640325691479828e-05,0.0012969864
2687,0.0010774517677620882,0.0010774517677620882,9.539701127828772e-05,0.0012587972
2688,0.0010330036981031298,0.0010330036981031298,6.73558941904684e-05,0.0013594013
2689,0.0010910332280521591,0.0010910332280521591,6.486116468712074e-05,0.0013675443
2690,0.0011093771744829914,0.0011093771744829914,9.979262223775246e-05,0.0012915762
2691,0.0010508684622537758,0.0010508684622537758,6.78371778336542e-05,0.0012668879
2692,0.0010328512858702905,0.0010328512858702905,6.375938259187327e-05,0.0012472303
2693,0.0010624965963264307,0.0010624965963264307,6.381638154301249e-05,0.0013395001
2694,0.0010534095681375927,0.0010534095681375927,6.502283355492485e-05,0.0012004029
2695,0.0010329419501229292,0.0010329419501229292,6.910323810321491e-05,0.0013192757
2696,0.0011270562549018197,0.0011270562549018197,8.694986783126523e-05,0.0013699688
2697,0.001068691417781843,0.001068691417781843,7.345352026795697e-05,0.0012980172
2698,0.0010804311889741156,0.0010804311889741156,6.8479015396683e-05,0.001322363
2699,0.001100929883412189,0.001100929883412189,7.232687226203578e-05,0.0012605488
2700,0.0010557944640620714,0.0010557944640620714,6.549058597518828e-05,0.0012722953
2701,0.001044338794114689,0.001044338794114689,6.774141876917384e-05,0.0012388325
2702,0.0010682172969811493,0.0010682172969811493,8.7802505490152e-05,0.0013070087
2703,0.001060327013126678,0.001060327013126678,8.723265136912535e-05,0.0012642872
2704,0.0010514187859371304,0.0010514187859371304,8.906481696866722e-05,0.0012433473
2705,0.001033870890063958,0.001033870890063958,7.838727048073856e-05,0.0012812513
2706,0.0010537586394800908,0.0010537586394800908,7.015105532268449e-05,0.0013213753
2707,0.001063444933647083,0.001063444933647083,6.993342821412321e-05,0.00125682
2708,0.001063393692796429,0.001063393692796429,7.763212290430803e-05,0.0012372707
2709,0.001048099622130394,0.001048099622130394,6.659665702949033e-05,0.0013077024
2710,0.0011059865070920851,0.0011059865070920851,6.221478998453575e-05,0.0013344415
2711,0.001119343779929396,0.001119343779929396,7.138606412667848e-05,0.0013115878
2712,0.0010599517134121722,0.0010599517134121722,6.887863364185441e-05,0.0012762572
2713,0.0010365169909265306,0.0010365169909265306,6.467964392938717e-05,0.0013071081
2714,0.001080089847608987,0.001080089847608987,6.653586518713518e-05,0.0013584234
2715,0.0010395285117232966,0.0010395285117232966,6.505807237873442e-05,0.0012717828
2716,0.001078220837128659,0.001078220837128659,6.671484649258571e-05,0.0013162864
2717,0.0011029863548982475,0.0011029863548982475,7.323502121513078e-05,0.0012231668
2718,0.0010689182181118262,0.0010689182181118262,8.08140282291308e-05,0.0012811736
2719,0.0010116967741244784,0.0010116967741244784,6.007473764941139e-05,0.0013585747
2720,0.0010520826443098485,0.0010520826443098485,6.671199366553458e-05,0.0012589027
2721,0.0010380625414351623,0.0010380625414351623,9.225994704351593e-05,0.0012683016
2722,0.0011257818253296945,0.0011257818253296945,9.151118076715648e-05,0.0013146251
2723,0.0010534060006547306,0.0010534060006547306,6.425113301512889e-05,0.0012780868
2724,0.0010850099290514157,0.0010850099290514157,9.228580102406248e-05,0.0014660822
2725,0.0010802033525477682,0.0010802033525477682,8.923137870182371e-05,0.0012415246
2726,0.0010280779110164277,0.0010280779110164277,7.506825519302813e-05,0.0012692806
2727,0.0010491438701541887,0.0010491438701541887,7.116325483206904e-05,0.0013456881
2728,0.001106373593211174,0.001106373593211174,7.210612152858983e-05,0.0013179437
2729,0.0010442815902125505,0.0010442815902125505,6.954934280100942e-05,0.001237854
2730,0.0010836221924465563,0.0010836221924465563,7.734935976360349e-05,0.00131347
2731,0.0010806066216900944,0.0010806066216900944,6.36866537590603e-05,0.0013276197
2732,0.0011014759669908218,0.0011014759669908218,7.176348755959023e-05,0.0012663126
2733,0.0010472133885034256,0.0010472133885034256,7.985827273842006e-05,0.0012681589
2734,0.0010588497557263408,0.0010588497557263408,8.150704344795182e-05,0.001272476
2735,0.0010782964579347106,0.0010782964579347106,7.274667228087966e-05,0.0012828598
2736,0.0010538619787742694,0.0010538619787742694,6.916011738490447e-05,0.0013033686
2737,0.0010546930017881096,0.0010546930017881096,8.903670258809547e-05,0.0013141326
2738,0.001053937666842507,0.001053937666842507,7.603209021832906e-05,0.0012756963
2739,0.00106627062195912,0.00106627062195912,7.04051118810235e-05,0.0012641276
2740,0.001062301138881594,0.001062301138881594,6.588391331082811e-05,0.0012231877
2741,0.0011137604985075693,0.0011137604985075693,7.848817250956097e-05,0.0012376542
2742,0.0010305092333712511,0.0010305092333712511,8.306928544546585e-05,0.0012743713
2743,0.0010381452079551916,0.0010381452079551916,7.807755107415283e-05,0.0012173093
2744,0.0010710758170009488,0.0010710758170009488,8.801615358796273e-05,0.0013156161
2745,0.001032040071570211,0.001032040071570211,6.552898243007298e-05,0.001231121
2746,0.0010409094845979577,0.0010409094845979577,7.574959549287996e-05,0.0014886833
2747,0.0010368979859372808,0.0010368979859372808,7.055765042436077e-05,0.0012573928
2748,0.0010393292694869968,0.0010393292694869968,8.031290150446087e-05,0.0012496182
2749,0.0010312289555764033,0.0010312289555764033,6.432527430856933e-05,0.0012931935
2750,0.001013464904907677,0.001013464904907677,5.964187472689749e-05,0.0012554642
2751,0.001046711271111336,0.001046711271111336,8.280817828973695e-05,0.0012864101
2752,0.00106610656172658,0.00106610656172658,8.261400611186471e-05,0.001371985
2753,0.0010828116430073149,0.0010828116430073149,6.740465641491432e-05,0.0012559779
2754,0.0010618744301609695,0.0010618744301609695,7.85048235803782e-05,0.0012010221
2755,0.0010422823989453414,0.0010422823989453414,6.502478674721916e-05,0.0012775998
2756,0.00105828846571967,0.00105828846571967,6.923968734028834e-05,0.0012588716
2757,0.0010857072154370447,0.0010857072154370447,7.879634070175395e-05,0.0013517344
2758,0.0010452399159678154,0.0010452399159678154,7.782935351264718e-05,0.0013469526
2759,0.0010961856744769547,0.0010961856744769547,8.488429974862457e-05,0.001432867
2760,0.0010601723786546951,0.0010601723786546951,7.583978327198161e-05,0.0012524967
2761,0.001041595187659065,0.001041595187659065,8.003412989915483e-05,0.0014884418
2762,0.001065950805786997,0.001065950805786997,7.970416694812836e-05,0.0013030889
2763,0.0010480127594847647,0.0010480127594847647,7.261273183050637e-05,0.0012330327
2764,0.0010700930996487537,0.0010700930996487537,7.324933314178692e-05,0.0012202305
2765,0.001049435092136264,0.001049435092136264,6.909636554597556e-05,0.0012965752
2766,0.0010876927770570748,0.0010876927770570748,9.639481210178423e-05,0.0012612707
2767,0.0010473211696888838,0.0010473211696888838,7.164919385789719e-05,0.0012831683
2768,0.0010760172076212863,0.0010760172076212863,6.197229814814717e-05,0.0013247427
2769,0.0010322467773221434,0.0010322467773221434,7.193271014279566e-05,0.0012979739
2770,0.0010501995553366013,0.0010501995553366013,6.251366123706248e-05,0.0013628108
2771,0.0010939774051722552,0.0010939774051722552,7.701881517918865e-05,0.001285984
2772,0.0010527050122618674,0.0010527050122618674,8.254255983754572e-05,0.0012385076
2773,0.0010167460578183333,0.0010167460578183333,7.67086926772156e-05,0.001289566
2774,0.001048409642599937,0.001048409642599937,7.876949848119904e-05,0.0013143332
2775,0.0009993166235896449,0.0009993166235896449,6.97807325189438e-05,0.001236627
2776,0.0010223835810191102,0.0010223835810191102,6.894152738318048e-05,0.0012602428
2777,0.0010375770481510294,0.0010375770481510294,7.033511873386387e-05,0.0012261848
2778,0.0010618181381788518,0.0010618181381788518,6.775347161370367e-05,0.001302105
2779,0.0010456345380387372,0.0010456345380387372,6.451997493349558e-05,0.0012481684
2780,0.0010677994759235945,0.0010677994759235945,7.245294080493952e-05,0.0013771467
2781,0.001039230523424016,0.001039230523424016,7.195893227844863e-05,0.0012813053
2782,0.001042261040614297,0.001042261040614297,7.03509311290102e-05,0.0012430411
2783,0.0010516278031799527,0.0010516278031799527,7.845838705154367e-05,0.001313706
2784,0.001058424798409558,0.001058424798409558,6.647510386730776e-05,0.0013319555
2785,0.0011011884017433557,0.0011011884017433557,7.012178413232404e-05,0.0012347441
2786,0.001043640117212716,0.001043640117212716,6.758681842137115e-05,0.0012418025
2787,0.0010356142547809416,0.0010356142547809416,6.761211931076459e-05,0.0012505741
2788,0.0010490895016118883,0.0010490895016118883,7.131729665527726e-05,0.0012852922
2789,0.001102777234175139,0.001102777234175139,7.460001235510087e-05,0.0013209052
2790,0.0010636206793909271,0.0010636206793909271,8.352758349378714e-05,0.0012936641
2791,0.0010387638467364013,0.0010387638467364013,6.877350816188886e-05,0.0013759958
2792,0.0010787626793090667,0.0010787626793090667,7.636998838138867e-05,0.0012920749
2793,0.0010158105481726427,0.0010158105481726427,7.080306124862545e-05,0.0012419475
2794,0.0010286797316641444,0.0010286797316641444,7.184491333621029e-05,0.0012920572
2795,0.001051174947578046,0.001051174947578046,7.968388946121902e-05,0.0014212088
2796,0.0011253650533035397,0.0011253650533035397,7.826514602651515e-05,0.0012492081
2797,0.0010777170355949137,0.0010777170355949137,8.851451752932683e-05,0.0012936734
2798,0.0010495683540486626,0.0010495683540486626,8.231021496638076e-05,0.0012953604
2799,0.001028016780037433,0.001028016780037433,7.307380774044741e-05,0.0012116958
2800,0.0010809628189437919,0.0010809628189437919,6.66187954705164e-05,0.001245849
2801,0.0010533815016970038,0.0010533815016970038,6.77107750218416e-05,0.0013051556
2802,0.0011187651427462697,0.0011187651427462697,6.566729741648661e-05,0.0012912006
2803,0.00104400219861418,0.00104400219861418,7.309055758006147e-05,0.0012497398
2804,0.0010818934934731159,0.0010818934934731159,7.574861259349093e-05,0.0012514167
2805,0.0010425387545385295,0.0010425387545385295,8.557465905551077e-05,0.0012820549
2806,0.0010496490376277101,0.0010496490376277101,6.986523954333437e-05,0.0013534206
2807,0.0010369631836915183,0.0010369631836915183,7.479024342303717e-05,0.0012998178
2808,0.001018587255384773,0.001018587255384773,8.081592913842744e-05,0.0013012643
2809,0.0010516897852843007,0.0010516897852843007,6.822633523755586e-05,0.0012701119
2810,0.0010174016080175838,0.0010174016080175838,7.539165711981655e-05,0.0012494246
2811,0.0010644463589414954,0.0010644463589414954,8.373527532512526e-05,0.0013102181
2812,0.0010306147961980767,0.0010306147961980767,7.782644065817597e-05,0.0012690399
2813,0.001058784211313145,0.001058784211313145,5.801587301764105e-05,0.0013369252
2814,0.0010894312587980595,0.0010894312587980595,7.654325403005184e-05,0.0012374561
2815,0.0010331044827277462,0.0010331044827277462,6.225620070255091e-05,0.0012549568
2816,0.001048248174548563,0.001048248174548563,7.327534565083245e-05,0.0013980566
2817,0.001054801410322802,0.001054801410322802,5.573386410794178e-05,0.001258538
2818,0.0010076738544739783,0.0010076738544739783,6.269990121331325e-05,0.0012076801
2819,0.0010238101486013168,0.0010238101486013168,7.831360401016557e-05,0.0012308441
2820,0.0010480753301332394,0.0010480753301332394,7.993423365289705e-05,0.0012754272
2821,0.0010484602496338387,0.0010484602496338387,7.101649295514613e-05,0.001279307
2822,0.0010424190123255054,0.0010424190123255054,6.051127049602201e-05,0.0013240131
2823,0.0010499515467219884,0.0010499515467219884,7.35628815271462e-05,0.0012604952
2824,0.001015161120125817,0.001015161120125817,6.503674583831929e-05,0.0011984855
2825,0.0010547775348337988,0.0010547775348337988,7.466946234570867e-05,0.0012772343
2826,0.001049696280258811,0.001049696280258811,7.731614757504859e-05,0.0012646684
2827,0.0010451927431859077,0.0010451927431859077,5.892971132431689e-05,0.0012423282
2828,0.001034196369194736,0.001034196369194736,7.057945150437363e-05,0.0013340744
2829,0.0011094984223341776,0.0011094984223341776,8.151895029127055e-05,0.00133178
2830,0.0010568988729371793,0.0010568988729371793,6.941758893124946e-05,0.0013282222
2831,0.0010683611591553522,0.0010683611591553522,8.6391960835878e-05,0.0014007653
2832,0.0010326571633211441,0.0010326571633211441,7.648564225037408e-05,0.0012794925
2833,0.0010562032124855451,0.0010562032124855451,7.57330770172852e-05,0.0012296855
2834,0.001037777138925675,0.001037777138925675,6.690214029466308e-05,0.0013051452
2835,0.0010563288310853143,0.0010563288310853143,5.783798796936937e-05,0.0013330593
2836,0.0010526343973146545,0.0010526343973146545,6.332669585842825e-05,0.0013071381
2837,0.0010657905678575239,0.0010657905678575239,8.184036939522028e-05,0.0013581143
2838,0.0010776092569964627,0.0010776092569964627,7.730584068323449e-05,0.0012863708
2839,0.0010175956684785584,0.0010175956684785584,6.73857354475634e-05,0.0012364503
2840,0.0010633424338367251,0.0010633424338367251,6.913117784203374e-05,0.0013164831
2841,0.001074023247282538,0.001074023247282538,7.99778553869146e-05,0.0012814914
2842,0.0010447184645777775,0.0010447184645777775,6.241991825517188e-05,0.0013190943
2843,0.0010130900242883297,0.0010130900242883297,6.755170471706151e-05,0.0012835809
2844,0.0010496755298744474,0.0010496755298744474,7.13750790250995e-05,0.0013200919
2845,0.0010913803681938184,0.0010913803681938184,8.49227812305268e-05,0.0011996451
2846,0.0010241634988536437,0.0010241634988536437,6.244243260450983e-05,0.0012953349
2847,0.0010633233805290526,0.0010633233805290526,6.049226344468176e-05,0.0012384438
2848,0.0010165288876224723,0.0010165288876224723,6.873595493112185e-05,0.0012468491
2849,0.0010430145956989792,0.0010430145956989792,7.15305303111159e-05,0.0012496794
2850,0.0010441965889185667,0.0010441965889185667,8.040957564282457e-05,0.0013460522
2851,0.0010337125290081732,0.0010337125290081732,7.017675680528591e-05,0.0012515036
2852,0.0010202822637640767,0.0010202822637640767,7.12164913952762e-05,0.001275826
2853,0.0010907545634027984,0.0010907545634027984,7.037854472411454e-05,0.0012559796
2854,0.00104046446374721,0.00104046446374721,7.324424075216582e-05,0.0012529193
2855,0.0010268709583518406,0.0010268709583518406,6.901997236008237e-05,0.0012905662
2856,0.0010490224502670267,0.0010490224502670267,7.22459651241378e-05,0.0012140519
2857,0.00103071743182631,0.00103071743182631,5.9610673295335596e-05,0.0012689818
2858,0.0010431504601405726,0.0010431504601405726,7.262167718206709e-05,0.0012730303
2859,0.0010303402746406694,0.0010303402746406694,6.193617246255358e-05,0.0012267814
2860,0.0010351540650137597,0.0010351540650137597,8.58824157394701e-05,0.0013242778
2861,0.001032881714248409,0.001032881714248409,7.013513830113677e-05,0.0012880623
2862,0.0010340764976313544,0.0010340764976313544,7.586667129151717e-05,0.0012335281
2863,0.0010284881236859494,0.0010284881236859494,7.056774853870548e-05,0.0012740268
2864,0.0010315134474593731,0.0010315134474593731,6.561301315015398e-05,0.0012595088
2865,0.0010531475379442175,0.0010531475379442175,7.251149047312487e-05,0.0012709724
2866,0.0010239831443565586,0.0010239831443565586,6.652745226512182e-05,0.0012373296
2867,0.001020573973397,0.001020573973397,6.63213828879336e-05,0.0012969746
2868,0.00103476882343077,0.00103476882343077,7.548795330034855e-05,0.0012902158
2869,0.0010638561668909257,0.0010638561668909257,7.90076594866049e-05,0.0012873923
2870,0.0010464835963729356,0.0010464835963729356,8.165601392526867e-05,0.0012896422
2871,0.0010616650158125492,0.0010616650158125492,6.763671090589519e-05,0.0013050981
2872,0.0010821748822410074,0.0010821748822410074,7.191561599281866e-05,0.0013025467
2873,0.0010695326323103573,0.0010695326323103573,6.820931423639425e-05,0.0013451356
2874,0.001036173779801983,0.001036173779801983,7.255421202785328e-05,0.0012818037
2875,0.0010788325297956666,0.0010788325297956666,7.948681712201101e-05,0.0013996819
2876,0.0010788292585251233,0.0010788292585251233,8.479819750972537e-05,0.0012957391
2877,0.0010324414185662236,0.0010324414185662236,7.594930758361644e-05,0.0013239043
2878,0.0010453136353236105,0.0010453136353236105,7.446721776381714e-05,0.0012190652
2879,0.001056702279796203,0.001056702279796203,6.959254270289724e-05,0.0012375723
2880,0.0010663058233654334,0.0010663058233654334,7.134733540035132e-05,0.0013955868
2881,0.0010496146174975567,0.0010496146174975567,7.603100845396208e-05,0.0012617466
2882,0.0010273641867873569,0.0010273641867873569,7.006924081293972e-05,0.001272879
2883,0.0010380549175250861,0.0010380549175250861,7.663201474130687e-05,0.0012521263
2884,0.0010110248889153202,0.0010110248889153202,7.518230380504242e-05,0.0012325145
2885,0.0010652610320701368,0.0010652610320701368,6.339590137132392e-05,0.0012823482
2886,0.001023527098974834,0.001023527098974834,8.337868116847286e-05,0.0012230686
2887,0.0009955471452687764,0.0009955471452687764,6.291651668999994e-05,0.0012575069
2888,0.0010190335024769107,0.0010190335024769107,6.580424648598982e-05,0.0013357393
2889,0.0010386030073277653,0.0010386030073277653,6.590440567606492e-05,0.0013602147
2890,0.0010118884370765753,0.0010118884370765753,7.72792288530629e-05,0.0012465711
2891,0.0010544436815608706,0.0010544436815608706,7.05440871434525e-05,0.0012483419
2892,0.0010298487536298732,0.0010298487536298732,6.65712206783711e-05,0.0012233028
2893,0.001023597597506725,0.001023597597506725,6.714256630668085e-05,0.0013229995
2894,0.0010238648275844753,0.0010238648275844753,6.489928360464445e-05,0.0012550376
2895,0.0010173019086424674,0.0010173019086424674,6.8611683198267e-05,0.0012297443
2896,0.0010694207571860816,0.0010694207571860816,7.063666989955604e-05,0.001259946
2897,0.0010245679618997707,0.0010245679618997707,6.724859545070356e-05,0.0012797158
2898,0.001071135410004192,0.001071135410004192,5.945258517448969e-05,0.0013033052
2899,0.001046190960591452,0.001046190960591452,6.937344078229065e-05,0.0012935834
2900,0.0010178537845301132,0.0010178537845301132,6.951489465589273e-05,0.0012658063
2901,0.001022514226173775,0.001022514226173775,6.47686282786787e-05,0.0012938535
2902,0.0010739685812344154,0.0010739685812344154,6.219579520600544e-05,0.0013435202
2903,0.00103274781205174,0.00103274781205174,7.092025692353824e-05,0.0013187575
2904,0.00104523124690685,0.00104523124690685,7.834875723339173e-05,0.0013692316
2905,0.0011015301027024786,0.0011015301027024786,8.285813501171586e-05,0.0013577827
2906,0.0010388059114726882,0.0010388059114726882,6.0920324643929137e-05,0.0012712657
2907,0.001034747646190226,0.001034747646190226,6.277778868227162e-05,0.0013124797
2908,0.0010525444444889824,0.0010525444444889824,6.840312431806654e-05,0.0012879674
2909,0.0010382966216032703,0.0010382966216032703,7.087324659143709e-05,0.0012154347
2910,0.0010072995986168583,0.0010072995986168583,7.21434053755527e-05,0.0012417274
2911,0.00103149581183162,0.00103149581183162,8.128762822505249e-05,0.0012303565
2912,0.0010401128260936175,0.0010401128260936175,7.132725819821593e-05,0.0012936887
2913,0.0010259593448912103,0.0010259593448912103,6.466388209847512e-05,0.0012309636
2914,0.0010060055129643944,0.0010060055129643944,5.697982872053191e-05,0.0012462342
2915,0.0010423076959947745,0.0010423076959947745,5.638961448413384e-05,0.001326921
2916,0.0010324565124594503,0.0010324565124594503,7.779348131476343e-05,0.0012750928
2917,0.001031693735987776,0.001031693735987776,6.70935712484777e-05,0.0012934866
2918,0.0010279734062755273,0.0010279734062755273,8.415032176950869e-05,0.0012778017
2919,0.001017762117812203,0.001017762117812203,5.5632587120473744e-05,0.0012293297
2920,0.0010398109327070415,0.0010398109327070415,7.146003323567937e-05,0.0012989675
2921,0.0010273985551773673,0.0010273985551773673,7.066660900569782e-05,0.0012360034
2922,0.0010181641658871538,0.0010181641658871538,6.344724977588435e-05,0.0012676769
2923,0.0010209332440151936,0.0010209332440151936,6.868889451171848e-05,0.0013850359
2924,0.0010209841744249894,0.0010209841744249894,8.670422281957555e-05,0.0013307353
2925,0.0010268176284929118,0.0010268176284929118,7.157310821084037e-05,0.0012410372
2926,0.0010356576026727756,0.0010356576026727756,8.140343513400379e-05,0.0012428492
2927,0.0010260735948880513,0.0010260735948880513,7.015977608817694e-05,0.0012150855
2928,0.0010182650203609633,0.0010182650203609633,6.359942880042046e-05,0.0013087032
2929,0.0010388002562750544,0.0010388002562750544,6.59246519076204e-05,0.0012496681
2930,0.0010461954484021084,0.0010461954484021084,7.733010877220497e-05,0.0012527349
2931,0.0010459575517516998,0.0010459575517516998,7.657619829236258e-05,0.0012982342
2932,0.001060627475898299,0.001060627475898299,6.83140353386433e-05,0.0012176434
2933,0.0010205033558627796,0.0010205033558627796,6.019886549969063e-05,0.0012077597
2934,0.0010619546648942763,0.0010619546648942763,7.780994406769221e-05,0.0012409937
2935,0.0010882815578952432,0.0010882815578952432,9.968218104682415e-05,0.0013158106
2936,0.00102106640374081,0.00102106640374081,7.896582239684197e-05,0.0013468028
2937,0.0010331357143715852,0.0010331357143715852,7.142262840425702e-05,0.001317718
2938,0.0010151072741589613,0.0010151072741589613,5.9627206609194316e-05,0.0012356024
2939,0.0010452704310106734,0.0010452704310106734,7.741239084053417e-05,0.0012959877
2940,0.0010429410820102527,0.0010429410820102527,7.006917887909433e-05,0.001234533
2941,0.0010174717573035094,0.0010174717573035094,8.630759912162174e-05,0.0012806363
2942,0.0010267288488749829,0.0010267288488749829,5.860187651604873e-05,0.0012916846
2943,0.001038684031098253,0.001038684031098253,6.120275114234926e-05,0.0012068964
2944,0.0010139867120111982,0.0010139867120111982,7.298265223655657e-05,0.0012887701
2945,0.0010172218549996614,0.0010172218549996614,7.91146485372312e-05,0.0012761368
2946,0.001049659410232885,0.001049659410232885,7.55817914757194e-05,0.0012188521
2947,0.0010252143502131933,0.0010252143502131933,7.554278651850963e-05,0.0012690888
2948,0.0010354966261527604,0.0010354966261527604,7.318845018744469e-05,0.0012856399
2949,0.0010335341108859413,0.0010335341108859413,7.543690550164684e-05,0.0012630821
2950,0.0010425292653962969,0.0010425292653962969,8.937169684650748e-05,0.0012628355
2951,0.0010437184259191983,0.0010437184259191983,6.859366849438528e-05,0.0013004403
2952,0.0010581201498603655,0.0010581201498603655,7.380848849728574e-05,0.0012258469
2953,0.0010265859632959797,0.0010265859632959797,6.751916250069298e-05,0.0012855367
2954,0.0010480658785026107,0.0010480658785026107,5.693433501174165e-05,0.0012979449
2955,0.001071160563474728,0.001071160563474728,6.986168570253742e-05,0.0012642643
2956,0.0010471112625156011,0.0010471112625156011,7.880533876105901e-05,0.0012277609
2957,0.0010474645597342816,0.0010474645597342816,6.407897373937507e-05,0.0012880795
2958,0.0010301841060734458,0.0010301841060734458,7.26684116734254e-05,0.0012458914
2959,0.0010116848279722035,0.0010116848279722035,6.998827327354067e-05,0.0012536482
2960,0.001042256063212537,0.001042256063212537,8.554882782774781e-05,0.0013093791
2961,0.0010309571917686197,0.0010309571917686197,7.376257911523175e-05,0.001229805
2962,0.0010163639115894007,0.0010163639115894007,7.283746317120353e-05,0.0013489341
2963,0.0010723525412484176,0.0010723525412484176,6.852980171869502e-05,0.0012125728
2964,0.001028198305155254,0.001028198305155254,6.344757154358326e-05,0.0012563778
2965,0.001037082539146973,0.001037082539146973,5.982109785733769e-05,0.0012312969
2966,0.0010262833649499548,0.0010262833649499548,7.15009219155781e-05,0.0012988877
2967,0.0010090581322502758,0.0010090581322502758,7.331058736844574e-05,0.001371322
2968,0.0010543097315045694,0.0010543097315045694,7.608370391523067e-05,0.0012695952
2969,0.0010346395584444204,0.0010346395584444204,6.955484215988387e-05,0.0012427227
2970,0.0010329971930736468,0.0010329971930736468,8.542642292815748e-05,0.0012482423
2971,0.0010239600617852477,0.0010239600617852477,7.554520264218607e-05,0.0012311944
2972,0.0010148507801608906,0.0010148507801608906,6.841688237955169e-05,0.0012047259
2973,0.0010267722730835278,0.0010267722730835278,7.152899827019461e-05,0.0012264772
2974,0.0010510036889981064,0.0010510036889981064,9.175005534969058e-05,0.0012691298
2975,0.0010272948265386125,0.0010272948265386125,6.266354126359551e-05,0.0012441659
2976,0.0010124521200648613,0.0010124521200648613,7.44537887624593e-05,0.0012368823
2977,0.0010245425225649443,0.0010245425225649443,6.66302308294083e-05,0.0012761778
2978,0.0010269072074960504,0.0010269072074960504,7.096410003184258e-05,0.0013482803
2979,0.0010346993571147324,0.0010346993571147324,7.681546064759459e-05,0.001318229
2980,0.0010305274290860528,0.0010305274290860528,6.924538949498861e-05,0.001400066
2981,0.0010734366259485897,0.0010734366259485897,7.935361705949539e-05,0.001246994
2982,0.0010424530120669968,0.0010424530120669968,7.580132856017169e-05,0.0012324668
2983,0.001017680188589212,0.001017680188589212,6.333132253707339e-05,0.0012259039
2984,0.0010161627109886871,0.0010161627109886871,6.669156941218428e-05,0.0012427508
2985,0.0010295348772261705,0.0010295348772261705,7.027996808754249e-05,0.0013024955
2986,0.0010123760064339473,0.0010123760064339473,6.374962480132732e-05,0.0012371556
2987,0.0010336661297414037,0.0010336661297414037,8.880808415143962e-05,0.00124677
2988,0.0010101718672861657,0.0010101718672861657,6.703878210727352e-05,0.001245711
2989,0.0010419404793841143,0.0010419404793841143,7.571183471668518e-05,0.0013315473
2990,0.0010188583323421578,0.0010188583323421578,6.143018407593657e-05,0.0013614491
2991,0.0010251505352142783,0.0010251505352142783,8.148048879850952e-05,0.0012639916
2992,0.0010225626161425479,0.0010225626161425479,7.22760853225029e-05,0.0012517426
2993,0.0010182673797114856,0.0010182673797114856,7.684183992064201e-05,0.0012326215
2994,0.0010116850983144508,0.0010116850983144508,6.44749977330374e-05,0.0013692983
2995,0.0010400333480599026,0.0010400333480599026,7.145383867880382e-05,0.0012450459
2996,0.0010510808503669169,0.0010510808503669169,7.413379563620105e-05,0.0013035687
2997,0.0010261532708278132,0.0010261532708278132,8.275895946402064e-05,0.0012640645
2998,0.0009974116045567724,0.0009974116045567724,6.998539391531722e-05,0.0012778533
2999,0.0010148199520901673,0.0010148199520901673,7.657430985324886e-05,0.0013603516
3000,0.0010232265223748982,0.0010232265223748982,7.300786813900907e-05,0.0012752431
3001,0.0010595796979032458,0.0010595796979032458,8.291437538048285e-05,0.0012211711
3002,0.0010158336967126362,0.0010158336967126362,7.11902182362994e-05,0.0012364966
3003,0.0010166982137080696,0.0010166982137080696,6.999057981621112e-05,0.0013644563
3004,0.0010918324425195655,0.0010918324425195655,7.70262396204973e-05,0.0012167003
3005,0.0010410868006551432,0.0010410868006551432,7.106369748726138e-05,0.0011969097
3006,0.0010161281020070116,0.0010161281020070116,7.253420771557255e-05,0.0011997835
3007,0.0010273859499850208,0.0010273859499850208,9.451025000544178e-05,0.001242342
3008,0.0010413892114431494,0.0010413892114431494,8.522810827066173e-05,0.0013806015
3009,0.0010247811610396538,0.0010247811610396538,7.589755561336158e-05,0.0012659975
3010,0.0010191898391995993,0.0010191898391995993,6.57194511249928e-05,0.0012671759
3011,0.0010037927577892939,0.0010037927577892939,7.009725381724113e-05,0.0012990871
3012,0.0010216636208093001,0.0010216636208093001,7.308388054399176e-05,0.0012235005
3013,0.0010303801481818986,0.0010303801481818986,7.942271696398014e-05,0.0012734832
3014,0.0009936364548694756,0.0009936364548694756,5.921812914271543e-05,0.001247882
3015,0.0010289808554160926,0.0010289808554160926,6.637213202825719e-05,0.0012848257
3016,0.0010350968895686996,0.0010350968895686996,7.49067859726122e-05,0.0012274726
3017,0.0010070386510859762,0.0010070386510859762,6.864307075728801e-05,0.0012678251
3018,0.001009009486814547,0.001009009486814547,9.177111138853888e-05,0.0012350851
3019,0.001023704558610916,0.001023704558610916,7.477206019522361e-05,0.0013462561
3020,0.0010245127021335065,0.0010245127021335065,7.186966232490082e-05,0.0012921664
3021,0.00102228439387141,0.00102228439387141,7.187093502428374e-05,0.0012669757
3022,0.0010062577021825645,0.0010062577021825645,6.590745716310822e-05,0.0012081672
3023,0.001020860873783628,0.001020860873783628,6.570308691256817e-05,0.0012512489
3024,0.001007931607051028,0.001007931607051028,7.861824578401727e-05,0.0012230308
3025,0.0010325766466040577,0.0010325766466040577,7.186808068063834e-05,0.0012330838
3026,0.0010451342664762504,0.0010451342664762504,6.0502970049731525e-05,0.0012691418
3027,0.0010315157033296096,0.0010315157033296096,6.097690412710182e-05,0.0012170032
3028,0.0010128700290806592,0.0010128700290806592,7.452622537205874e-05,0.0013115032
3029,0.001022872239506493,0.001022872239506493,7.205308956109343e-05,0.0012883409
3030,0.0010160722653381527,0.0010160722653381527,7.001928198349105e-05,0.001245162
3031,0.0009960321851799057,0.0009960321851799057,6.609752657232725e-05,0.0013124312
3032,0.001061076720038222,0.001061076720038222,7.563854609947561e-05,0.0012530285
3033,0.0010248931176546547,0.0010248931176546547,5.843346061548497e-05,0.00124465
3034,0.001017059431049145,0.001017059431049145,6.863534472011502e-05,0.0012134456
3035,0.0010291940157508685,0.0010291940157508685,5.988144085020192e-05,0.0012354208
3036,0.0010363813554350701,0.0010363813554350701,7.701440487844183e-05,0.0013128603
3037,0.0010137809168857834,0.0010137809168857834,7.195178439979423e-05,0.0012980892
3038,0.001015353975041459,0.001015353975041459,7.48553821717716e-05,0.00124386
3039,0.0010070049902424216,0.0010070049902424216,6.562727484068374e-05,0.0012534969
3040,0.0010360629905739592,0.0010360629905739592,6.175032353914232e-05,0.0012914663
3041,0.0010924229217279288,0.0010924229217279288,6.792669474293689e-05,0.0013056366
3042,0.0010160831863888437,0.0010160831863888437,7.203754881036022e-05,0.0012267206
3043,0.0010015123083980547,0.0010015123083980547,8.14249227106403e-05,0.0012174142
3044,0.0009991737380106416,0.0009991737380106416,7.652533610934419e-05,0.0012403507
3045,0.0010418645571917296,0.0010418645571917296,6.637565150589985e-05,0.001208183
3046,0.001022533869319078,0.001022533869319078,7.30262960643281e-05,0.0012428756
3047,0.001017375523224473,0.001017375523224473,6.823297183776352e-05,0.0012168312
3048,0.0010267257748637348,0.0010267257748637348,6.491562662292141e-05,0.0013377203
3049,0.001010853808838874,0.001010853808838874,7.593457024120829e-05,0.0013100527
3050,0.0010406219374595417,0.0010406219374595417,7.693166001337835e-05,0.0012797934
3051,0.0010021305177360773,0.0010021305177360773,7.274688788230479e-05,0.0012650186
3052,0.0010265787610680692,0.0010265787610680692,6.686412783388897e-05,0.0012494882
3053,0.001068820434415506,0.001068820434415506,7.484909443620483e-05,0.0012309797
3054,0.0010128034770281779,0.0010128034770281779,5.5017101117835654e-05,0.001267297
3055,0.0010202016649095134,0.0010202016649095134,7.063239923531405e-05,0.0013232017
3056,0.001027043202581505,0.001027043202581505,6.295976042262434e-05,0.0012450386
3057,0.0010691250066479875,0.0010691250066479875,9.083837606390766e-05,0.0012895832
3058,0.0010259619655294551,0.0010259619655294551,7.095313037963378e-05,0.001265054
3059,0.0010630407034315998,0.0010630407034315998,8.359222636297799e-05,0.0012287052
3060,0.0010067453763137261,0.0010067453763137261,7.020558681698732e-05,0.0012212582
3061,0.0010209817659213311,0.0010209817659213311,6.380372535027668e-05,0.0012535712
3062,0.0010200503760845296,0.0010200503760845296,5.6217269040380476e-05,0.0012661825
3063,0.001058453581451128,0.001058453581451128,7.197071731057905e-05,0.0012875284
3064,0.0010679635917767883,0.0010679635917767883,7.20174833923516e-05,0.0012622947
3065,0.0010259814573348397,0.0010259814573348397,7.757581787157304e-05,0.0012114828
3066,0.0010171269441747832,0.0010171269441747832,6.92537181720354e-05,0.0012563126
3067,0.0010213527776714829,0.0010213527776714829,7.766526222086314e-05,0.0013408985
3068,0.0010403703044479093,0.0010403703044479093,8.371806745530977e-05,0.0012132629
3069,0.0010332039492722187,0.0010332039492722187,6.780930849635701e-05,0.0012177575
3070,0.0009831299669005806,0.0009831299669005806,6.741996686419801e-05,0.0012257919
3071,0.0010321284437345133,0.0010321284437345133,6.452928582297722e-05,0.0012618189
3072,0.0010001726862457064,0.0010001726862457064,6.428541921050307e-05,0.0013129797
3073,0.0010020108867643607,0.0010020108867643607,6.12055264759369e-05,0.0012295201
3074,0.0010042626747033662,0.0010042626747033662,7.246345570656053e-05,0.0012522673
3075,0.0010112716001458466,0.0010112716001458466,6.685607430142089e-05,0.0012151754
3076,0.0010429714541209654,0.0010429714541209654,0.0001024491444692583,0.0012252368
3077,0.0009967279116002222,0.0009967279116002222,7.529650805256298e-05,0.0012891655
3078,0.0009977100714523759,0.0009977100714523759,6.33650988169797e-05,0.0012220009
3079,0.0010376477200123998,0.0010376477200123998,8.371146398966387e-05,0.0012317945
3080,0.0010332380149823924,0.0010332380149823924,5.6753719151300986e-05,0.0013233616
3081,0.0010213619356767999,0.0010213619356767999,7.029852823039719e-05,0.0011978893
3082,0.0010298187275313668,0.0010298187275313668,7.294846101931145e-05,0.0012661967
3083,0.0010305625865132445,0.0010305625865132445,6.309934596136676e-05,0.0012452105
3084,0.001010732779589792,0.001010732779589792,6.998450620214511e-05,0.0012887765
3085,0.0010152968319339884,0.0010152968319339884,6.878550023354061e-05,0.0013877681
3086,0.0010376672079372737,0.0010376672079372737,6.191018768350412e-05,0.0012421949
3087,0.0010268288690389858,0.0010268288690389858,7.27449924721451e-05,0.0012656922
3088,0.0010390816230533852,0.0010390816230533852,8.413564628047727e-05,0.0012234803
3089,0.0010236320422134465,0.0010236320422134465,6.425310204279573e-05,0.0012760472
3090,0.0010455698835560017,0.0010455698835560017,8.88071854066968e-05,0.0012730751
3091,0.001030110654472891,0.001030110654472891,7.599443561237726e-05,0.0012851092
3092,0.0010246053570881486,0.0010246053570881486,7.71655193678574e-05,0.0012478216
3093,0.0010219179365473488,0.0010219179365473488,7.671597522526477e-05,0.0012342084
3094,0.00103029494251435,0.00103029494251435,6.271360281336531e-05,0.0012427862
3095,0.0010463834507390857,0.0010463834507390857,7.289015098783164e-05,0.0012348238
3096,0.0009895189160791537,0.0009895189160791537,6.643794651992608e-05,0.0012187881
3097,0.0009934124019410876,0.0009934124019410876,6.925656465581496e-05,0.0012066917
3098,0.0009974266143722666,0.0009974266143722666,6.70545924833732e-05,0.0012850239
3099,0.001020750284401907,0.001020750284401907,7.044776966304135e-05,0.0012782874
3100,0.001008170405920181,0.001008170405920181,6.306888676085185e-05,0.0012498811
3101,0.0010057106213126746,0.0010057106213126746,7.533148508513203e-05,0.0012329977
3102,0.0010110363273674416,0.0010110363273674416,7.406696402680385e-05,0.001222424
3103,0.0010020992524611453,0.0010020992524611453,7.052160259048731e-05,0.001306194
3104,0.0010160713831687139,0.0010160713831687139,7.607524989252409e-05,0.0013090998
3105,0.0010219147545285523,0.0010219147545285523,6.51001166641802e-05,0.0012346968
3106,0.0010258989680248002,0.0010258989680248002,6.003331802225552e-05,0.0012889241
3107,0.001006336808980753,0.001006336808980753,7.250540576503934e-05,0.0012846602
3108,0.0010039020795375108,0.0010039020795375108,5.806876301619468e-05,0.0012440259
3109,0.0010042817810446852,0.0010042817810446852,6.33172936154046e-05,0.0012238162
3110,0.0009846184350964097,0.0009846184350964097,6.301348306198859e-05,0.0012116091
3111,0.0010138203441682789,0.0010138203441682789,5.7091278747773486e-05,0.0012803198
3112,0.0010356767892113162,0.0010356767892113162,7.113526219326458e-05,0.0013548512
3113,0.0010086526512168349,0.0010086526512168349,6.912913603527058e-05,0.0012397674
3114,0.0009895865986537602,0.0009895865986537602,7.169985294973221e-05,0.0012316753
3115,0.0010042377036168343,0.0010042377036168343,7.10839859114761e-05,0.001241284
3116,0.0010634492888736229,0.0010634492888736229,8.145471893499235e-05,0.0012512609
3117,0.001042144009584768,0.001042144009584768,6.980744835718668e-05,0.0012531967
3118,0.0009941790576299858,0.0009941790576299858,6.096266738874571e-05,0.0012095174
3119,0.001024229794792417,0.001024229794792417,6.41097611100526e-05,0.0012377099
3120,0.0010364654383415149,0.0010364654383415149,7.673111255183724e-05,0.0012601522
3121,0.0010140547606473167,0.0010140547606473167,9.205630807763833e-05,0.001241825
3122,0.0010365208481541938,0.0010365208481541938,7.516143815332332e-05,0.001237983
3123,0.0010031010205340054,0.0010031010205340054,6.153720925152268e-05,0.0012733098
3124,0.001019199571520504,0.001019199571520504,7.019423378551437e-05,0.0013369176
3125,0.0010324291846094031,0.0010324291846094031,6.875360637141152e-05,0.0012780168
3126,0.0010332016688254144,0.0010332016688254144,7.8171166040243e-05,0.0012037507
3127,0.0010203718026686045,0.0010203718026686045,6.438896211875544e-05,0.0012891637
3128,0.0010040060099628237,0.0010040060099628237,6.770085956032308e-05,0.0012363152
3129,0.0010148885853899022,0.0010148885853899022,7.647466612878715e-05,0.001200317
3130,0.001062908315927618,0.001062908315927618,6.390874365315034e-05,0.0012631421
3131,0.00102646750682551,0.00102646750682551,7.058038942710077e-05,0.0012026454
3132,0.0010032585149423944,0.0010032585149423944,7.591051304716403e-05,0.0012133738
3133,0.0009964496660460201,0.0009964496660460201,6.116025063849722e-05,0.0011948776
3134,0.0009891995591008,0.0009891995591008,6.292681760366274e-05,0.0011968864
3135,0.001003165814715127,0.001003165814715127,6.63876138907603e-05,0.0012732197
3136,0.0010243295161570939,0.0010243295161570939,7.291323267016499e-05,0.0012541339
3137,0.0010264238885914286,0.0010264238885914286,6.0116836852507225e-05,0.0012475004
3138,0.0010250013606208895,0.0010250013606208895,7.03546822289051e-05,0.0012496274
3139,0.0009731664180031253,0.0009731664180031253,5.698284645000563e-05,0.0012713218
3140,0.0010071443296813716,0.0010071443296813716,7.774147904484607e-05,0.0012216722
3141,0.0009982863777420587,0.0009982863777420587,6.745314640536688e-05,0.0012970893
3142,0.0010202513322130674,0.0010202513322130674,6.207599136792573e-05,0.0012037444
3143,0.0009946497532332108,0.0009946497532332108,7.443691786572042e-05,0.0012249774
3144,0.0009974258641401927,0.0009974258641401927,7.226096272966566e-05,0.001243973
3145,0.0009951313569520912,0.0009951313569520912,6.565543977911955e-05,0.0012407934
3146,0.0010066169404631688,0.0010066169404631688,6.82282745031774e-05,0.0012318916
3147,0.0009986759409204952,0.0009986759409204952,7.415966558086654e-05,0.0012093434
3148,0.0009990472747530375,0.0009990472747530375,6.742632285856156e-05,0.0012445272
3149,0.0010198363659179046,0.0010198363659179046,6.527877826359132e-05,0.001294557
3150,0.00099846770754084,0.00099846770754084,7.652000095327417e-05,0.0012087543
3151,0.0010122370880304111,0.0010122370880304111,7.498103414679887e-05,0.0012827242
3152,0.0010067660581424005,0.0010067660581424005,7.280098784537713e-05,0.0011884117
3153,0.0009927742713544932,0.0009927742713544932,7.02620434468473e-05,0.001263338
3154,0.0010066240741353897,0.0010066240741353897,7.616748944154021e-05,0.0012416556
3155,0.0010064055858593848,0.0010064055858593848,6.34437746438405e-05,0.0012008935
3156,0.0009909048818776177,0.0009909048818776177,6.893944615637477e-05,0.0012553345
3157,0.0010124376017807259,0.0010124376017807259,6.318749117595088e-05,0.0012874941
3158,0.0010382205571254923,0.0010382205571254923,6.333959435949055e-05,0.001221179
3159,0.0010605907688538234,0.0010605907688538234,7.245772448859119e-05,0.0012804603
3160,0.0010821932693943382,0.0010821932693943382,8.562323260103236e-05,0.0013123057
3161,0.0010181171509126821,0.0010181171509126821,7.073067211220203e-05,0.0013006494
3162,0.0010202069533988833,0.0010202069533988833,6.158508111045395e-05,0.0012640759
3163,0.0009923885110765696,0.0009923885110765696,6.948785583284057e-05,0.0011892446
3164,0.0009855421945556171,0.0009855421945556171,6.869242597815629e-05,0.0012678951
3165,0.0009875033723397387,0.0009875033723397387,6.421299800018056e-05,0.0012007618
3166,0.0010136912434568835,0.0010136912434568835,7.336976172061959e-05,0.0012240992
3167,0.0009890322935663992,0.0009890322935663992,7.634000273684351e-05,0.001240469
3168,0.0010415062062545783,0.0010415062062545783,6.447785523609658e-05,0.0012550616
3169,0.0010321900804734065,0.0010321900804734065,7.672304069292264e-05,0.0012674456
3170,0.0009978014691215422,0.0009978014691215422,7.131057414224212e-05,0.0013456226
3171,0.0010130395828228857,0.0010130395828228857,7.36018148135589e-05,0.0012276048
3172,0.000990166954903139,0.000990166954903139,6.952673290846354e-05,0.001249151
3173,0.0009866115236137477,0.0009866115236137477,6.645972372623592e-05,0.001290956
3174,0.0009957458694568938,0.0009957458694568938,6.598899924017902e-05,0.001278852
3175,0.0010230741592951948,0.0010230741592951948,7.637032832406022e-05,0.0012375502
3176,0.0010032979862040115,0.0010032979862040115,7.652693027845695e-05,0.0012183809
3177,0.0009927937282352812,0.0009927937282352812,5.7487562326485886e-05,0.0012462678
3178,0.0010161759900963968,0.0010161759900963968,6.513607485235045e-05,0.00122216
3179,0.0009957025720116993,0.0009957025720116993,6.771081288690085e-05,0.0013067287
3180,0.0010197106231417921,0.0010197106231417921,6.936286271278884e-05,0.0012824902
3181,0.0010058647642532984,0.0010058647642532984,8.701768080234817e-05,0.0012424887
3182,0.0010599594291610022,0.0010599594291610022,6.284760726960788e-05,0.0012507674
3183,0.0010318983889495332,0.0010318983889495332,7.85929429366382e-05,0.0012634753
3184,0.0010252737647129429,0.0010252737647129429,6.261958491601641e-05,0.0012434759
3185,0.0010098756187491946,0.0010098756187491946,7.091289169744009e-05,0.0012380636
3186,0.0010073896885539094,0.0010073896885539094,5.957608354284124e-05,0.0012513389
3187,0.0010142926631184915,0.0010142926631184915,6.60847409911014e-05,0.0013433108
3188,0.0010352905231734945,0.0010352905231734945,6.695699399238543e-05,0.0013066594
3189,0.0010150376642640267,0.0010150376642640267,5.942903762109116e-05,0.0012397316
3190,0.0010397993920681378,0.0010397993920681378,8.055854478341315e-05,0.0012139982
3191,0.0010222481369661788,0.0010222481369661788,6.382544383822303e-05,0.0012057878
3192,0.00101790710274751,0.00101790710274751,7.62491031784249e-05,0.0012066279
3193,0.0010223007993772626,0.0010223007993772626,6.366013390106673e-05,0.0013091867
3194,0.0010094075399037037,0.0010094075399037037,8.47353382532291e-05,0.0012489164
3195,0.0010107152616708644,0.0010107152616708644,5.983659746486107e-05,0.0012345929
3196,0.0009817480070826907,0.0009817480070826907,6.453380067602173e-05,0.001225141
3197,0.00099012694037002,0.00099012694037002,6.443595935555398e-05,0.0012018272
3198,0.0009772499247143666,0.0009772499247143666,5.9005165535887096e-05,0.0012237913
3199,0.0009951855431103872,0.0009951855431103872,5.752428075235609e-05,0.0012127266
3200,0.00097675790441119,0.00097675790441119,6.91766943622459e-05,0.0012461371
3201,0.0010287119140331116,0.0010287119140331116,7.087517021425861e-05,0.001226555
3202,0.0010093871051342124,0.0010093871051342124,7.654258877873113e-05,0.0012340056
3203,0.0010159915869331195,0.0010159915869331195,6.003778316880926e-05,0.001208959
3204,0.0010012344935805433,0.0010012344935805433,7.174527681589928e-05,0.0012406565
3205,0.0009917880667166578,0.0009917880667166578,6.419603202183982e-05,0.0012205269
3206,0.000989955198019743,0.000989955198019743,5.888382385336054e-05,0.0012097746
3207,0.0009851269747337534,0.0009851269747337534,6.842154213965538e-05,0.001199262
3208,0.0010451269620615575,0.0010451269620615575,7.125839212057549e-05,0.0012635658
3209,0.0010219931615413063,0.0010219931615413063,6.516872703606531e-05,0.0012276188
3210,0.0009919261896154947,0.0009919261896154947,6.418683131970384e-05,0.0012494382
3211,0.0010189854371775355,0.0010189854371775355,6.285360916156909e-05,0.0012282667
3212,0.001010839055137088,0.001010839055137088,7.248677801814867e-05,0.0012646436
3213,0.0009943892545480695,0.0009943892545480695,6.089421914970848e-05,0.001238525
3214,0.0010011721169576049,0.0010011721169576049,6.569920519604959e-05,0.0012254823
3215,0.0010044673108495772,0.0010044673108495772,7.972843359742083e-05,0.0012500279
3216,0.0010224125619667272,0.0010224125619667272,8.103605322023416e-05,0.0012486244
3217,0.0009780101801475716,0.0009780101801475716,6.97434278815005e-05,0.0012371828
3218,0.0009963512886315585,0.0009963512886315585,5.825193409955255e-05,0.0012376034
3219,0.001022653306265258,0.001022653306265258,6.760949762367988e-05,0.0013377598
3220,0.0010204462502669128,0.0010204462502669128,7.62558913707936e-05,0.001282255
3221,0.0009894065571845407,0.0009894065571845407,6.563872021716734e-05,0.0012786192
3222,0.0009906004829746153,0.0009906004829746153,6.560158981522414e-05,0.00125439
3223,0.0009916166063501603,0.0009916166063501603,6.917397789089188e-05,0.0012220605
3224,0.0010147032476702912,0.0010147032476702912,7.30618138599463e-05,0.0012285924
3225,0.0009944406868372527,0.0009944406868372527,6.802102651085484e-05,0.0012581885
3226,0.0010208408671638204,0.0010208408671638204,7.151855324738992e-05,0.0012051582
3227,0.0009883381568619775,0.0009883381568619775,5.953998539022602e-05,0.0012209882
3228,0.000992162129841745,0.000992162129841745,6.411719515306342e-05,0.0012288289
3229,0.0010097991325892508,0.0010097991325892508,6.59833742504803e-05,0.0012404504
3230,0.001023363364705195,0.001023363364705195,5.882024188884493e-05,0.0012513383
3231,0.0009968701995805734,0.0009968701995805734,7.02442228626094e-05,0.0012800246
3232,0.0009785164781432184,0.0009785164781432184,6.29739975612652e-05,0.001333369
3233,0.0009958468869121538,0.0009958468869121538,6.90641889865636e-05,0.0012865643
3234,0.001040562590221978,0.001040562590221978,5.9761767504914094e-05,0.0012533366
3235,0.0010101356375445095,0.0010101356375445095,7.124215024482005e-05,0.0012967273
3236,0.001041183909142597,0.001041183909142597,6.149635545208791e-05,0.0012756614
3237,0.001006603493199994,0.001006603493199994,6.629488009745425e-05,0.00130203
3238,0.0010110188404925996,0.0010110188404925996,7.676421511809571e-05,0.0012346831
3239,0.0010095334456612667,0.0010095334456612667,6.436297449267967e-05,0.0012676867
3240,0.0010035233701475793,0.0010035233701475793,7.411465886129066e-05,0.0012748578
3241,0.0010003001959477033,0.0010003001959477033,8.072212859183815e-05,0.0013551334
3242,0.0010099209715715713,0.0010099209715715713,6.982028898063516e-05,0.0012376161
3243,0.0010019453449381722,0.0010019453449381722,7.25327889219961e-05,0.00132735
3244,0.0010006971709016297,0.0010006971709016297,8.007288674384148e-05,0.0012254898
3245,0.0010175362358697587,0.0010175362358697587,6.189978468010714e-05,0.0012714412
3246,0.0010071551634205712,0.0010071551634205712,6.123245406123425e-05,0.0012569515
3247,0.0010083392831600375,0.0010083392831600375,6.116902837776353e-05,0.0012511909
3248,0.0009799422631557616,0.0009799422631557616,6.653479279522164e-05,0.0012690732
3249,0.0009983583560420407,0.0009983583560420407,6.435456485244718e-05,0.001197075
3250,0.0009930255602941746,0.0009930255602941746,6.454052503133628e-05,0.0012510729
3251,0.0010029008405076133,0.0010029008405076133,6.455141165512638e-05,0.001278934
3252,0.0010391430166136059,0.0010391430166136059,5.896893029178803e-05,0.0012685566
3253,0.0010007206415240135,0.0010007206415240135,6.457492841083952e-05,0.001229514
3254,0.000997031132121467,0.000997031132121467,6.993762254426075e-05,0.0013235759
3255,0.0009901633913007876,0.0009901633913007876,6.534720873282316e-05,0.001195913
3256,0.0009927463394382762,0.0009927463394382762,6.286161316590247e-05,0.0012352477
3257,0.0010017134870092075,0.0010017134870092075,6.505862755387979e-05,0.00127427
3258,0.0010182870797709458,0.0010182870797709458,7.562393548741714e-05,0.0012246849
3259,0.0010063512211975951,0.0010063512211975951,7.170738406661789e-05,0.0012673106
3260,0.0010160874885817369,0.0010160874885817369,6.376123102522039e-05,0.0012454735
3261,0.0010080864368420509,0.0010080864368420509,6.847057740471612e-05,0.0012097933
3262,0.0009758401015359494,0.0009758401015359494,8.013833252865274e-05,0.0012410518
3263,0.0009809377719648183,0.0009809377719648183,6.916184207399725e-05,0.0012205855
3264,0.0009879762216264175,0.0009879762216264175,6.525121670285393e-05,0.0012564241
3265,0.0009904582066357964,0.0009904582066357964,5.915062351075701e-05,0.0012979995
3266,0.0009860310962216722,0.0009860310962216722,7.547904633893567e-05,0.0012387326
3267,0.001002993000050386,0.001002993000050386,7.438607755148042e-05,0.0012432609
3268,0.0009876772580254408,0.0009876772580254408,7.291139890894805e-05,0.0012254808
3269,0.0009792045586638981,0.0009792045586638981,6.489452937835772e-05,0.0012419785
3270,0.0009878765791654586,0.0009878765791654586,7.292381521215832e-05,0.0012714352
3271,0.001010431975333227,0.001010431975333227,6.402812182639334e-05,0.0012248565
3272,0.0009985518978080817,0.0009985518978080817,8.233629199215405e-05,0.0012357011
3273,0.000999354277478738,0.000999354277478738,6.795799661693834e-05,0.0011989916
3274,0.0009749426234823962,0.0009749426234823962,6.67306370129634e-05,0.0012532029
3275,0.0009937522299070325,0.0009937522299070325,6.825141599326025e-05,0.0012000905
3276,0.0009819493409142727,0.0009819493409142727,6.637914237668241e-05,0.0012089423
3277,0.0009970121214994126,0.0009970121214994126,6.269543925867538e-05,0.0012527726
3278,0.000993516769570609,0.000993516769570609,7.352600914158655e-05,0.0012607883
3279,0.0010003652915151584,0.0010003652915151584,6.783129836820636e-05,0.0012831733
3280,0.0010066132682065168,0.0010066132682065168,6.567376452917272e-05,0.0012146891
3281,0.0009845836372632118,0.0009845836372632118,6.57443287574703e-05,0.001204884
3282,0.0009983125116883053,0.0009983125116883053,7.281884051045672e-05,0.0012378716
3283,0.0010140367693060803,0.0010140367693060803,5.879199657101708e-05,0.0012782871
3284,0.0009912793524563313,0.0009912793524563313,7.25505837127432e-05,0.0012408117
3285,0.0009759017020567423,0.0009759017020567423,5.8139808054178156e-05,0.0012180387
3286,0.0009930274319938487,0.0009930274319938487,7.056467100423132e-05,0.0012051193
3287,0.0010075232479721309,0.0010075232479721309,6.423429784976835e-05,0.0012268587
3288,0.0009969459794875648,0.0009969459794875648,5.765596030508944e-05,0.0012431614
3289,0.0009676145868272417,0.0009676145868272417,7.032318974072243e-05,0.0012549689
3290,0.0010214495576090282,0.0010214495576090282,8.59763332490123e-05,0.0012452396
3291,0.0009930298689545857,0.0009930298689545857,7.251800541577444e-05,0.0012462545
3292,0.000983465828984562,0.000983465828984562,6.348720028073431e-05,0.0012334116
3293,0.0009958588906253377,0.0009958588906253377,6.536583342785384e-05,0.0012334074
3294,0.0009886603763637444,0.0009886603763637444,6.952006295443248e-05,0.0012288988
3295,0.0010064347957571347,0.0010064347957571347,7.713154247363087e-05,0.0012531067
3296,0.0009896573132007487,0.0009896573132007487,6.93024495828038e-05,0.0012539834
3297,0.0010040271134736636,0.0010040271134736636,6.598916665312673e-05,0.0012488763
3298,0.0009885466191917659,0.0009885466191917659,7.154141210542598e-05,0.0013216377
3299,0.0010076396736419862,0.0010076396736419862,6.063348629841888e-05,0.0012185784
3300,0.0010122877739680311,0.0010122877739680311,6.937325378354823e-05,0.0012189598
3301,0.0010005194732608895,0.0010005194732608895,5.527897146275033e-05,0.0012070992
3302,0.0009880994032654498,0.0009880994032654498,7.591100164619193e-05,0.0012193056
3303,0.0010095944188328254,0.0010095944188328254,6.30144274055845e-05,0.0012199711
3304,0.0009693552455347445,0.0009693552455347445,6.581422370107109e-05,0.0012969307
3305,0.0010260555505131681,0.0010260555505131681,7.029577010809381e-05,0.0012202627
3306,0.0010040281599180566,0.0010040281599180566,6.47856591703386e-05,0.0012162497
3307,0.0009847101276843912,0.0009847101276843912,5.826925382482134e-05,0.0012117317
3308,0.0009985203039832413,0.0009985203039832413,7.858633636412074e-05,0.001322305
3309,0.0009951303092141947,0.0009951303092141947,5.87146941073671e-05,0.001213533
3310,0.0009851430516896976,0.0009851430516896976,7.341500347387687e-05,0.0012396317
3311,0.0010015723101484278,0.0010015723101484278,6.790477223653903e-05,0.0012331202
3312,0.000996894338944306,0.000996894338944306,6.368561161783267e-05,0.0012721667
3313,0.0009803034080606368,0.0009803034080606368,6.358230833838105e-05,0.0012332979
3314,0.0010063730102653305,0.0010063730102653305,6.085260377762185e-05,0.0012055887
3315,0.0010005393608783681,0.0010005393608783681,6.745145491196227e-05,0.0012063688
3316,0.0009655682227781249,0.0009655682227781249,5.763790595183751e-05,0.0012223105
3317,0.0009856723106673195,0.0009856723106673195,6.58161576502102e-05,0.0012281998
3318,0.0010136764108513792,0.0010136764108513792,6.713024574303005e-05,0.0011987356
3319,0.0009772846824489534,0.0009772846824489534,6.414727575819118e-05,0.001238484
3320,0.0010123193820214106,0.0010123193820214106,6.476811311502375e-05,0.0012835227
3321,0.0010479177089615,0.0010479177089615,7.586917133153292e-05,0.001310044
3322,0.0010240436880849303,0.0010240436880849303,6.351986908915326e-05,0.0012138076
3323,0.0009788780188601878,0.0009788780188601878,5.443008221767008e-05,0.0012173369
3324,0.00102358396915305,0.00102358396915305,7.333783122618343e-05,0.0012525995
3325,0.0010051719391615027,0.0010051719391615027,7.796715682041445e-05,0.0012143683
3326,0.0010051763150840999,0.0010051763150840999,6.540466048568241e-05,0.0012201171
3327,0.000999378509974728,0.000999378509974728,6.743481374782176e-05,0.0012543654
3328,0.0009982850764774613,0.0009982850764774613,7.053718577638948e-05,0.0012486588
3329,0.0009981394396163523,0.0009981394396163523,6.66912616856684e-05,0.0012247857
3330,0.0009736652473091251,0.0009736652473091251,6.72648337958511e-05,0.0012110843
3331,0.000993285781522799,0.000993285781522799,6.511514452489406e-05,0.0012494148
3332,0.0010159690178827279,0.0010159690178827279,6.323103189310345e-05,0.0012525944
3333,0.0010068456978640622,0.0010068456978640622,7.188623787644449e-05,0.0013702177
3334,0.001011967155823691,0.001011967155823691,6.864188459177159e-05,0.0012516145
3335,0.00097969209180317,0.00097969209180317,6.909047273290349e-05,0.0012252843
3336,0.0010223753957284822,0.0010223753957284822,6.84843432626931e-05,0.0012379399
3337,0.0009910148626659065,0.0009910148626659065,6.93582602112978e-05,0.0011905059
3338,0.0009819975265094804,0.0009819975265094804,7.744975439183892e-05,0.0012351547
3339,0.0009759750488835076,0.0009759750488835076,6.686075099524816e-05,0.0012268906
3340,0.000978547809386833,0.000978547809386833,6.1705680131278e-05,0.0012174328
3341,0.0009980977034299739,0.0009980977034299739,8.580408467327377e-05,0.0012508142
3342,0.0009747983344520132,0.0009747983344520132,6.195552208888936e-05,0.0012172576
3343,0.0009739118123737474,0.0009739118123737474,6.333970830180786e-05,0.0012161066
3344,0.0009869556214349964,0.0009869556214349964,6.25767595715211e-05,0.0012220916
3345,0.0009773072812499272,0.0009773072812499272,6.811849455424913e-05,0.0012914842
3346,0.0009835393219772312,0.0009835393219772312,7.588408959249035e-05,0.0011951916
3347,0.0009996572949199213,0.0009996572949199213,6.525527490642465e-05,0.0012439024
3348,0.0009877778253414564,0.0009877778253414564,6.134690863982921e-05,0.0012436433
3349,0.0009811237156908544,0.0009811237156908544,7.005301071356169e-05,0.001215942
3350,0.0009712063862631718,0.0009712063862631718,6.605671401768771e-05,0.00123058
3351,0.0009801941729771595,0.0009801941729771595,7.072560289491904e-05,0.0012525553
3352,0.0009872106938726372,0.0009872106938726372,6.918281579639066e-05,0.0012599303
3353,0.0009845770391014716,0.0009845770391014716,6.500041847756519e-05,0.0012315738
3354,0.001002614242800822,0.001002614242800822,6.651866474258997e-05,0.0012191077
3355,0.0010008322139684524,0.0010008322139684524,7.326067123156261e-05,0.001274238
3356,0.000981939516754614,0.000981939516754614,7.170578311893728e-05,0.0012568838
3357,0.0009763800125155184,0.0009763800125155184,5.941922977967806e-05,0.0011835666
3358,0.0009796737201718821,0.0009796737201718821,7.330051360807173e-05,0.0012041673
3359,0.000989786892508467,0.000989786892508467,6.470061695607537e-05,0.0012275071
3360,0.0009725512716815704,0.0009725512716815704,6.603251836925969e-05,0.0011912182
3361,0.0009767393892010053,0.0009767393892010053,6.410073750942046e-05,0.0012169748
3362,0.0010099378194556468,0.0010099378194556468,7.440091354817577e-05,0.001219522
3363,0.0009905497155462703,0.0009905497155462703,6.700846884023627e-05,0.00123221
3364,0.0010000967213677036,0.0010000967213677036,6.26841324630176e-05,0.0012868335
3365,0.0010041971108876169,0.0010041971108876169,7.471567188777802e-05,0.0012525823
3366,0.0009976602586296698,0.0009976602586296698,6.994779110856245e-05,0.0012409124
3367,0.0009986333730113174,0.0009986333730113174,6.143618171374025e-05,0.00119639
3368,0.0009955221567199463,0.0009955221567199463,7.120735920447016e-05,0.001211832
3369,0.000976891074484835,0.000976891074484835,6.432848421506302e-05,0.0012679548
3370,0.00098893279209733,0.00098893279209733,5.749758614367945e-05,0.0012942003
3371,0.0009897644489279224,0.0009897644489279224,6.576804908105665e-05,0.0012259835
3372,0.0009887280796344081,0.0009887280796344081,6.626897528539091e-05,0.0012257793
3373,0.0009823294149504769,0.0009823294149504769,6.557328192617402e-05,0.0012788913
3374,0.0009809940083262822,0.0009809940083262822,5.896097451830605e-05,0.0012194663
3375,0.0009917212249193755,0.0009917212249193755,6.935383110041234e-05,0.0012735348
3376,0.0009993704941330685,0.0009993704941330685,6.975392429523374e-05,0.0012418744
3377,0.0009763193484913144,0.0009763193484913144,6.755647491571735e-05,0.0012253812
3378,0.0009793283676521646,0.0009793283676521646,5.970514113455592e-05,0.0012359156
3379,0.0009755140765466624,0.0009755140765466624,6.861958711618222e-05,0.0012184628
3380,0.0009713708811129133,0.0009713708811129133,7.662802814062767e-05,0.001208154
3381,0.0009935107056258453,0.0009935107056258453,6.50440251703404e-05,0.001263084
3382,0.0009918755023843712,0.0009918755023843712,6.13196063603204e-05,0.0012401079
3383,0.0009834915774667428,0.0009834915774667428,6.77528558294998e-05,0.0011957424
3384,0.0009713896563173168,0.0009713896563173168,6.523623830945427e-05,0.0012351982
3385,0.0009838723875064818,0.0009838723875064818,7.68287386904376e-05,0.0012399681
3386,0.0009804579675094121,0.0009804579675094121,6.321302741214809e-05,0.0012247417
3387,0.0009880645161805053,0.0009880645161805053,8.03546222808254e-05,0.0013136518
3388,0.001011154338872681,0.001011154338872681,7.124947627888463e-05,0.0013068131
3389,0.0009866835355448226,0.0009866835355448226,6.593083321604354e-05,0.0012467346
3390,0.0010121704337911473,0.0010121704337911473,7.580364570982409e-05,0.0012307104
3391,0.0009742043019893269,0.0009742043019893269,6.37094869988333e-05,0.0012273216
3392,0.000991817596109791,0.000991817596109791,8.005108190174168e-05,0.001211488
3393,0.0009838881087489426,0.0009838881087489426,7.92886547660348e-05,0.0012613069
3394,0.0010247898818407622,0.0010247898818407622,6.751455819404839e-05,0.0012321402
3395,0.000984812984501736,0.000984812984501736,6.797798460607869e-05,0.0012438708
3396,0.0009926902582972413,0.0009926902582972413,6.663985546108758e-05,0.0012451464
3397,0.0010134927915512687,0.0010134927915512687,7.384274112559473e-05,0.0012419793
3398,0.0009858652936398154,0.0009858652936398154,7.142054661623358e-05,0.0012835258
3399,0.0009768297184362179,0.0009768297184362179,7.387697433169853e-05,0.0012311258
3400,0.0009846755588013266,0.0009846755588013266,6.884576857421918e-05,0.0012146819
3401,0.0010042264617772566,0.0010042264617772566,7.459644459339011e-05,0.0011829807
3402,0.000976143249620994,0.000976143249620994,6.462985411089188e-05,0.0012069864
3403,0.0009748311377026969,0.0009748311377026969,6.621754448493296e-05,0.0012416776
3404,0.0010316227510985402,0.0010316227510985402,6.995851775728725e-05,0.0011892723
3405,0.000994381308555603,0.000994381308555603,6.879505878540669e-05,0.0013430589
3406,0.0009854614385403694,0.0009854614385403694,6.548375342371552e-05,0.0012247836
3407,0.0009853418812983566,0.0009853418812983566,6.725902389122456e-05,0.001273747
3408,0.0009743074123333725,0.0009743074123333725,6.408917279669721e-05,0.0012456012
3409,0.0009733298237228559,0.0009733298237228559,6.220008355942101e-05,0.0012376682
3410,0.0009903054852556023,0.0009903054852556023,6.505600490700974e-05,0.0012211375
3411,0.0009707188039707641,0.0009707188039707641,5.618585973081736e-05,0.0012629844
3412,0.000988491400817616,0.000988491400817616,5.7069329779500954e-05,0.0012016475
3413,0.0009921075013052257,0.0009921075013052257,6.283813380668512e-05,0.001251245
3414,0.000970422748165826,0.000970422748165826,7.010601601299034e-05,0.0012166625
3415,0.000986441405903962,0.000986441405903962,6.40166342443386e-05,0.0012304434
3416,0.0009749421979197198,0.0009749421979197198,6.26736973126269e-05,0.0012327515
3417,0.0009848355470846097,0.0009848355470846097,6.521154811385759e-05,0.0012105177
3418,0.0009790636159272659,0.0009790636159272659,5.934092701285938e-05,0.0012329321
3419,0.0009675316538454758,0.0009675316538454758,5.725121933437549e-05,0.0012305836
3420,0.0009656141499160893,0.0009656141499160893,7.206296054518033e-05,0.0012282693
3421,0.000983151684825619,0.000983151684825619,6.211431092045435e-05,0.0012162435
3422,0.000974242697055969,0.000974242697055969,6.784330971167188e-05,0.0012271671
3423,0.0009675513564919431,0.0009675513564919431,6.393870136095369e-05,0.0012443501
3424,0.0009869466108890872,0.0009869466108890872,6.511238759180237e-05,0.0012519313
3425,0.001015546049974445,0.001015546049974445,6.727234450072394e-05,0.0012211238
3426,0.000977205605401347,0.000977205605401347,7.095813568045944e-05,0.0012531895
3427,0.0009753993078548875,0.0009753993078548875,6.164117005064264e-05,0.0012752184
3428,0.0009900525574468905,0.0009900525574468905,7.455595736048216e-05,0.0011959443
3429,0.0009956049965694548,0.0009956049965694548,6.514823888766032e-05,0.0012143719
3430,0.000979551154240552,0.000979551154240552,6.953209115370859e-05,0.0012008903
3431,0.0009887377408126163,0.0009887377408126163,6.753634172160301e-05,0.0011955971
3432,0.0009910205146297813,0.0009910205146297813,7.13513358268377e-05,0.0011988223
3433,0.0009907893797693153,0.0009907893797693153,6.958000489400243e-05,0.0012640479
3434,0.0010167514452607267,0.0010167514452607267,6.743762922699009e-05,0.0012176973
3435,0.0009797605608279506,0.0009797605608279506,6.979236141033438e-05,0.0012539002
3436,0.000983901202885641,0.000983901202885641,6.742514422470129e-05,0.001220282
3437,0.0009881123163116474,0.0009881123163116474,6.976601286056211e-05,0.0011961672
3438,0.000961541353414456,0.000961541353414456,7.008704648493828e-05,0.0011954571
3439,0.0009677814410275056,0.0009677814410275056,6.362144550659347e-05,0.0012366705
3440,0.0009638777351938188,0.0009638777351938188,6.354280250238591e-05,0.0012440917
3441,0.0009800418163649737,0.0009800418163649737,7.32330013289268e-05,0.001233822
3442,0.0009887704289414817,0.0009887704289414817,7.468701067397079e-05,0.0012103022
3443,0.0009574222339627643,0.0009574222339627643,6.535649799551555e-05,0.0012337511
3444,0.0009739333750783569,0.0009739333750783569,6.0288829995948214e-05,0.0012399699
3445,0.0009653768515110844,0.0009653768515110844,6.357400136904642e-05,0.0012204065
3446,0.0009744195823764636,0.0009744195823764636,6.3638282179252e-05,0.0011831382
3447,0.0009908744534994993,0.0009908744534994993,5.999455839697829e-05,0.0012216944
3448,0.0009911541891698208,0.0009911541891698208,6.249556943099193e-05,0.0012699114
3449,0.0009791383739664323,0.0009791383739664323,5.928727796818597e-05,0.0012003747
3450,0.0010130672586253948,0.0010130672586253948,6.990215874951547e-05,0.0012320853
3451,0.0009593423494758705,0.0009593423494758705,6.844839588827275e-05,0.0012105908
3452,0.000978354054192702,0.000978354054192702,6.680788363537558e-05,0.0012028264
3453,0.0009726663236506283,0.0009726663236506283,5.6225768902606886e-05,0.0012124756
3454,0.0009812714350927207,0.0009812714350927207,6.764422724343275e-05,0.0011921123
3455,0.0009686656153967811,0.0009686656153967811,5.9856740531690396e-05,0.0011811288
3456,0.0009853023084967086,0.0009853023084967086,6.763571997746946e-05,0.0012546732
3457,0.0009760758296276132,0.0009760758296276132,6.345435013959862e-05,0.0012477065
3458,0.0010053543981889056,0.0010053543981889056,6.690569803041847e-05,0.0012048248
3459,0.0009837932975238395,0.0009837932975238395,6.148567407598825e-05,0.0012189344
3460,0.0009908229720571803,0.0009908229720571803,7.36910129281417e-05,0.0012984858
3461,0.0009772978257387877,0.0009772978257387877,8.038302809967805e-05,0.00121076
3462,0.000974876891511182,0.000974876891511182,6.745115882848849e-05,0.0012165678
3463,0.0009812493174750773,0.0009812493174750773,7.273032601684394e-05,0.0011984459
3464,0.0009886797944394252,0.0009886797944394252,6.773077517699337e-05,0.001227343
3465,0.0010029412793099053,0.0010029412793099053,7.03316776421856e-05,0.0012330115
3466,0.0009700469763225151,0.0009700469763225151,6.48546621284317e-05,0.0012062858
3467,0.000975321045714534,0.000975321045714534,6.436315995617608e-05,0.0012515985
3468,0.000982113662434535,0.000982113662434535,7.41036669874499e-05,0.0012282488
3469,0.0009980057922398878,0.0009980057922398878,6.682031467069768e-05,0.0012126662
3470,0.0009788211719650361,0.0009788211719650361,6.152327516228221e-05,0.0012224345
3471,0.000982953679178738,0.000982953679178738,5.9790266096923815e-05,0.0012256656
3472,0.0009761545043956074,0.0009761545043956074,7.152712149655195e-05,0.0012188451
3473,0.0009598814054495758,0.0009598814054495758,6.54255779105976e-05,0.0012170378
3474,0.0009799212514836756,0.0009799212514836756,7.048710995955313e-05,0.0012103353
3475,0.0009943534671846364,0.0009943534671846364,6.612718488286065e-05,0.001211608
3476,0.0009758508718934738,0.0009758508718934738,6.034275165202669e-05,0.0012165266
3477,0.0009866557420334882,0.0009866557420334882,7.032035596239438e-05,0.0011967886
3478,0.0009951244367079602,0.0009951244367079602,6.395438900312911e-05,0.0012405319
3479,0.0009800307853664789,0.0009800307853664789,7.133139027044106e-05,0.0012537893
3480,0.0009652642817753885,0.0009652642817753885,6.176631114769293e-05,0.001222746
3481,0.0009880069500973654,0.0009880069500973654,6.404712743382192e-05,0.0012696523
3482,0.0010083170749971436,0.0010083170749971436,5.8617637202789615e-05,0.0012697175
3483,0.0009545176716831823,0.0009545176716831823,7.489261648094825e-05,0.0012081935
3484,0.0009546561166644096,0.0009546561166644096,7.469610823515419e-05,0.0012028152
3485,0.0009568674231155051,0.0009568674231155051,6.376054967383027e-05,0.001216718
3486,0.0009627557566596403,0.0009627557566596403,6.740613855045454e-05,0.0012200628
3487,0.0009647982039799293,0.0009647982039799293,6.936596314841844e-05,0.0012189267
3488,0.0010061751223272748,0.0010061751223272748,5.919303998211944e-05,0.0012158188
3489,0.0009742134418855939,0.0009742134418855939,6.298592301163808e-05,0.0012450462
3490,0.0009730472720952498,0.0009730472720952498,6.13346049583975e-05,0.0012337882
3491,0.0009850651517303453,0.0009850651517303453,6.92659068995738e-05,0.00119466
3492,0.0009563253662135038,0.0009563253662135038,6.15794790083631e-05,0.001223443
3493,0.0009944110837144156,0.0009944110837144156,7.457745069940655e-05,0.0012336171
3494,0.0009703827957208786,0.0009703827957208786,6.803866214871353e-05,0.0013259943
3495,0.0009893100695788032,0.0009893100695788032,6.169725548311867e-05,0.0012372519
3496,0.000993741469250785,0.000993741469250785,6.372034201389296e-05,0.0012335321
3497,0.0009675813205022778,0.0009675813205022778,7.402532505963394e-05,0.0012371453
3498,0.000962145057403379,0.000962145057403379,6.655859945870664e-05,0.0012079958
3499,0.0009679412753838632,0.0009679412753838632,6.796440141788472e-05,0.0012132702
3500,0.0009975149930040869,0.0009975149930040869,6.448563599698155e-05,0.0012307519
3501,0.0009619932751067811,0.0009619932751067811,6.488824011575565e-05,0.001184576
3502,0.0009696003644623691,0.0009696003644623691,6.572757032661988e-05,0.001224782
3503,0.0009950160630978644,0.0009950160630978644,6.423615390708114e-05,0.0011912455
3504,0.0009688776426224245,0.0009688776426224245,6.041195576093925e-05,0.0012063081
3505,0.000975123963629206,0.000975123963629206,6.199844308159501e-05,0.001213738
3506,0.0009751925147914638,0.0009751925147914638,7.033315532333341e-05,0.0012071463
3507,0.0009738484617426164,0.0009738484617426164,6.16282408853635e-05,0.0012378473
3508,0.0009752711876192027,0.0009752711876192027,6.740553119585522e-05,0.0012734663
3509,0.0009672802821215656,0.0009672802821215656,6.373062565974881e-05,0.0012683305
3510,0.0009711066351479127,0.0009711066351479127,6.496283691509082e-05,0.0012412274
3511,0.0009659167896542284,0.0009659167896542284,5.691023198879621e-05,0.0012027455
3512,0.0009645385809967088,0.0009645385809967088,6.426975729078145e-05,0.0011994472
3513,0.0009675682936277655,0.0009675682936277655,5.608817909003644e-05,0.0012151813
3514,0.0009592430342713164,0.0009592430342713164,7.280718961403131e-05,0.0012126558
3515,0.0009631997245984773,0.0009631997245984773,7.047840944817264e-05,0.0011992528
3516,0.0009833249586841297,0.0009833249586841297,7.557649205393899e-05,0.0011926743
3517,0.0009579971924217211,0.0009579971924217211,8.148611454033623e-05,0.0012235205
3518,0.0009562794843481646,0.0009562794843481646,6.790123129829024e-05,0.0012398054
3519,0.0009564614673662516,0.0009564614673662516,5.5273463520519626e-05,0.0012062867
3520,0.0009722055996664697,0.0009722055996664697,5.999558928680118e-05,0.0012148282
3521,0.0009708614942307274,0.0009708614942307274,6.742372251046112e-05,0.0012165183
3522,0.0009763187832302517,0.0009763187832302517,6.256324962474006e-05,0.0012515839
3523,0.0009869981169079742,0.0009869981169079742,6.290165255254325e-05,0.0011999425
3524,0.000958896803462671,0.000958896803462671,6.414001616279721e-05,0.0012177872
3525,0.0009710117450190915,0.0009710117450190915,5.873175641429245e-05,0.0012124461
3526,0.0009791020239289436,0.0009791020239289436,6.542412145857194e-05,0.0012324193
3527,0.0009767560766906374,0.0009767560766906374,6.733454183063258e-05,0.0012326095
3528,0.0009787727729417383,0.0009787727729417383,7.428763266956493e-05,0.0012843638
3529,0.0009927759878337384,0.0009927759878337384,7.60463016620447e-05,0.0011952799
3530,0.0009722857943011655,0.0009722857943011655,6.415070382925276e-05,0.001191304
3531,0.0009717224088187019,0.0009717224088187019,5.994977364278182e-05,0.0013081662
3532,0.0009759747190400958,0.0009759747190400958,7.078027033355423e-05,0.0012670829
3533,0.0009579463732532329,0.0009579463732532329,5.7877547197272684e-05,0.0012746432
3534,0.0009630251054962476,0.0009630251054962476,6.962353639892172e-05,0.0012489781
3535,0.0009505304779546957,0.0009505304779546957,5.8337492062045095e-05,0.0012073088
3536,0.0009622515101606647,0.0009622515101606647,6.146065062024617e-05,0.0012222874
3537,0.0009816986237031718,0.0009816986237031718,7.418260319301201e-05,0.0012448747
3538,0.0009778873192974264,0.0009778873192974264,6.831842659705699e-05,0.0012025168
3539,0.0009511555674382382,0.0009511555674382382,6.804760577207642e-05,0.0012278458
3540,0.0009683068026788532,0.0009683068026788532,6.351540919319455e-05,0.0012424473
3541,0.0009611511434842315,0.0009611511434842315,5.627838739911005e-05,0.00121506
3542,0.000981669413805422,0.000981669413805422,6.953420914360069e-05,0.0012258437
3543,0.0009608685207139287,0.0009608685207139287,6.26222957116883e-05,0.0012580445
3544,0.000969113996769819,0.000969113996769819,7.12236918948703e-05,0.0012180853
3545,0.0009609500592988398,0.0009609500592988398,6.957008091414233e-05,0.0012114167
3546,0.0009598289189549784,0.0009598289189549784,6.804254619762566e-05,0.0012049358
3547,0.0009662690080909265,0.0009662690080909265,6.748660918371267e-05,0.0012392915
3548,0.0009633205986271302,0.0009633205986271302,6.280118170391486e-05,0.0011911534
3549,0.0009696898490397466,0.0009696898490397466,6.70013338021944e-05,0.0012093065
3550,0.0009787971115050216,0.0009787971115050216,6.755421724693948e-05,0.0012219808
3551,0.0009670246508903801,0.0009670246508903801,6.493086120574137e-05,0.0012549399
3552,0.0009749810922787421,0.0009749810922787421,6.39390260483689e-05,0.0012558751
3553,0.0009608808102914029,0.0009608808102914029,5.802520839771495e-05,0.0012355716
3554,0.0009721960820671584,0.0009721960820671584,6.186256665677724e-05,0.001261154
3555,0.0009760894631553027,0.0009760894631553027,6.447343337312203e-05,0.001304682
3556,0.0009736503629634778,0.0009736503629634778,6.029404274272565e-05,0.0012335597
3557,0.0009860288817435503,0.0009860288817435503,6.611678976682356e-05,0.0012650006
3558,0.0009730726816794938,0.0009730726816794938,7.262303922301625e-05,0.001208348
3559,0.0009676537062558863,0.0009676537062558863,6.284478325192645e-05,0.0012310063
3560,0.0009745824681077566,0.0009745824681077566,6.742971790900912e-05,0.0012643776
3561,0.0009633933944213722,0.0009633933944213722,6.713121876155507e-05,0.0011909128
3562,0.0009673390343474845,0.0009673390343474845,6.083828912757383e-05,0.0012007368
3563,0.0009796295095131629,0.0009796295095131629,5.9740376278573215e-05,0.0012896555
3564,0.0009770500680638685,0.0009770500680638685,6.201851028384553e-05,0.0012252993
3565,0.0009744168142788112,0.0009744168142788112,6.300020176609343e-05,0.0011910163
3566,0.0009718043600312538,0.0009718043600312538,6.140529924291766e-05,0.0012139913
3567,0.0009593353787851003,0.0009593353787851003,6.029441930191442e-05,0.0012274954
3568,0.0009866202832199632,0.0009866202832199632,7.314723870188722e-05,0.0012485489
3569,0.0009673943626694381,0.0009673943626694381,6.70811612963007e-05,0.0012342779
3570,0.0009692969033494592,0.0009692969033494592,6.851916869771281e-05,0.0012103246
3571,0.0009696127394110793,0.0009696127394110793,6.545763161997324e-05,0.0011991066
3572,0.0009531015103372435,0.0009531015103372435,6.621368502494187e-05,0.0012405845
3573,0.0009649215563614336,0.0009649215563614336,6.032344165052766e-05,0.0012356731
3574,0.0009809925169166592,0.0009809925169166592,6.504463109454011e-05,0.0012059152
3575,0.0009584885051784416,0.0009584885051784416,6.03493568689828e-05,0.0012594694
3576,0.0009623598165085746,0.0009623598165085746,6.408634931342287e-05,0.0012091824
3577,0.0009748202981427311,0.0009748202981427311,6.42954314066123e-05,0.0012586811
3578,0.0009735906134463019,0.0009735906134463019,5.845033309570782e-05,0.0012018998
3579,0.0009539434738043282,0.0009539434738043282,5.858447023593764e-05,0.0012284629
3580,0.0009988638132603631,0.0009988638132603631,6.104279305705834e-05,0.00119486
3581,0.0009862119745877053,0.0009862119745877053,6.896130648673053e-05,0.0012288176
3582,0.0009648316662706849,0.0009648316662706849,6.287272794338605e-05,0.0012773088
3583,0.0009688447876315978,0.0009688447876315978,6.01089834785863e-05,0.0012337334
3584,0.0009513730183243752,0.0009513730183243752,6.059587794248324e-05,0.0012388089
3585,0.0009693324682302773,0.0009693324682302773,6.126941932254542e-05,0.0012047754
3586,0.0009686411151455509,0.0009686411151455509,6.330749440116455e-05,0.001197275
3587,0.0009596286820144289,0.0009596286820144289,6.828691325482497e-05,0.0012149354
3588,0.0009712881796682875,0.0009712881796682875,6.365633247012409e-05,0.0012252547
3589,0.0009666649909276101,0.0009666649909276101,5.613748709196484e-05,0.0012299633
3590,0.0009699855361961656,0.0009699855361961656,5.844109921137412e-05,0.001251652
3591,0.0009724830497159726,0.0009724830497159726,7.29031001159323e-05,0.0012312841
3592,0.0009713486328514086,0.0009713486328514086,6.244858496352713e-05,0.0011832324
3593,0.0009944890121308466,0.0009944890121308466,6.833514841196752e-05,0.0012282969
3594,0.000966142982037531,0.000966142982037531,6.465540322179288e-05,0.0011981706
3595,0.0009556668241404825,0.0009556668241404825,6.78041476469894e-05,0.001198627
3596,0.0009518255919425024,0.0009518255919425024,6.537900996161423e-05,0.0012311575
3597,0.0009707423703124126,0.0009707423703124126,7.161244272787649e-05,0.001226983
3598,0.0009619280501889686,0.0009619280501889686,6.668493678161112e-05,0.0012136577
3599,0.000955189930068122,0.000955189930068122,6.748759483091109e-05,0.0012302081
3600,0.0009669629054971867,0.0009669629054971867,6.234993247931148e-05,0.001196657
3601,0.0009546480503761106,0.0009546480503761106,6.641214822621243e-05,0.0012150286
3602,0.0009663624352672034,0.0009663624352672034,7.383969564863769e-05,0.0012259979
3603,0.0009754353772021003,0.0009754353772021003,6.373031272535931e-05,0.001211455
3604,0.0009745368708132042,0.0009745368708132042,6.715750034575042e-05,0.0012795253
3605,0.0009977062142247127,0.0009977062142247127,5.89758154458448e-05,0.0012430188
3606,0.0009614368357385198,0.0009614368357385198,5.968292014273402e-05,0.0012124432
3607,0.0009550320721852283,0.0009550320721852283,6.592077182858702e-05,0.0012467819
3608,0.0009595885484789808,0.0009595885484789808,6.852362859548736e-05,0.0012054532
3609,0.0009592948002844221,0.0009592948002844221,6.56033467881419e-05,0.0012033425
3610,0.0009657292691473331,0.0009657292691473331,7.0766180569611e-05,0.0013135116
3611,0.000964236425028907,0.000964236425028907,6.308394459261358e-05,0.0012527667
3612,0.00096871266917636,0.00096871266917636,6.413656951799061e-05,0.0012157169
3613,0.000976760929916054,0.000976760929916054,6.565907148004473e-05,0.001279189
3614,0.0009748334841181834,0.0009748334841181834,6.477991409566088e-05,0.0012574825
3615,0.000966100411541346,0.000966100411541346,5.723412984070346e-05,0.0012017792
3616,0.0009502203915164703,0.0009502203915164703,6.400504669525414e-05,0.0012313565
3617,0.0009760160037937264,0.0009760160037937264,6.596593434549103e-05,0.0012080868
3618,0.0009770060954098073,0.0009770060954098073,6.119510233040989e-05,0.001198519
3619,0.0009674969336224927,0.0009674969336224927,6.502948679462229e-05,0.0012063284
3620,0.0009665001144943138,0.0009665001144943138,7.075867207568562e-05,0.001201256
3621,0.0009634829126298428,0.0009634829126298428,5.826643744967836e-05,0.0012200527
3622,0.0009656332316808402,0.0009656332316808402,6.397165026770482e-05,0.0011934777
3623,0.0009604225245614847,0.0009604225245614847,6.655308946821808e-05,0.0012266358
3624,0.000959848300812559,0.000959848300812559,5.83753812864845e-05,0.0012171931
3625,0.0009679837967269123,0.0009679837967269123,6.51196575141455e-05,0.00128885
3626,0.0009700820975316067,0.0009700820975316067,6.863820731931962e-05,0.0011966479
3627,0.0009648880158137116,0.0009648880158137116,6.888818773234106e-05,0.0012880965
3628,0.0009541860251273546,0.0009541860251273546,6.848068912322308e-05,0.0011948117
3629,0.0009621874894946813,0.0009621874894946813,6.064517131360642e-05,0.0012074403
3630,0.0009842093128504025,0.0009842093128504025,7.148730143223937e-05,0.001233296
3631,0.000965540598715759,0.000965540598715759,6.211180768834386e-05,0.0011894973
3632,0.0009505133183362583,0.0009505133183362583,6.525006028823555e-05,0.0012090688
3633,0.0009897843029143083,0.0009897843029143083,7.695150281366026e-05,0.0012308139
3634,0.0009573482067531182,0.0009573482067531182,6.615862988957764e-05,0.0011963766
3635,0.0009474811351133718,0.0009474811351133718,5.885362688155106e-05,0.0011778107
3636,0.0009692874336097803,0.0009692874336097803,6.780314653017032e-05,0.0012028039
3637,0.0009555023784438769,0.0009555023784438769,6.344719678913356e-05,0.0012067414
3638,0.0009572805616901152,0.0009572805616901152,6.193685896723385e-05,0.001221362
3639,0.0009693639068346885,0.0009693639068346885,5.7770262413144495e-05,0.0011969616
3640,0.0009473629813227389,0.0009473629813227389,7.589319483389812e-05,0.0011931066
3641,0.0009575019642296765,0.0009575019642296765,6.301548303579491e-05,0.0012187988
3642,0.0009512227817645504,0.0009512227817645504,6.240761499059191e-05,0.0011872302
3643,0.0009633245645090938,0.0009633245645090938,6.094399260486839e-05,0.0012231095
3644,0.0009531268681813445,0.0009531268681813445,6.361110668346252e-05,0.0012129282
3645,0.0009599425118520028,0.0009599425118520028,6.191403711568455e-05,0.0012212294
3646,0.0009670174072703554,0.0009670174072703554,6.53416001932219e-05,0.0011963556
3647,0.0009580005400089754,0.0009580005400089754,6.476275548327316e-05,0.0012042605
3648,0.000954963147200437,0.000954963147200437,6.851146680113119e-05,0.0012405439
3649,0.0009609326112291052,0.0009609326112291052,6.645793451759295e-05,0.0012488452
3650,0.0009714960573344595,0.0009714960573344595,7.140335889188363e-05,0.0011887572
3651,0.0009495470258924696,0.0009495470258924696,6.54095702266291e-05,0.0012300926
3652,0.0009498070666773452,0.0009498070666773452,6.447560253535459e-05,0.0012128358
3653,0.0009530026530329552,0.0009530026530329552,6.663599888333415e-05,0.0012292805
3654,0.0009635030434259938,0.0009635030434259938,6.398358462766435e-05,0.0013326809
3655,0.0009820986629670693,0.0009820986629670693,6.743252397048613e-05,0.001202162
3656,0.0009594038801474704,0.0009594038801474704,6.712158211367047e-05,0.0012131269
3657,0.0009458428947255015,0.0009458428947255015,6.126186121946375e-05,0.0012279925
3658,0.0009573685600318843,0.0009573685600318843,5.8263841484391297e-05,0.0012031337
3659,0.0009578866690086821,0.0009578866690086821,6.465784206892207e-05,0.0012124924
3660,0.0009624913761702677,0.0009624913761702677,6.445706730081231e-05,0.0011874852
3661,0.0009564897110168305,0.0009564897110168305,6.0416073856726154e-05,0.0011963709
3662,0.0009588273371466332,0.0009588273371466332,6.826283569252053e-05,0.0012337753
3663,0.0009550781629513949,0.0009550781629513949,6.106312954948913e-05,0.0011921495
3664,0.0009440843766141269,0.0009440843766141269,7.245797068359631e-05,0.0011867107
3665,0.0009643559253567623,0.0009643559253567623,5.939876420462244e-05,0.0012406613
3666,0.0009670296140636007,0.0009670296140636007,6.732053915491242e-05,0.0011774937
3667,0.000963997275620285,0.000963997275620285,6.653975571450952e-05,0.0012180893
3668,0.0009631484074311124,0.0009631484074311124,7.517408796549792e-05,0.0011827385
3669,0.0009676593627470236,0.0009676593627470236,6.346836312837291e-05,0.0011901864
3670,0.0009476690760089291,0.0009476690760089291,6.417726681762461e-05,0.0012109213
3671,0.0009706942946650088,0.0009706942946650088,7.05231246569503e-05,0.0012284223
3672,0.0009643188225001924,0.0009643188225001924,6.671093360905742e-05,0.0012151697
3673,0.0009633691606318785,0.0009633691606318785,6.28909716570172e-05,0.001234509
3674,0.0009585114816824595,0.0009585114816824595,6.396118715451414e-05,0.0011918157
3675,0.000949434674758878,0.000949434674758878,5.8203247373158875e-05,0.0012034404
3676,0.0009589003903480868,0.0009589003903480868,6.621121414062989e-05,0.0012539569
3677,0.0009747997456644145,0.0009747997456644145,6.941934885781443e-05,0.0012190636
3678,0.0009472776605333719,0.0009472776605333719,6.278158990085103e-05,0.0011930221
3679,0.000960933291611986,0.000960933291611986,6.379909963484125e-05,0.0012121402
3680,0.0009659076885630687,0.0009659076885630687,6.317360167445132e-05,0.0011972442
3681,0.0009674537590601378,0.0009674537590601378,7.150346039123987e-05,0.0012178365
3682,0.0009683104645874766,0.0009683104645874766,6.679857010287233e-05,0.0011872755
3683,0.0009532675289341973,0.0009532675289341973,6.277945603143407e-05,0.0012376877
3684,0.0009606997999880048,0.0009606997999880048,6.138045031005075e-05,0.0011766562
3685,0.0009609937861872216,0.0009609937861872216,5.881598879492837e-05,0.0012001571
3686,0.0009510810176531474,0.0009510810176531474,6.365742261525359e-05,0.0011890032
3687,0.0009553021570253703,0.0009553021570253703,6.904917242263053e-05,0.0012311068
3688,0.000963598967064172,0.000963598967064172,6.757114256840976e-05,0.0012183891
3689,0.0009534833189617428,0.0009534833189617428,6.45680497857231e-05,0.0012701391
3690,0.0009773454590079685,0.0009773454590079685,6.919823211591039e-05,0.0011818666
3691,0.0009560755195303095,0.0009560755195303095,6.427131178902023e-05,0.0011965695
3692,0.0009478941339895957,0.0009478941339895957,6.305687201466626e-05,0.0011889631
3693,0.0009651077975932923,0.0009651077975932923,7.335709507414221e-05,0.0012732176
3694,0.0009751867334772315,0.0009751867334772315,7.417394712488306e-05,0.0012145898
3695,0.0009536083412563635,0.0009536083412563635,6.100676672211591e-05,0.0012045607
3696,0.0009579583640313811,0.0009579583640313811,6.326141936167713e-05,0.0011934838
3697,0.0009496052322598795,0.0009496052322598795,6.075623088545651e-05,0.0012207396
3698,0.0009556142561551597,0.0009556142561551597,6.154792264870443e-05,0.0012039762
3699,0.0009635811878575219,0.0009635811878575219,6.507249478191726e-05,0.0011969145
3700,0.000952420550553749,0.000952420550553749,6.070667284371704e-05,0.0012096283
3701,0.0009616952803399828,0.0009616952803399828,6.551882200053823e-05,0.0012396369
3702,0.0009817307582125068,0.0009817307582125068,5.7647991856701886e-05,0.0011949253
3703,0.0009513853454134531,0.0009513853454134531,6.524024100653175e-05,0.0011953214
3704,0.0009522617432392306,0.0009522617432392306,6.543521470790589e-05,0.0012112774
3705,0.0009532912931818929,0.0009532912931818929,6.416051201654227e-05,0.0012427024
3706,0.000960413911121173,0.000960413911121173,7.460830779627435e-05,0.0012124464
3707,0.00094557882208998,0.00094557882208998,5.5496886384294913e-05,0.0012013776
3708,0.0009593077780057986,0.0009593077780057986,6.488168586808267e-05,0.0012037762
3709,0.0009739500548069676,0.0009739500548069676,6.54891494595707e-05,0.0012244281
3710,0.0009595743936693503,0.0009595743936693503,6.364294070901147e-05,0.0011972868
3711,0.0009622260333142347,0.0009622260333142347,7.271481151999776e-05,0.0011909341
3712,0.0009532799996021721,0.0009532799996021721,6.245635565973215e-05,0.0012157761
3713,0.0009609654933835069,0.0009609654933835069,6.605264491482564e-05,0.0011902718
3714,0.0009523370594251901,0.0009523370594251901,6.604853025906878e-05,0.001198763
3715,0.0009566720963145296,0.0009566720963145296,6.05116902765743e-05,0.0011994086
3716,0.000939279758474893,0.000939279758474893,7.169367545485114e-05,0.0011869803
3717,0.0009575610786365966,0.0009575610786365966,6.319739966392667e-05,0.0012432099
3718,0.0009616580106214516,0.0009616580106214516,6.185798105838735e-05,0.0012444049
3719,0.0009601842004081442,0.0009601842004081442,6.215185364403119e-05,0.0011833967
3720,0.0009539552731439472,0.0009539552731439472,6.531022366592272e-05,0.0012048394
3721,0.0009674061801181071,0.0009674061801181071,6.508152920837852e-05,0.0012188968
3722,0.0009679283571636511,0.0009679283571636511,6.382588430614196e-05,0.0011976326
3723,0.0009867204818874598,0.0009867204818874598,7.046442874272745e-05,0.0012193643
3724,0.000948886279689355,0.000948886279689355,6.340170620862611e-05,0.001212446
3725,0.0009660762993411885,0.0009660762993411885,6.228142212022626e-05,0.0012145726
3726,0.000961530115455389,0.000961530115455389,6.423580886887079e-05,0.0011951854
3727,0.0009523129362302522,0.0009523129362302522,6.066182929333567e-05,0.0012190654
3728,0.0009451826594562994,0.0009451826594562994,6.360222873872267e-05,0.0012264618
3729,0.0009672761144530443,0.0009672761144530443,7.1467836952858e-05,0.0012706261
3730,0.0009928326808019644,0.0009928326808019644,7.117460068444517e-05,0.0012435659
3731,0.0009624553107035657,0.0009624553107035657,6.421527649157118e-05,0.0012031064
3732,0.0009475089519077705,0.0009475089519077705,6.739752742082791e-05,0.0012130522
3733,0.0009487990057095886,0.0009487990057095886,6.434696696544506e-05,0.0011892883
3734,0.0009483871709865828,0.0009483871709865828,6.527153193434604e-05,0.0012169458
3735,0.0009603884459162752,0.0009603884459162752,5.91603936704309e-05,0.0011962743
3736,0.0009447063060684336,0.0009447063060684336,6.435810132627592e-05,0.0011887249
3737,0.0009649461756149928,0.0009649461756149928,6.539944608272564e-05,0.0012162136
3738,0.0009546252381470469,0.0009546252381470469,6.185534721604805e-05,0.0012009789
3739,0.0009443806600756943,0.0009443806600756943,6.343957263827663e-05,0.0012435028
3740,0.0009514932055026293,0.0009514932055026293,6.233283674840587e-05,0.001188804
3741,0.000947161675301484,0.000947161675301484,6.106255042964569e-05,0.0012728927
3742,0.0009444286917439765,0.0009444286917439765,6.805791070216097e-05,0.0012033954
3743,0.0009634149506584637,0.0009634149506584637,5.9878420604753126e-05,0.0012507053
3744,0.0009565314666057626,0.0009565314666057626,6.233773017917264e-05,0.0012439893
3745,0.000944862512147261,0.000944862512147261,6.161173304424968e-05,0.0011949302
3746,0.0009649418773026102,0.0009649418773026102,6.550082781965708e-05,0.001196884
3747,0.0009386307844478223,0.0009386307844478223,6.09241563356338e-05,0.0012131014
3748,0.0009590294419063462,0.0009590294419063462,6.109977984899551e-05,0.0011934077
3749,0.0009497737906511045,0.0009497737906511045,6.0837814757914226e-05,0.0012041887
3750,0.0009501763483664642,0.0009501763483664642,6.560424682851993e-05,0.001214691
3751,0.0009480226759074463,0.0009480226759074463,6.730565997814766e-05,0.0012049075
3752,0.0009636497888196674,0.0009636497888196674,6.977750311673643e-05,0.0012085309
3753,0.0009605191803226869,0.0009605191803226869,6.862352726843608e-05,0.0011841763
3754,0.0009519136976450682,0.0009519136976450682,6.117419586454768e-05,0.0012249066
3755,0.0009524943927923838,0.0009524943927923838,6.29453945089114e-05,0.0012166152
3756,0.0009420677747887869,0.0009420677747887869,6.514630704867525e-05,0.0012148884
3757,0.0009404234614016281,0.0009404234614016281,6.0652972117836154e-05,0.0011921905
3758,0.0009556442913081911,0.0009556442913081911,6.720889449383095e-05,0.0012079956
3759,0.0009495281084026727,0.0009495281084026727,6.492798968212001e-05,0.0012633136
3760,0.0009391462863681631,0.0009391462863681631,5.781196240756496e-05,0.001218231
3761,0.0009473081755762299,0.0009473081755762299,6.331864647203626e-05,0.0011905096
3762,0.0009551784334083398,0.0009551784334083398,6.392755059240567e-05,0.0012356471
3763,0.000952888876458423,0.000952888876458423,6.183795187821614e-05,0.0012031855
3764,0.0009600443907806442,0.0009600443907806442,6.304633086023791e-05,0.0012184985
3765,0.0009637943481922977,0.0009637943481922977,7.007673608667472e-05,0.0012262283
3766,0.0009581934854698677,0.0009581934854698677,6.849862788702095e-05,0.001225626
3767,0.0009720136372682949,0.0009720136372682949,6.911998395824842e-05,0.0011878461
3768,0.0009376333560794592,0.0009376333560794592,6.367771521661767e-05,0.0011776156
3769,0.0009581832396280435,0.0009581832396280435,6.631880412284216e-05,0.0012053237
3770,0.0009675873521094521,0.0009675873521094521,6.657138707011099e-05,0.0011848576
3771,0.0009560656164669328,0.0009560656164669328,6.0324745867508985e-05,0.0011957174
3772,0.0009497972942578296,0.0009497972942578296,6.412170537544171e-05,0.0012338376
3773,0.0009600157694270214,0.0009600157694270214,7.113154884387364e-05,0.0011846286
3774,0.0009555462527916663,0.0009555462527916663,5.4930447386179905e-05,0.0012628697
3775,0.0009452103145627512,0.0009452103145627512,6.214198693565247e-05,0.0011810166
3776,0.0009669467806816101,0.0009669467806816101,5.909233719434168e-05,0.0012170911
3777,0.0009493193615020977,0.0009493193615020977,6.64338683615521e-05,0.0011779305
3778,0.0009414586264433132,0.0009414586264433132,6.149210311125598e-05,0.0012158097
3779,0.0009408118319697678,0.0009408118319697678,6.942924428768253e-05,0.0011850151
3780,0.000941276860733827,0.000941276860733827,6.685889903981964e-05,0.001212299
3781,0.0009450049126624233,0.0009450049126624233,6.624873049755958e-05,0.0012059181
3782,0.0009446121428886221,0.0009446121428886221,6.383727508768465e-05,0.0012088034
3783,0.0009542615644426809,0.0009542615644426809,5.7864694441297124e-05,0.0012066674
3784,0.0009443947217530675,0.0009443947217530675,5.978343772414449e-05,0.0012111138
3785,0.0009521756049556037,0.0009521756049556037,6.850112798473005e-05,0.0012120834
3786,0.0009523923405342632,0.0009523923405342632,6.290348055004971e-05,0.0011873
3787,0.0009425969768522514,0.0009425969768522514,6.669944515501748e-05,0.0011865033
3788,0.0009477502368907962,0.0009477502368907962,6.008985863451678e-05,0.0012014562
3789,0.0009365293119723598,0.0009365293119723598,6.705852602206303e-05,0.0012260983
3790,0.0009403565807992385,0.0009403565807992385,6.262825383639796e-05,0.0012146907
3791,0.0009589546631711224,0.0009589546631711224,7.19320772740654e-05,0.0012356784
3792,0.0009543223021965888,0.0009543223021965888,6.588402993151653e-05,0.0012240468
3793,0.0009513658471405507,0.0009513658471405507,6.346128379688151e-05,0.0011925733
3794,0.0009331816341727972,0.0009331816341727972,6.106654417059475e-05,0.0012235309
3795,0.0009471329627558589,0.0009471329627558589,6.774884713401862e-05,0.0011998031
3796,0.000947542075947341,0.000947542075947341,7.241345311399527e-05,0.0012312734
3797,0.0009575956552806828,0.0009575956552806828,6.433513190064527e-05,0.001218707
3798,0.0009573348047625688,0.0009573348047625688,6.486852025796944e-05,0.0012080814
3799,0.0009436512792793413,0.0009436512792793413,6.153018848067404e-05,0.0012018961
3800,0.0009460071231135064,0.0009460071231135064,5.833802863940542e-05,0.0012361145
3801,0.0009370818772974113,0.0009370818772974113,6.799113880759933e-05,0.0012260118
3802,0.0009502670274943941,0.0009502670274943941,6.724237963390402e-05,0.001196361
3803,0.0009404930984601379,0.0009404930984601379,6.218138004623341e-05,0.0011974608
3804,0.0009487399003571934,0.0009487399003571934,6.673561352453167e-05,0.0011960423
3805,0.0009434744560470183,0.0009434744560470183,6.902382860235355e-05,0.0013009688
3806,0.0009563724665592114,0.0009563724665592114,6.241046188945918e-05,0.0012860976
3807,0.0009510270087048411,0.0009510270087048411,6.799552334410604e-05,0.0012003494
3808,0.0009440304504500495,0.0009440304504500495,5.982863254290451e-05,0.0011840301
3809,0.0009354474663268775,0.0009354474663268775,6.270168006621033e-05,0.0012460987
3810,0.0009472679915941424,0.0009472679915941424,7.103434381861007e-05,0.0012442091
3811,0.0009449520122466816,0.0009449520122466816,5.798461795762933e-05,0.0011938812
3812,0.000949548918288201,0.000949548918288201,6.709620665282678e-05,0.0012070651
3813,0.0009576242701667878,0.0009576242701667878,6.497348651350876e-05,0.0011992749
3814,0.0009504681013317572,0.0009504681013317572,6.147864972471477e-05,0.0011771182
3815,0.0009462382928985689,0.0009462382928985689,6.60541255183173e-05,0.0011937198
3816,0.0009466370321913726,0.0009466370321913726,6.229342186106181e-05,0.0012274635
3817,0.0009516715667107039,0.0009516715667107039,6.104729984504806e-05,0.0011846871
3818,0.0009471490759299033,0.0009471490759299033,6.449161682174539e-05,0.0012010523
3819,0.0009745052485312853,0.0009745052485312853,7.082133519702438e-05,0.0011988747
3820,0.0009478357206616137,0.0009478357206616137,6.92901010830206e-05,0.0012117294
3821,0.000949524649574111,0.000949524649574111,6.741624776856901e-05,0.0012065308
3822,0.0009385303374276394,0.0009385303374276394,6.513559925799149e-05,0.0011967482
3823,0.0009581996593624354,0.0009581996593624354,6.813981442440485e-05,0.0011846197
3824,0.0009628390582899252,0.0009628390582899252,6.823141858451405e-05,0.0011939897
3825,0.0009426162810996175,0.0009426162810996175,6.261261398018783e-05,0.0012193347
3826,0.0009516555815935135,0.0009516555815935135,6.281807614968067e-05,0.0012110315
3827,0.0009498210572120216,0.0009498210572120216,7.016886433461878e-05,0.0011974743
3828,0.0009603053344310158,0.0009603053344310158,6.870317666627873e-05,0.0011880768
3829,0.0009370340099040833,0.0009370340099040833,5.900171527931282e-05,0.0011884534
3830,0.0009590596659108996,0.0009590596659108996,6.280160819724441e-05,0.0012327868
3831,0.000957333443996807,0.000957333443996807,6.466797957831696e-05,0.0011965681
3832,0.0009428885998204351,0.0009428885998204351,6.572604029820973e-05,0.0012166164
3833,0.0009472576125214498,0.0009472576125214498,6.339521055957044e-05,0.0011785008
3834,0.0009428008265482883,0.0009428008265482883,6.696681717181087e-05,0.0011765428
3835,0.0009430794717950954,0.0009430794717950954,6.67583069316336e-05,0.0011900521
3836,0.0009432875654763645,0.0009432875654763645,6.633354757135113e-05,0.0012106446
3837,0.0009433492604229185,0.0009433492604229185,6.377240661853042e-05,0.0012044981
3838,0.0009360943959715466,0.0009360943959715466,6.369415227565314e-05,0.0011901392
3839,0.0009514166688960459,0.0009514166688960459,6.283140291828539e-05,0.0011845081
3840,0.0009535731178604895,0.0009535731178604895,6.152431139175482e-05,0.0012902583
3841,0.0009667517345709106,0.0009667517345709106,6.654702839732351e-05,0.0012044336
3842,0.000945976831846767,0.000945976831846767,5.9242909307642854e-05,0.0011918551
3843,0.0009422962890110082,0.0009422962890110082,6.258656499037821e-05,0.0012013563
3844,0.0009420571473634078,0.0009420571473634078,6.155757679538157e-05,0.0011928605
3845,0.0009494460756993956,0.0009494460756993956,6.808226527622215e-05,0.0012141006
3846,0.0009410829037531383,0.0009410829037531383,7.029228978044305e-05,0.0011879572
3847,0.000959075581178897,0.000959075581178897,6.545585771265097e-05,0.0011925667
3848,0.0009479528241273429,0.0009479528241273429,6.838021832891172e-05,0.0012032724
3849,0.0009444036430472301,0.0009444036430472301,6.636586446734125e-05,0.001195159
3850,0.0009422327456478443,0.0009422327456478443,6.558084416267522e-05,0.0011949794
3851,0.0009449836901492543,0.0009449836901492543,6.702342333880907e-05,0.0011981039
3852,0.0009539412657937242,0.0009539412657937242,6.962670202107625e-05,0.0011982643
3853,0.000941324319380025,0.000941324319380025,6.650570465877889e-05,0.0012010973
3854,0.0009501026193093923,0.0009501026193093923,6.266428352592612e-05,0.0012110614
3855,0.0009478905018315547,0.0009478905018315547,6.423566959231013e-05,0.0012186286
3856,0.000941586506087333,0.000941586506087333,6.177514558811181e-05,0.0011807726
3857,0.0009384474962846272,0.0009384474962846272,6.155391796356627e-05,0.0011808721
3858,0.0009411930869747368,0.0009411930869747368,5.907492184936321e-05,0.0011932019
3859,0.0009351241479938229,0.0009351241479938229,5.721041220757191e-05,0.0011847533
3860,0.000944968363425384,0.000944968363425384,6.244272232578397e-05,0.0011980423
3861,0.0009492337509679297,0.0009492337509679297,6.855440033619844e-05,0.0012287383
3862,0.0009423359827552404,0.0009423359827552404,5.5422105564338784e-05,0.0012044089
3863,0.0009433680550298757,0.0009433680550298757,6.177219384199499e-05,0.001190581
3864,0.000946106131757713,0.000946106131757713,5.8352564744978964e-05,0.0012104264
3865,0.0009475906107885142,0.0009475906107885142,6.41003391923868e-05,0.0012143373
3866,0.0009369412385341194,0.0009369412385341194,5.595688128292093e-05,0.0012123953
3867,0.0009345759456563327,0.0009345759456563327,6.049593344739337e-05,0.0011972501
3868,0.0009429241297766566,0.0009429241297766566,6.305310546837165e-05,0.0011769492
3869,0.0009549362403858039,0.0009549362403858039,6.408188027964772e-05,0.001186844
3870,0.0009369853314840132,0.0009369853314840132,6.518454978024439e-05,0.0012351655
3871,0.0009599032695405185,0.0009599032695405185,7.194749868336063e-05,0.0011867993
3872,0.0009411453670408163,0.0009411453670408163,6.308699097038092e-05,0.0012048709
3873,0.0009370328936104973,0.0009370328936104973,6.123838878432744e-05,0.0011993912
3874,0.0009308538891168104,0.0009308538891168104,6.310463760996753e-05,0.001191895
3875,0.000938952223966933,0.000938952223966933,6.175979476002643e-05,0.0012082267
3876,0.0009466675407667127,0.0009466675407667127,5.802078990326562e-05,0.0012343199
3877,0.0009607541258446872,0.0009607541258446872,6.334727199673324e-05,0.0012125819
3878,0.0009342429900748862,0.0009342429900748862,6.881121720551973e-05,0.0011927128
3879,0.0009359340506812765,0.0009359340506812765,5.917658838967554e-05,0.0012046334
3880,0.0009417930074657003,0.0009417930074657003,7.120723561323908e-05,0.0012041042
3881,0.0009582967018812067,0.0009582967018812067,5.8819139453052886e-05,0.001186029
3882,0.0009368568335452841,0.0009368568335452841,6.734945018040849e-05,0.001190147
3883,0.0009489666618820694,0.0009489666618820694,6.252333361958209e-05,0.0011984219
3884,0.0009357312086245252,0.0009357312086245252,6.034473653200065e-05,0.0012149111
3885,0.0009399187634699047,0.0009399187634699047,6.454012647291544e-05,0.0012009981
3886,0.000939534409230368,0.000939534409230368,6.61547896877893e-05,0.0011998445
3887,0.0009342422682998909,0.0009342422682998909,6.613379211507385e-05,0.0011968073
3888,0.0009336722846556869,0.0009336722846556869,6.18108974240133e-05,0.001198611
3889,0.0009376701135705742,0.0009376701135705742,6.092882204219071e-05,0.0011974955
3890,0.0009393976988374359,0.0009393976988374359,6.0108841118259686e-05,0.0012064961
3891,0.0009419063132049309,0.0009419063132049309,6.344439865965235e-05,0.0012056527
3892,0.0009320921044693225,0.0009320921044693225,6.216797609997432e-05,0.0011968246
3893,0.0009380079378994802,0.0009380079378994802,6.15006529026216e-05,0.001192064
3894,0.000939319404359493,0.000939319404359493,6.528542513485212e-05,0.0012079922
3895,0.0009456652734014723,0.0009456652734014723,6.903708304232876e-05,0.0012355119
3896,0.0009509780353659557,0.0009509780353659557,6.404213372584941e-05,0.0011936158
3897,0.0009361473752910064,0.0009361473752910064,6.414860872610007e-05,0.0012293234
3898,0.0009406104192344679,0.0009406104192344679,6.503847322518495e-05,0.0011885725
3899,0.0009425810796933042,0.0009425810796933042,6.439514137986811e-05,0.0011956217
3900,0.0009444385741112961,0.0009444385741112961,6.057800493023772e-05,0.0011822605
3901,0.0009364334879339569,0.0009364334879339569,6.601820894931936e-05,0.0011764023
3902,0.0009448315417911443,0.0009448315417911443,6.563881500704206e-05,0.0012481762
3903,0.000939655130625599,0.000939655130625599,6.468549662470322e-05,0.0011922983
3904,0.000932130327499989,0.000932130327499989,6.455733844207772e-05,0.0011907889
3905,0.0009306424129236903,0.0009306424129236903,6.121207020774517e-05,0.0011776026
3906,0.0009413831427486407,0.0009413831427486407,7.089107635167815e-05,0.0011999378
3907,0.000942790284494145,0.000942790284494145,6.0697575725661174e-05,0.0011848407
3908,0.0009388827951624989,0.0009388827951624989,6.365599111985729e-05,0.001175551
3909,0.0009381306603447431,0.0009381306603447431,6.008919565800852e-05,0.0012219151
3910,0.000948714009589619,0.000948714009589619,6.29667296541372e-05,0.0012014027
3911,0.0009511985647906032,0.0009511985647906032,6.601476455740694e-05,0.0012218716
3912,0.0009433695205694272,0.0009433695205694272,6.410471051228544e-05,0.0012051925
3913,0.0009333419885175924,0.0009333419885175924,5.827653121078432e-05,0.0011892794
3914,0.0009339216993086868,0.0009339216993086868,6.0765947212833754e-05,0.0011732014
3915,0.0009397563628024525,0.0009397563628024525,6.378814409784026e-05,0.0012090363
3916,0.0009418405734726952,0.0009418405734726952,6.1754047675322e-05,0.0011987966
3917,0.0009323497988387114,0.0009323497988387114,6.014961168779741e-05,0.0011853304
3918,0.0009308551257062289,0.0009308551257062289,6.601858278901437e-05,0.0011825536
3919,0.0009316406122201847,0.0009316406122201847,5.8342745886521795e-05,0.0011888886
3920,0.0009340223300063775,0.0009340223300063775,6.566606775335358e-05,0.0011944772
3921,0.000945600179127521,0.000945600179127521,6.617936268358765e-05,0.0012059138
3922,0.0009377956700821718,0.0009377956700821718,6.364521048630599e-05,0.0012007888
3923,0.0009332747935938339,0.0009332747935938339,5.965300552348809e-05,0.0012119774
3924,0.0009356450949174663,0.0009356450949174663,6.273105267003605e-05,0.001183914
3925,0.0009494162022343112,0.0009494162022343112,6.493443928674322e-05,0.0011847666
3926,0.0009368235180671845,0.0009368235180671845,6.253477048340351e-05,0.0012279983
3927,0.0009521819340686003,0.0009521819340686003,6.546645360382778e-05,0.0011958829
3928,0.0009301549444595973,0.0009301549444595973,6.57998072247596e-05,0.0011827801
3929,0.0009334166573050121,0.0009334166573050121,6.464001078762117e-05,0.0012001208
3930,0.000937589203628401,0.000937589203628401,6.542285329966072e-05,0.0011812
3931,0.0009550868611161908,0.0009550868611161908,6.413942740106649e-05,0.0011808709
3932,0.000952083391085681,0.000952083391085681,6.23308199490364e-05,0.0012186858
3933,0.0009349637638984455,0.0009349637638984455,6.662336858182824e-05,0.0011755291
3934,0.0009303703386750486,0.0009303703386750486,6.186308288533838e-05,0.001206279
3935,0.0009334651339385244,0.0009334651339385244,6.165264011425759e-05,0.0011836875
3936,0.0009372297894313104,0.0009372297894313104,6.899638695914391e-05,0.0012077829
3937,0.0009422631791999771,0.0009422631791999771,6.122177861919276e-05,0.0012012677
3938,0.0009458952609242664,0.0009458952609242664,6.606989720347024e-05,0.001174307
3939,0.0009393541659745905,0.0009393541659745905,6.66720938632971e-05,0.0011854101
3940,0.0009526632014765508,0.0009526632014765508,6.538976676640434e-05,0.0011901334
3941,0.0009495903492077357,0.0009495903492077357,6.289307935326683e-05,0.0011871819
3942,0.0009466536097332008,0.0009466536097332008,6.157952764035536e-05,0.0012114499
3943,0.0009320098699794876,0.0009320098699794876,5.768253695879682e-05,0.0012201442
3944,0.0009412739322417313,0.0009412739322417313,6.490475999975437e-05,0.0012185578
3945,0.0009370501580027242,0.0009370501580027242,6.476500812688092e-05,0.0012008417
3946,0.0009351404060402678,0.0009351404060402678,5.669246695833389e-05,0.0012100883
3947,0.0009436407372251981,0.0009436407372251981,6.037985522815817e-05,0.0012314125
3948,0.0009356112672119505,0.0009356112672119505,6.568552198713305e-05,0.0012157221
3949,0.000924210122320801,0.000924210122320801,6.485015045701005e-05,0.001216548
3950,0.000927698709225903,0.000927698709225903,5.886834539947156e-05,0.0012033092
3951,0.0009412977534035842,0.0009412977534035842,5.6744827301437165e-05,0.001204678
3952,0.0009359192633483972,0.0009359192633483972,6.493995682224826e-05,0.0012093511
3953,0.000933994823652837,0.000933994823652837,6.0200009605893e-05,0.001188373
3954,0.0009302764329024488,0.0009302764329024488,6.2165105413846e-05,0.0011840666
3955,0.0009369978707076775,0.0009369978707076775,6.517231712253417e-05,0.001224562
3956,0.0009407572189552917,0.0009407572189552917,6.040268490692745e-05,0.0011907342
3957,0.0009329718563498722,0.0009329718563498722,6.264127049083375e-05,0.0011913035
3958,0.0009289239584985707,0.0009289239584985707,6.285307824624751e-05,0.0012699573
3959,0.0009372780442289594,0.0009372780442289594,5.9290383485530484e-05,0.0011893375
3960,0.0009354877285659314,0.0009354877285659314,6.510628761159992e-05,0.0011752113
3961,0.0009267118578362796,0.0009267118578362796,6.22813119118209e-05,0.001205395
3962,0.0009580034271089567,0.0009580034271089567,6.681167831329068e-05,0.0012217803
3963,0.0009445416120191416,0.0009445416120191416,6.178134666864961e-05,0.0011911879
3964,0.0009531354583385918,0.0009531354583385918,6.289834078054588e-05,0.0012136964
3965,0.0009394764124105374,0.0009394764124105374,5.871836709963299e-05,0.0012063885
3966,0.0009336782981538111,0.0009336782981538111,6.21751931152264e-05,0.0012038817
3967,0.0009312427563903232,0.0009312427563903232,6.212335729492856e-05,0.0011808671
3968,0.0009280612446471221,0.0009280612446471221,6.357126540782096e-05,0.0012040484
3969,0.000936268592098107,0.000936268592098107,6.719598969027926e-05,0.0012011041
3970,0.0009251440137935181,0.0009251440137935181,6.641844043681683e-05,0.001256036
3971,0.0009392973501235246,0.0009392973501235246,6.188554214420463e-05,0.0011928396
3972,0.0009359198480120136,0.0009359198480120136,6.413574262786095e-05,0.0011895166
3973,0.0009369166438571281,0.0009369166438571281,5.391747781236707e-05,0.0011989523
3974,0.0009333054845531781,0.0009333054845531781,6.433674844558516e-05,0.0012275645
3975,0.0009363830813931094,0.0009363830813931094,6.591458431507313e-05,0.0011999962
3976,0.0009337020805105567,0.0009337020805105567,6.367462712309664e-05,0.0011954706
3977,0.000937204597155667,0.000937204597155667,5.878640886546944e-05,0.0011904063
3978,0.0009370604672262238,0.0009370604672262238,6.826604172746423e-05,0.0011946269
3979,0.0009347616785412861,0.0009347616785412861,6.172427078439371e-05,0.0012305207
3980,0.0009501775868961381,0.0009501775868961381,6.482614073459243e-05,0.0012038801
3981,0.0009302804311220017,0.0009302804311220017,7.075153850766785e-05,0.00120198
3982,0.0009435190715723567,0.0009435190715723567,6.033778343750542e-05,0.0012409611
3983,0.0009431758028869,0.0009431758028869,6.376226915626325e-05,0.0011725904
3984,0.0009390912057521442,0.0009390912057521442,6.136387698979383e-05,0.0012210471
3985,0.0009317784621897671,0.0009317784621897671,6.601166337721528e-05,0.0012069341
3986,0.0009308084599777228,0.0009308084599777228,6.332814303095328e-05,0.0012184227
3987,0.0009350007296436363,0.0009350007296436363,6.731472504791903e-05,0.0011904497
3988,0.0009385146084241569,0.0009385146084241569,6.098499130126179e-05,0.0011824134
3989,0.0009356934460811317,0.0009356934460811317,5.946978315844515e-05,0.0012204645
3990,0.000937836565491226,0.000937836565491226,6.247074018025008e-05,0.0012177089
3991,0.0009403412825324469,0.0009403412825324469,6.547679859729705e-05,0.0011893816
3992,0.0009358859323482546,0.0009358859323482546,6.035630115882719e-05,0.0011787602
3993,0.0009368547367759876,0.0009368547367759876,6.248763795863649e-05,0.001173579
3994,0.000931749368707339,0.000931749368707339,6.367859972000487e-05,0.0012013022
3995,0.0009312713505803711,0.0009312713505803711,6.114789472854278e-05,0.0011941792
3996,0.0009221769481276473,0.0009221769481276473,6.041059198764742e-05,0.0011936487
3997,0.0009345898870378733,0.0009345898870378733,6.848509413875566e-05,0.0011994828
3998,0.0009334018182319899,0.0009334018182319899,6.441071698443718e-05,0.0011845254
3999,0.0009292817441746593,0.0009292817441746593,6.383951757003262e-05,0.0011803652
4000,0.0009260793307071758,0.0009260793307071758,6.0749418416132055e-05,0.0012006066
4001,0.0009421172797576421,0.0009421172797576421,6.178084370955301e-05,0.001234667
4002,0.0009260201309290197,0.0009260201309290197,6.384792218838697e-05,0.0012248047
4003,0.0009403541541865302,0.0009403541541865302,6.543693352290979e-05,0.0011973022
4004,0.0009277443918916914,0.0009277443918916914,6.4838065039415e-05,0.0011817248
4005,0.0009413251937884423,0.0009413251937884423,6.615088851099749e-05,0.0012076133
4006,0.0009354422632087436,0.0009354422632087436,6.406113630974788e-05,0.0011835312
4007,0.0009356148385753234,0.0009356148385753234,6.256079708969588e-05,0.0011827842
4008,0.0009357207635831502,0.0009357207635831502,6.244133608259458e-05,0.0011827968
4009,0.0009404806368466881,0.0009404806368466881,6.731074421521852e-05,0.0012055184
4010,0.0009285721268194417,0.0009285721268194417,6.538089836883248e-05,0.0012004955
4011,0.0009316109638247225,0.0009316109638247225,6.585555634093983e-05,0.0011897519
4012,0.0009256042630618645,0.0009256042630618645,6.235291372591847e-05,0.0011877993
4013,0.000927754454056008,0.000927754454056008,6.51531413197453e-05,0.0011951833
4014,0.0009496595510022921,0.0009496595510022921,6.351328874703515e-05,0.001177081
4015,0.0009428378763712115,0.0009428378763712115,6.5589970255865e-05,0.0011847769
4016,0.0009232242759834561,0.0009232242759834561,5.88469381471708e-05,0.0011861523
4017,0.0009284029831178487,0.0009284029831178487,6.1012456388690835e-05,0.0011897422
4018,0.0009226250643324521,0.0009226250643324521,6.0018613738874494e-05,0.001185157
4019,0.0009463076544408169,0.0009463076544408169,6.312057492948102e-05,0.0011891853
4020,0.0009282408799562189,0.0009282408799562189,5.900780277525226e-05,0.0011947574
4021,0.0009351319154827959,0.0009351319154827959,5.962909470213557e-05,0.0012123982
4022,0.0009318667386348048,0.0009318667386348048,6.72549136203947e-05,0.0011940238
4023,0.0009269447324590551,0.0009269447324590551,5.861406491942173e-05,0.0011834756
4024,0.0009417591836406952,0.0009417591836406952,6.067076370024596e-05,0.0011976617
4025,0.000926893455390301,0.000926893455390301,6.58138421335429e-05,0.0012008762
4026,0.0009456705974621905,0.0009456705974621905,6.791011886030497e-05,0.0011909563
4027,0.0009337335294629964,0.0009337335294629964,5.9920885926582436e-05,0.0011910683
4028,0.0009385340122712983,0.0009385340122712983,6.181818291016347e-05,0.0011947758
4029,0.0009328346143269705,0.0009328346143269705,6.044472855118875e-05,0.001184175
4030,0.0009312878595665097,0.0009312878595665097,6.612860551974285e-05,0.0012016565
4031,0.000925009100077053,0.000925009100077053,6.370775824685717e-05,0.0011948772
4032,0.0009239468620055252,0.0009239468620055252,6.258227405421874e-05,0.0011906747
4033,0.0009390455696524845,0.0009390455696524845,5.981754305515668e-05,0.0011958972
4034,0.0009352029171875782,0.0009352029171875782,6.05718861846371e-05,0.0011849372
4035,0.0009255104555955364,0.0009255104555955364,6.0488295935299006e-05,0.0011988245
4036,0.0009339950914080773,0.0009339950914080773,6.054689165896971e-05,0.0011876064
4037,0.000930186588731077,0.000930186588731077,5.954440876444601e-05,0.0011985749
4038,0.0009257119433540437,0.0009257119433540437,6.122792187378915e-05,0.0011973712
4039,0.0009402826712984178,0.0009402826712984178,6.014882533096097e-05,0.0012005041
4040,0.0009353209286928176,0.0009353209286928176,5.675411500729095e-05,0.0011786661
4041,0.0009264939186525427,0.0009264939186525427,5.9875827991414295e-05,0.0012214145
4042,0.0009287738564631177,0.0009287738564631177,5.999386079591002e-05,0.0011750798
4043,0.0009234571195621457,0.0009234571195621457,6.226127085634895e-05,0.001186145
4044,0.000929479991706709,0.000929479991706709,6.287615448575442e-05,0.001180388
4045,0.0009351552037211756,0.0009351552037211756,6.862249769596928e-05,0.0011832557
4046,0.000929897235861669,0.000929897235861669,6.295677057482784e-05,0.0011863621
4047,0.0009426675141892499,0.0009426675141892499,6.027805216793543e-05,0.0011752374
4048,0.0009387168037291202,0.0009387168037291202,6.468669499801492e-05,0.0011869323
4049,0.000944778402077241,0.000944778402077241,6.109630835235351e-05,0.0012118822
4050,0.0009359283515045213,0.0009359283515045213,6.101024269020705e-05,0.00121242
4051,0.0009258841772356794,0.0009258841772356794,5.975568164318348e-05,0.0012016662
4052,0.0009315463778976765,0.0009315463778976765,6.024580412875949e-05,0.0012044818
4053,0.000919962883926928,0.000919962883926928,6.064747264551171e-05,0.0011781272
4054,0.0009277894265121884,0.0009277894265121884,5.7347915737412086e-05,0.001229228
4055,0.0009257721061456121,0.0009257721061456121,6.394799183257286e-05,0.001205989
4056,0.000936506338055349,0.000936506338055349,6.668167725365493e-05,0.0012205646
4057,0.0009281481409238445,0.0009281481409238445,6.477464382517914e-05,0.0011832332
4058,0.0009293487515403992,0.0009293487515403992,6.499646814732943e-05,0.0012053965
4059,0.0009317964328349464,0.0009317964328349464,5.4182450709876976e-05,0.0011901038
4060,0.0009337564412918355,0.0009337564412918355,5.727399382493559e-05,0.0011929795
4061,0.000928842259519216,0.000928842259519216,6.30014760648439e-05,0.0011882442
4062,0.000926339543528027,0.000926339543528027,6.423402013650856e-05,0.0011818447
4063,0.0009398895613331762,0.0009398895613331762,6.203466961901919e-05,0.0012013555
4064,0.0009288638254575845,0.0009288638254575845,6.109487406644743e-05,0.0011922497
4065,0.0009238347437025772,0.0009238347437025772,5.7058153644579727e-05,0.0012015656
4066,0.0009316661278717219,0.0009316661278717219,6.430536735669968e-05,0.0011898518
4067,0.0009243868071482414,0.0009243868071482414,6.195371346646223e-05,0.001190012
4068,0.0009234860151385268,0.0009234860151385268,5.996864964509364e-05,0.001177038
4069,0.0009356470713909301,0.0009356470713909301,6.433064109185377e-05,0.0011771267
4070,0.0009225269197486341,0.0009225269197486341,5.97677784469397e-05,0.0012268402
4071,0.0009288835597948895,0.0009288835597948895,6.024189543849287e-05,0.0011758072
4072,0.00094085129417686,0.00094085129417686,6.24932126988319e-05,0.0012087467
4073,0.000939445465337485,0.000939445465337485,5.926973464814485e-05,0.0012098285
4074,0.0009278954537067976,0.0009278954537067976,6.267842057291596e-05,0.0012120031
4075,0.0009241227746113307,0.0009241227746113307,6.575283055004396e-05,0.0011875051
4076,0.0009304461877844814,0.0009304461877844814,5.543618819324871e-05,0.0011722072
4077,0.0009340813267044723,0.0009340813267044723,6.159395692009184e-05,0.0012207122
4078,0.000933103190941943,0.000933103190941943,5.592475722812106e-05,0.0011896812
4079,0.0009278536450842189,0.0009278536450842189,5.728694545218281e-05,0.0011890788
4080,0.0009292665778452324,0.0009292665778452324,5.965590041713635e-05,0.0011888649
4081,0.0009279081843689912,0.0009279081843689912,6.0339511551414184e-05,0.0011840827
4082,0.0009359316318295896,0.0009359316318295896,6.726410209315267e-05,0.0011863494
4083,0.0009246422999745442,0.0009246422999745442,5.9666093127614453e-05,0.00120449
4084,0.0009326326001125077,0.0009326326001125077,6.0284683384123935e-05,0.001184324
4085,0.0009226893825042578,0.0009226893825042578,6.575037951810359e-05,0.0011849952
4086,0.0009294109651818872,0.0009294109651818872,6.0084749968838635e-05,0.0011901011
4087,0.0009287078968352742,0.0009287078968352742,6.981576287488325e-05,0.00118754
4088,0.0009236309030610654,0.0009236309030610654,6.198133199955238e-05,0.0011956445
4089,0.0009272155869338248,0.0009272155869338248,6.15755117602627e-05,0.0011983324
4090,0.0009380722276142074,0.0009380722276142074,7.333056861777246e-05,0.0012390681
4091,0.0009226480757610666,0.0009226480757610666,5.9223453416103036e-05,0.0011865529
4092,0.0009258852495501439,0.0009258852495501439,6.9130548659915e-05,0.0011770882
4093,0.0009285387932322919,0.0009285387932322919,6.026182803301102e-05,0.0012297072
4094,0.0009182529847344591,0.0009182529847344591,6.175223415299216e-05,0.0011694938
4095,0.0009289361161386802,0.0009289361161386802,6.222704390232595e-05,0.001196369
4096,0.0009311020814089312,0.0009311020814089312,6.29044782117363e-05,0.001200247
4097,0.0009249823051504791,0.0009249823051504791,5.9209038123400306e-05,0.0011841067
4098,0.0009320677607320249,0.0009320677607320249,6.002632586677868e-05,0.0012082572
4099,0.0009438276135673126,0.0009438276135673126,5.7215691767028196e-05,0.0011705743
4100,0.000915009872470465,0.000915009872470465,6.408407204692897e-05,0.0012162572
4101,0.0009198639231423537,0.0009198639231423537,6.109313741073189e-05,0.001191191
4102,0.0009489693510760036,0.0009489693510760036,5.960287425573875e-05,0.0011805758
4103,0.0009320712467241619,0.0009320712467241619,6.286743178710216e-05,0.0011805207
4104,0.000923556190294524,0.000923556190294524,5.994246199539551e-05,0.0012033095
4105,0.0009224521326056371,0.0009224521326056371,6.190826780573625e-05,0.0011780114
4106,0.0009225646357258989,0.0009225646357258989,6.220916667290212e-05,0.0011940768
4107,0.0009177317752295898,0.0009177317752295898,6.212959118623789e-05,0.0011922837
4108,0.0009245915364267098,0.0009245915364267098,5.886052385903895e-05,0.0011703656
4109,0.0009254181770504349,0.0009254181770504349,5.871821085589899e-05,0.0012154843
4110,0.0009345775082086524,0.0009345775082086524,6.276840139081388e-05,0.0011828236
4111,0.0009249173078892959,0.0009249173078892959,6.281140970101104e-05,0.0011909959
4112,0.0009204856947892242,0.0009204856947892242,6.502241278044786e-05,0.0011849598
4113,0.0009317278693844047,0.0009317278693844047,5.9595487970101305e-05,0.0011817813
4114,0.0009291588186493351,0.0009291588186493351,6.017612536560869e-05,0.0011953025
4115,0.0009303699027643435,0.0009303699027643435,6.236841275882988e-05,0.0012018245
4116,0.0009236745859703256,0.0009236745859703256,6.417225896470215e-05,0.0011946163
4117,0.000920061071196364,0.000920061071196364,6.0621741946912756e-05,0.001182001
4118,0.0009301196977806588,0.0009301196977806588,7.503251679123777e-05,0.0011917424
4119,0.0009217364804094864,0.0009217364804094864,6.162822606508516e-05,0.0011948172
4120,0.0009192760542242063,0.0009192760542242063,6.467463711790818e-05,0.001196506
4121,0.00093420213735145,0.00093420213735145,6.143052331700637e-05,0.0011900102
4122,0.0009231583719762663,0.0009231583719762663,5.999222569354541e-05,0.0011991507
4123,0.0009254499636073079,0.0009254499636073079,5.953363581981582e-05,0.001207185
4124,0.0009337766613397333,0.0009337766613397333,6.238199804497037e-05,0.0011823967
4125,0.0009303496684879064,0.0009303496684879064,6.0747740821574956e-05,0.0012245763
4126,0.0009260242080522908,0.0009260242080522908,6.028782195810736e-05,0.001196207
4127,0.000917377814443575,0.000917377814443575,7.815125187183488e-05,0.0012208833
4128,0.0009282463993359771,0.0009282463993359771,6.043480639610509e-05,0.0011810815
4129,0.0009219880565069615,0.0009219880565069615,6.134365995965001e-05,0.0011967821
4130,0.0009256771862662087,0.0009256771862662087,6.21061424185301e-05,0.0012067268
4131,0.0009263961356029743,0.0009263961356029743,6.682648402400244e-05,0.0011892456
4132,0.0009324473859224883,0.0009324473859224883,6.0743460262023695e-05,0.0011832461
4133,0.0009299546053322653,0.0009299546053322653,6.242677421886987e-05,0.0011859552
4134,0.0009274248771059016,0.0009274248771059016,6.276139855193227e-05,0.0011980454
4135,0.0009148768718457884,0.0009148768718457884,5.923789453035375e-05,0.0012031038
4136,0.0009187072463747528,0.0009187072463747528,6.800254194685193e-05,0.0011999874
4137,0.0009240976405433482,0.0009240976405433482,6.278215986140386e-05,0.0011752
4138,0.0009305491189782818,0.0009305491189782818,6.477303048342264e-05,0.0011949651
4139,0.000921836886037555,0.000921836886037555,6.212261099002427e-05,0.0011817532
4140,0.0009179604485527509,0.0009179604485527509,5.901985358731407e-05,0.0011960714
4141,0.0009186659266965257,0.0009186659266965257,6.495556490904164e-05,0.0011824709
4142,0.0009208012928461863,0.0009208012928461863,6.691109746618117e-05,0.0011820862
4143,0.0009130297978926036,0.0009130297978926036,5.8524980005516785e-05,0.0012127396
4144,0.0009275768831786182,0.0009275768831786182,6.076794598320766e-05,0.0011914322
4145,0.0009247718042590552,0.0009247718042590552,6.470897418987912e-05,0.0011816558
4146,0.0009301239094283018,0.0009301239094283018,6.700895472578041e-05,0.0011975176
4147,0.0009334118493522207,0.0009334118493522207,5.8876615266001406e-05,0.0011898474
4148,0.0009294417609150211,0.0009294417609150211,6.724644431162434e-05,0.0011776829
4149,0.0009275174311672648,0.0009275174311672648,5.8935572670451266e-05,0.0011952183
4150,0.0009284453647625115,0.0009284453647625115,5.773368227524303e-05,0.00119997
4151,0.0009263755792441468,0.0009263755792441468,6.375066444420775e-05,0.00119624
4152,0.0009374673620590734,0.0009374673620590734,6.503782337574648e-05,0.0011861298
4153,0.0009276353456597361,0.0009276353456597361,6.059214603403184e-05,0.0011808353
4154,0.000918682515879886,0.000918682515879886,6.165471909298503e-05,0.0011829394
4155,0.0009226217283867299,0.0009226217283867299,6.294900470707651e-05,0.0012066099
4156,0.000918205791256494,0.000918205791256494,6.310294575213346e-05,0.0011959405
4157,0.0009201709258680542,0.0009201709258680542,5.914369199978687e-05,0.0012092683
4158,0.0009280904441968435,0.0009280904441968435,6.792853949819902e-05,0.0011863904
4159,0.000922773964703083,0.000922773964703083,6.0820801477253404e-05,0.0012201386
4160,0.0009213418130659394,0.0009213418130659394,6.070565369417204e-05,0.0011789309
4161,0.0009303889263214336,0.0009303889263214336,6.067904774688968e-05,0.0011869404
4162,0.000923672648301969,0.000923672648301969,6.329305224994641e-05,0.0011826324
4163,0.0009225920709367428,0.0009225920709367428,6.386545533162054e-05,0.0011940118
4164,0.0009281860082410276,0.0009281860082410276,6.112102829515859e-05,0.0011872032
4165,0.0009129848570511159,0.0009129848570511159,5.843750617360557e-05,0.0012132179
4166,0.0009220876769783596,0.0009220876769783596,5.8345004026705284e-05,0.0011843031
4167,0.0009229695269217093,0.0009229695269217093,5.914646104404003e-05,0.0011880759
4168,0.0009301363231821192,0.0009301363231821192,6.024011148737271e-05,0.0012109284
4169,0.0009189953464859476,0.0009189953464859476,5.876556841239259e-05,0.0011910677
4170,0.0009261590726156202,0.0009261590726156202,6.501930034390726e-05,0.0012103944
4171,0.000931678969775223,0.000931678969775223,5.741507679775598e-05,0.001180549
4172,0.000923042912553582,0.000923042912553582,5.8227965132257645e-05,0.0011976653
4173,0.0009175623844688137,0.0009175623844688137,6.286109224305195e-05,0.001190721
4174,0.00093012443329725,0.00093012443329725,6.405150008062954e-05,0.0011936362
4175,0.0009174027467249996,0.0009174027467249996,6.41278601515675e-05,0.0011940765
4176,0.0009191224733108861,0.0009191224733108861,6.266752874410811e-05,0.0012106342
4177,0.0009218372288160026,0.0009218372288160026,5.566634347660384e-05,0.0012271845
4178,0.0009247989122134944,0.0009247989122134944,6.0754743211393566e-05,0.0011843828
4179,0.0009247759292419586,0.0009247759292419586,6.095429486631727e-05,0.0012103724
4180,0.0009254613089271717,0.0009254613089271717,5.7187392634479765e-05,0.001182033
4181,0.0009179712518946164,0.0009179712518946164,6.82240204418526e-05,0.0011846295
4182,0.0009194470476359129,0.0009194470476359129,6.031304674608834e-05,0.0011868624
4183,0.0009199279787329336,0.0009199279787329336,6.018692698946084e-05,0.0012147387
4184,0.0009364492647970716,0.0009364492647970716,6.118558441951589e-05,0.0011786071
4185,0.0009232916778677868,0.0009232916778677868,6.114923295967856e-05,0.0011875792
4186,0.0009175830352534022,0.0009175830352534022,5.893991986201602e-05,0.0011747256
4187,0.0009261938626877964,0.0009261938626877964,6.623921022163397e-05,0.0011815464
4188,0.0009212129878708058,0.0009212129878708058,5.839444704381296e-05,0.0011815843
4189,0.0009202735990078912,0.0009202735990078912,6.111333642214353e-05,0.001176069
4190,0.0009235115915847322,0.0009235115915847322,5.827433931547369e-05,0.0011949475
4191,0.0009226312628015876,0.0009226312628015876,6.896056407299512e-05,0.0012042299
4192,0.0009223878228416045,0.0009223878228416045,6.215949929434651e-05,0.0011824034
4193,0.0009357182800562846,0.0009357182800562846,6.217559989888994e-05,0.0011912035
4194,0.0009216016171396606,0.0009216016171396606,5.780457163986773e-05,0.0011936268
4195,0.0009111682457538943,0.0009111682457538943,6.18086313222774e-05,0.0011758952
4196,0.0009235965288502888,0.0009235965288502888,5.930021169180893e-05,0.0011762658
4197,0.0009241927596223023,0.0009241927596223023,6.798076323867184e-05,0.001193352
4198,0.0009180750064034428,0.0009180750064034428,6.166529476306297e-05,0.0011805589
4199,0.0009131682532218595,0.0009131682532218595,6.196589632677293e-05,0.0012010154
4200,0.0009287743661035267,0.0009287743661035267,6.130082281730312e-05,0.0011934164
4201,0.0009344041127608055,0.0009344041127608055,6.397739619943524e-05,0.0011840587
4202,0.0009167516410040359,0.0009167516410040359,5.7678955892094387e-05,0.0011913703
4203,0.0009331047683695538,0.0009331047683695538,6.533030102294409e-05,0.0012049209
4204,0.0009419582525475158,0.0009419582525475158,6.798369758421864e-05,0.0011901683
4205,0.0009170123524705155,0.0009170123524705155,6.0731071112564274e-05,0.001186436
4206,0.0009273635378728311,0.0009273635378728311,6.02532254497924e-05,0.0011961679
4207,0.000919235531344182,0.000919235531344182,6.270734950517307e-05,0.0011731188
4208,0.0009229925150672594,0.0009229925150672594,6.156221814301495e-05,0.0011793614
4209,0.0009137596275346975,0.0009137596275346975,6.239513146621473e-05,0.0011889888
4210,0.0009161334859931634,0.0009161334859931634,6.086065387636255e-05,0.0011865807
4211,0.0009192548950927125,0.0009192548950927125,6.183697103223393e-05,0.0012158634
4212,0.0009216960972278482,0.0009216960972278482,5.6295635990544214e-05,0.0011929185
4213,0.0009162175443230404,0.0009162175443230404,5.9641221272638884e-05,0.001190498
4214,0.0009145883002525402,0.0009145883002525402,6.236956969887488e-05,0.0012027096
4215,0.0009168645509311722,0.0009168645509311722,5.930853648060798e-05,0.0012354142
4216,0.0009294490329921246,0.0009294490329921246,6.197862053609368e-05,0.0011877307
4217,0.0009331559244957235,0.0009331559244957235,6.244707840315931e-05,0.0011853303
4218,0.0009259377056474073,0.0009259377056474073,5.867522130000364e-05,0.0011896531
4219,0.0009262570154128803,0.0009262570154128803,6.794069888798049e-05,0.0011839415
4220,0.0009161263717234962,0.0009161263717234962,6.110742039532448e-05,0.0011917931
4221,0.0009148914703271455,0.0009148914703271455,5.873946744709239e-05,0.0011861697
4222,0.0009223065339028835,0.0009223065339028835,5.944333724477878e-05,0.001208447
4223,0.0009271293982035584,0.0009271293982035584,5.975915866479732e-05,0.0011806978
4224,0.0009230106383458608,0.0009230106383458608,5.969392882429388e-05,0.0011763369
4225,0.0009296750999055803,0.0009296750999055803,6.524967229179564e-05,0.0011877709
4226,0.000927272938295371,0.000927272938295371,6.070912225292583e-05,0.0011952177
4227,0.0009254296730634653,0.0009254296730634653,5.832670914792794e-05,0.0011792586
4228,0.0009113215252808813,0.0009113215252808813,6.169188624451433e-05,0.001181132
4229,0.0009152234674224423,0.0009152234674224423,6.080091915931816e-05,0.0011906942
4230,0.0009204170162168642,0.0009204170162168642,6.021524185876438e-05,0.0012297548
4231,0.0009243981977407304,0.0009243981977407304,6.114081582053485e-05,0.0011822723
4232,0.0009190235209340851,0.0009190235209340851,5.666598378119126e-05,0.0012192461
4233,0.0009265990914880402,0.0009265990914880402,6.425942164503972e-05,0.0011712792
4234,0.0009206169233140018,0.0009206169233140018,6.59230793657015e-05,0.0011913994
4235,0.0009170826938417223,0.0009170826938417223,6.158996597475961e-05,0.0011843705
4236,0.000932668295637187,0.000932668295637187,6.154098570387845e-05,0.0011838167
4237,0.0009175910174639689,0.0009175910174639689,6.068258687213933e-05,0.0012023957
4238,0.0009222131804563106,0.0009222131804563106,6.3910777725419e-05,0.0011896949
4239,0.0009152163997189039,0.0009152163997189039,6.185459145685949e-05,0.0011963702
4240,0.0009222669585142284,0.0009222669585142284,7.096502526767128e-05,0.0011905865
4241,0.0009302086158034703,0.0009302086158034703,6.095381705348599e-05,0.0011959265
4242,0.0009179706762855251,0.0009179706762855251,6.321851720182773e-05,0.0011954941
4243,0.0009229074051189754,0.0009229074051189754,5.9520983916172555e-05,0.0011935174
4244,0.0009148347993484802,0.0009148347993484802,6.292336947187465e-05,0.0012021204
4245,0.0009291665111151007,0.0009291665111151007,6.222187864474272e-05,0.0011928956
4246,0.0009182200624814464,0.0009182200624814464,6.837488667677712e-05,0.0011851118
4247,0.0009217202262435522,0.0009217202262435522,6.357155223566715e-05,0.0011923353
4248,0.000911033630836755,0.000911033630836755,5.740786530421044e-05,0.0011825092
4249,0.0009156340746105545,0.0009156340746105545,6.455084314767292e-05,0.0011971006
4250,0.0009213559057873984,0.0009213559057873984,5.978703544668759e-05,0.001188592
4251,0.0009171630462838544,0.0009171630462838544,6.422711306428575e-05,0.0012092494
4252,0.0009155590604576799,0.0009155590604576799,6.0077202481926646e-05,0.0011766425
4253,0.0009157270852786799,0.0009157270852786799,6.09009735219009e-05,0.001183173
4254,0.0009197204671282735,0.0009197204671282735,6.558046591559711e-05,0.0012049536
4255,0.0009253449932051202,0.0009253449932051202,6.324219840286737e-05,0.0011918094
4256,0.0009235781436372134,0.0009235781436372134,6.086998279483977e-05,0.0011924593
4257,0.0009124088915996254,0.0009124088915996254,6.006553632889538e-05,0.0012256546
4258,0.0009137448453758326,0.0009137448453758326,5.803311308634701e-05,0.0011901283
4259,0.0009309321732467248,0.0009309321732467248,5.969746761896507e-05,0.0011751844
4260,0.0009198323745901386,0.0009198323745901386,6.41957253062881e-05,0.0011817188
4261,0.0009182489211929755,0.0009182489211929755,5.974605386553675e-05,0.0011927503
4262,0.0009133698082425528,0.0009133698082425528,5.887787637692081e-05,0.0011942693
4263,0.0009190777303754456,0.0009190777303754456,6.484389056582687e-05,0.0012043364
4264,0.0009208919842624002,0.0009208919842624002,5.8031484544092865e-05,0.0011898401
4265,0.0009118288923572335,0.0009118288923572335,6.052546816022186e-05,0.0012114975
4266,0.0009179031347028083,0.0009179031347028083,6.35230177803376e-05,0.0011804667
4267,0.0009196206177067425,0.0009196206177067425,5.821388873412658e-05,0.0011952241
4268,0.0009216155766302512,0.0009216155766302512,5.8792437320197446e-05,0.0011704158
4269,0.0009298454413914846,0.0009298454413914846,5.925726157269335e-05,0.0012036798
4270,0.0009185004106257111,0.0009185004106257111,6.391671797274512e-05,0.0012052564
4271,0.0009212685606649352,0.0009212685606649352,5.996141377799802e-05,0.0011824573
4272,0.0009210520993090338,0.0009210520993090338,6.434695221363048e-05,0.0011907805
4273,0.0009103219891484413,0.0009103219891484413,6.179724893071479e-05,0.00120004
4274,0.0009150426058719556,0.0009150426058719556,6.079823360399435e-05,0.0011840055
4275,0.000915679537380735,0.000915679537380735,6.0073599179430754e-05,0.0011894741
4276,0.0009132724876205127,0.0009132724876205127,5.9700411745606314e-05,0.001184725
4277,0.0009189721947121951,0.0009189721947121951,6.388802500320404e-05,0.0011932489
4278,0.0009172103885147307,0.0009172103885147307,5.6311161334734706e-05,0.0011916814
4279,0.0009201646174511148,0.0009201646174511148,6.264063862081078e-05,0.0012102996
4280,0.0009159668426339825,0.0009159668426339825,6.163627182465979e-05,0.0011788964
4281,0.0009160527985336052,0.0009160527985336052,5.7615185745326275e-05,0.0011903637
4282,0.0009110699757002294,0.0009110699757002294,6.0239858808901974e-05,0.0011988083
4283,0.0009201008380235483,0.0009201008380235483,7.191049666066047e-05,0.0012157438
4284,0.0009159559358118309,0.0009159559358118309,6.188648324483539e-05,0.0011922517
4285,0.0009142902201145059,0.0009142902201145059,6.350212718947053e-05,0.0012021856
4286,0.0009117186625695063,0.0009117186625695063,5.956660195225696e-05,0.0012027256
4287,0.0009148675430979994,0.0009148675430979994,6.206545313823932e-05,0.0011860123
4288,0.0009126041472579042,0.0009126041472579042,6.307775745888478e-05,0.0011930225
4289,0.0009180708788335323,0.0009180708788335323,5.977856193213584e-05,0.0011688594
4290,0.0009180231356165475,0.0009180231356165475,6.1010338279397936e-05,0.0012063655
4291,0.0009133978125949701,0.0009133978125949701,5.894964935196059e-05,0.0011971744
4292,0.000925056183607214,0.000925056183607214,6.67368648641463e-05,0.0012062507
4293,0.0009198621122373475,0.0009198621122373475,6.139348163666606e-05,0.0011779431
4294,0.0009080297507656118,0.0009080297507656118,6.0301795953342384e-05,0.0011861378
4295,0.0009146361572978397,0.0009146361572978397,5.719158100987442e-05,0.0011820876
4296,0.0009245373541489244,0.0009245373541489244,6.444687688937418e-05,0.0011813776
4297,0.0009135160284737746,0.0009135160284737746,6.739216976699127e-05,0.0011847828
4298,0.0009178235014486644,0.0009178235014486644,6.271795037161661e-05,0.0011800023
4299,0.0009141556297739347,0.0009141556297739347,5.825184478342275e-05,0.0011826045
4300,0.0009179624282599737,0.0009179624282599737,5.9498708414038346e-05,0.0011781929
4301,0.0009154002971222831,0.0009154002971222831,6.168904695490104e-05,0.0011788782
4302,0.0009077652357518673,0.0009077652357518673,5.995170441954498e-05,0.0011796206
4303,0.0009164302622795933,0.0009164302622795933,6.179609072758139e-05,0.0011808182
4304,0.0009126924741495815,0.0009126924741495815,5.92164847355371e-05,0.0011898984
4305,0.000910226150881499,0.000910226150881499,5.918891128276174e-05,0.0012002903
4306,0.0009147597541515198,0.0009147597541515198,6.227723586202197e-05,0.0012006576
4307,0.0009178954862161643,0.0009178954862161643,6.163891602947539e-05,0.0011903713
4308,0.0009082783893164661,0.0009082783893164661,6.049038391261598e-05,0.0011833572
4309,0.0009172020803412629,0.0009172020803412629,5.9624698189963964e-05,0.0011778073
4310,0.0009174238334202932,0.0009174238334202932,6.062854034401729e-05,0.0011877608
4311,0.0009120747382338676,0.0009120747382338676,6.148880219230731e-05,0.0011898403
4312,0.0009146194284160932,0.0009146194284160932,5.8845072085963084e-05,0.0011909199
4313,0.0009181680209520791,0.0009181680209520791,6.355535424510272e-05,0.0011854498
4314,0.0009109206898655328,0.0009109206898655328,6.479258053771907e-05,0.0011856573
4315,0.0009145437545763949,0.0009145437545763949,6.197995032685761e-05,0.0011828888
4316,0.0009120099505202638,0.0009120099505202638,5.8214645166342674e-05,0.0012008356
4317,0.0009138682016378476,0.0009138682016378476,5.7353289955486275e-05,0.0011930129
4318,0.0009201071833053396,0.0009201071833053396,6.197911536105493e-05,0.0011952819
4319,0.0009248048067092895,0.0009248048067092895,6.411623287634585e-05,0.001184417
4320,0.0009114502916216023,0.0009114502916216023,6.344624119189271e-05,0.0011875874
4321,0.0009166896653672059,0.0009166896653672059,6.177027541475077e-05,0.0011949113
4322,0.0009077898757014838,0.0009077898757014838,6.155424460100929e-05,0.0011938758
4323,0.0009111048485566345,0.0009111048485566345,6.530187727080325e-05,0.0012085305
4324,0.0009103355385983984,0.0009103355385983984,5.915246523121217e-05,0.0011766746
4325,0.0009090168414533967,0.0009090168414533967,6.1719877352415e-05,0.0012011459
4326,0.0009137273002933297,0.0009137273002933297,6.38897377260466e-05,0.0011777313
4327,0.0009138800281410416,0.0009138800281410416,5.9470882476375664e-05,0.0011850789
4328,0.0009225944665053653,0.0009225944665053653,6.020680274332335e-05,0.0011863813
4329,0.0009107670306952463,0.0009107670306952463,6.474148322265844e-05,0.0011879321
4330,0.0009238875121809542,0.0009238875121809542,5.882995089905308e-05,0.0011776316
4331,0.0009102803758449025,0.0009102803758449025,6.340349201063115e-05,0.0011884824
4332,0.0009021686176614215,0.0009021686176614215,6.257742554443742e-05,0.0011902822
4333,0.00090903431798021,0.00090903431798021,6.0466879758299305e-05,0.0011802365
4334,0.0009162325968241526,0.0009162325968241526,6.282021475101374e-05,0.0011894221
4335,0.0009175496809701953,0.0009175496809701953,6.378630933444226e-05,0.0012061821
4336,0.0009125250158831477,0.0009125250158831477,6.197830438874835e-05,0.0011824188
4337,0.0009131617365508444,0.0009131617365508444,5.717678273712402e-05,0.0011789268
4338,0.000905993926183631,0.000905993926183631,5.9944814674977524e-05,0.0011875827
4339,0.0009074253961443901,0.0009074253961443901,6.152096149207864e-05,0.0011799957
4340,0.0009024891782448524,0.0009024891782448524,6.169102395764033e-05,0.0011864116
4341,0.0009067233910577165,0.0009067233910577165,6.264924683689641e-05,0.0011801936
4342,0.0009099509230711394,0.0009099509230711394,6.115695227732784e-05,0.0011763835
4343,0.0009193274684043395,0.0009193274684043395,6.117430848209753e-05,0.0011836754
4344,0.0009087084456243449,0.0009087084456243449,6.1987404074494e-05,0.0011750405
4345,0.0009092631827419003,0.0009092631827419003,5.9981540503054966e-05,0.0011854824
4346,0.0009153382994958924,0.0009153382994958924,6.164680309971181e-05,0.0011823927
4347,0.0009143997514103022,0.0009143997514103022,5.93655273180597e-05,0.0011888111
4348,0.0009165209291192392,0.0009165209291192392,5.8264743545856216e-05,0.0012127088
4349,0.0009189507432488932,0.0009189507432488932,5.939210792197021e-05,0.001182433
4350,0.0009124673980598648,0.0009124673980598648,6.657922664328926e-05,0.001172311
4351,0.0009194581795276867,0.0009194581795276867,5.996444164758764e-05,0.0011777809
4352,0.0009055751841515302,0.0009055751841515302,6.0710124596457466e-05,0.001178566
4353,0.0009070166464274129,0.0009070166464274129,6.389112728625672e-05,0.0011881575
4354,0.0009127121961986025,0.0009127121961986025,5.755522928502109e-05,0.0011849708
4355,0.000913907583647718,0.000913907583647718,6.006599993661549e-05,0.0011819784
4356,0.0009035803468173577,0.0009035803468173577,6.089625485906759e-05,0.0011757076
4357,0.0009184731118794944,0.0009184731118794944,6.066346943210337e-05,0.0011852905
4358,0.0009161472501647141,0.0009161472501647141,5.8750989314611717e-05,0.0011910837
4359,0.0009037470451504406,0.0009037470451504406,6.17518411965692e-05,0.0011941325
4360,0.000909639531487806,0.000909639531487806,5.989488412423169e-05,0.0011845059
4361,0.0009128623059950769,0.0009128623059950769,6.073468378610237e-05,0.001195749
4362,0.0009069164891520309,0.0009069164891520309,6.28696077077014e-05,0.0012084441
4363,0.0009118353158959912,0.0009118353158959912,6.111474400256611e-05,0.0011714468
4364,0.0009117529895674024,0.0009117529895674024,6.203547500515722e-05,0.0012053737
4365,0.000907591365588208,0.000907591365588208,5.9985545625649035e-05,0.0011735415
4366,0.000919580510041366,0.000919580510041366,6.753563914076722e-05,0.001189338
4367,0.000906515404737244,0.000906515404737244,5.996544171769831e-05,0.0011962471
4368,0.0009128993001973464,0.0009128993001973464,6.004440828456402e-05,0.0011980083
4369,0.0009146088436763319,0.0009146088436763319,6.058096083544721e-05,0.0011901634
4370,0.0009077854079401328,0.0009077854079401328,5.984059721002824e-05,0.0011896564
4371,0.0009194950637821522,0.0009194950637821522,6.120949296175879e-05,0.001191001
4372,0.0009228979547818502,0.0009228979547818502,6.0008560841614177e-05,0.00119204
4373,0.0009123372819481625,0.0009123372819481625,6.306107969234907e-05,0.0011931411
4374,0.0009114601041397286,0.0009114601041397286,6.333162591387362e-05,0.0011841686
4375,0.0009092790818411029,0.0009092790818411029,6.428903742769561e-05,0.0011980418
4376,0.0009094802986106111,0.0009094802986106111,5.971004668607647e-05,0.0011777435
4377,0.0009190618112269375,0.0009190618112269375,6.183313893841142e-05,0.0011769433
4378,0.0009129790938459337,0.0009129790938459337,6.42135583269649e-05,0.001212957
4379,0.0009146031910657055,0.0009146031910657055,6.549150968895547e-05,0.0011828747
4380,0.000912744954176661,0.000912744954176661,6.507048808796551e-05,0.0012005515
4381,0.0009102430317499158,0.0009102430317499158,5.9575492787860503e-05,0.0011888501
4382,0.0009145100458732082,0.0009145100458732082,6.491609166990505e-05,0.0011973275
4383,0.0009131275156202416,0.0009131275156202416,6.251283132567349e-05,0.0012078958
4384,0.0009195230590800445,0.0009195230590800445,6.414948322041407e-05,0.0011832132
4385,0.0009106333897862997,0.0009106333897862997,5.974689896422408e-05,0.0011776172
4386,0.0009036084378345145,0.0009036084378345145,6.0247257204082415e-05,0.0011793029
4387,0.000914802653197613,0.000914802653197613,6.252460690221697e-05,0.001173049
4388,0.0009160605078149173,0.0009160605078149173,6.158767445217311e-05,0.0011929026
4389,0.0009141815321830411,0.0009141815321830411,5.939613762519811e-05,0.0011879046
4390,0.0009091056909205185,0.0009091056909205185,5.9412383278514524e-05,0.0011968513
4391,0.0009109842228806681,0.0009109842228806681,6.074694034538592e-05,0.0011786323
4392,0.0009128097664668328,0.0009128097664668328,6.623913600441887e-05,0.001212024
4393,0.0009112259968080455,0.0009112259968080455,6.133538043360748e-05,0.0011769822
4394,0.0009053702660215397,0.0009053702660215397,6.521707997282849e-05,0.001179043
4395,0.0009078110982146528,0.0009078110982146528,6.172019731454586e-05,0.0011825184
4396,0.0009117764705378149,0.0009117764705378149,5.851301910442746e-05,0.0011849982
4397,0.0009060819697980252,0.0009060819697980252,6.405877159525946e-05,0.0011944332
4398,0.0009146614220096833,0.0009146614220096833,6.030462557317959e-05,0.0011807412
4399,0.0009070130569549898,0.0009070130569549898,6.242626391686676e-05,0.0011817372
4400,0.0009079658051228357,0.0009079658051228357,6.376420323811595e-05,0.0011844852
4401,0.0009163749339576397,0.0009163749339576397,6.341618063111632e-05,0.001178689
4402,0.0009119063240682913,0.0009119063240682913,6.329923107336475e-05,0.0011933348
4403,0.0009116161148995161,0.0009116161148995161,5.9484531182836996e-05,0.0011930675
4404,0.0009080880437977612,0.0009080880437977612,5.8156413825195665e-05,0.0012066698
4405,0.0009172831959505048,0.0009172831959505048,5.98746005296549e-05,0.0011817401
4406,0.0009048295077971286,0.0009048295077971286,6.152935985616676e-05,0.0011827262
4407,0.0009105697675194178,0.0009105697675194178,6.243206767951254e-05,0.0011848875
4408,0.0009090650774952439,0.0009090650774952439,6.0350174750725375e-05,0.0012259765
4409,0.0009165030554868281,0.0009165030554868281,5.9581196153304616e-05,0.0011976102
4410,0.0009179112708403005,0.0009179112708403005,6.300273845422705e-05,0.0011802407
4411,0.0009113562228675518,0.0009113562228675518,5.825093119003415e-05,0.0011818623
4412,0.0009032160574052897,0.0009032160574052897,6.138135786343134e-05,0.0011759666
4413,0.0009036719475665854,0.0009036719475665854,5.9088095516438936e-05,0.0011756322
4414,0.0009085443802177906,0.0009085443802177906,6.198973040530595e-05,0.0011907817
4415,0.0009062024389600588,0.0009062024389600588,6.257532183161373e-05,0.0011957439
4416,0.0009054798154263861,0.0009054798154263861,5.833527534125298e-05,0.0011903195
4417,0.0009107781962181132,0.0009107781962181132,6.18378220836904e-05,0.0011883909
4418,0.0009080307467633651,0.0009080307467633651,5.861043938977733e-05,0.0011952494
4419,0.0009146190364845097,0.0009146190364845097,6.537328271655084e-05,0.0011775732
4420,0.0009061793305186761,0.0009061793305186761,6.201219201153031e-05,0.0011913244
4421,0.0009042919083084497,0.0009042919083084497,6.144240286529466e-05,0.0011842494
4422,0.00091216499503288,0.00091216499503288,5.8258654621794966e-05,0.0011864178
4423,0.0009080546714055042,0.0009080546714055042,5.979034461236981e-05,0.0011793332
4424,0.0009072541142813861,0.0009072541142813861,5.959417609094291e-05,0.0011883867
4425,0.0009085919772688713,0.0009085919772688713,5.951960412807643e-05,0.0011798498
4426,0.0009069425222049984,0.0009069425222049984,5.973555320729752e-05,0.0011846268
4427,0.0009086892370962434,0.0009086892370962434,5.945536618712468e-05,0.0011816443
4428,0.0009224264804894726,0.0009224264804894726,6.0351644736379565e-05,0.0011846866
4429,0.0009133704071347085,0.0009133704071347085,6.292456313114295e-05,0.0011914251
4430,0.0009153214865364135,0.0009153214865364135,6.483894147777392e-05,0.0011740169
4431,0.000905328243970871,0.000905328243970871,5.989996701281086e-05,0.001181082
4432,0.0009035878362030618,0.0009035878362030618,5.861410620645478e-05,0.0011836287
4433,0.0009189244618432389,0.0009189244618432389,6.42787313583742e-05,0.0011751216
4434,0.0009109806993769275,0.0009109806993769275,5.838620676159836e-05,0.001182184
4435,0.0009077582055599325,0.0009077582055599325,6.223431849655804e-05,0.0011781757
4436,0.0009158296575252381,0.0009158296575252381,5.93787356040656e-05,0.0011832905
4437,0.0009035855868003435,0.0009035855868003435,5.7412707639178014e-05,0.001188895
4438,0.0009090877952985466,0.0009090877952985466,5.873819003328309e-05,0.0011931196
4439,0.0009110364131629467,0.0009110364131629467,6.066089510792732e-05,0.0011870713
4440,0.0009106423084934552,0.0009106423084934552,5.8093175416868484e-05,0.0011722371
4441,0.0009112840789991121,0.0009112840789991121,5.940361796269321e-05,0.0011770661
4442,0.0009145433768733508,0.0009145433768733508,6.178544760283936e-05,0.0011858224
4443,0.000902838003821671,0.000902838003821671,5.999826699899636e-05,0.0011838764
4444,0.0009080298348433442,0.0009080298348433442,6.1254812289318e-05,0.001173419
4445,0.0009012869093567133,0.0009012869093567133,5.7765123203049976e-05,0.0011815372
4446,0.0009094831908846067,0.0009094831908846067,5.9767278882974194e-05,0.0011823946
4447,0.0009091791218250162,0.0009091791218250162,5.918014870884589e-05,0.001179578
4448,0.0009130125024562908,0.0009130125024562908,6.019895735660283e-05,0.0011867557
4449,0.0009066593548696903,0.0009066593548696903,6.039077417868811e-05,0.001177749
4450,0.0009018186040015685,0.0009018186040015685,5.9791164254521494e-05,0.001175608
4451,0.0009041978408479028,0.0009041978408479028,5.8502837744198485e-05,0.0011797164
4452,0.000906691111675981,0.000906691111675981,5.9498219312104086e-05,0.0011751823
4453,0.0009134207632289164,0.0009134207632289164,5.9191946928017893e-05,0.0012025085
4454,0.0009093957901414898,0.0009093957901414898,6.284293375339682e-05,0.00118433
4455,0.0009182297223661508,0.0009182297223661508,6.150107153580898e-05,0.0011933871
4456,0.0009102726827323851,0.0009102726827323851,6.165877710913037e-05,0.0011878206
4457,0.0009048344399262634,0.0009048344399262634,6.417854825440846e-05,0.0011995496
4458,0.0009071452187425974,0.0009071452187425974,6.229567947377588e-05,0.0011808225
4459,0.0009051684678221743,0.0009051684678221743,6.080068325874501e-05,0.001177707
4460,0.0009029716693071855,0.0009029716693071855,5.9980357551047016e-05,0.0011841389
4461,0.0009101018464813629,0.0009101018464813629,6.128876081877227e-05,0.0011832161
4462,0.0009076711592367954,0.0009076711592367954,5.845283873175215e-05,0.001186744
4463,0.0009042375475271709,0.0009042375475271709,6.270957663605526e-05,0.001177956
4464,0.0009090740466490387,0.0009090740466490387,6.039979833632161e-05,0.001195152
4465,0.0009057106075084044,0.0009057106075084044,6.251020692818403e-05,0.0011910349
4466,0.000911030620853934,0.000911030620853934,5.87889357019675e-05,0.0011865543
4467,0.0008999902321698351,0.0008999902321698351,6.22201869234118e-05,0.0011741589
4468,0.0009016586881544855,0.0009016586881544855,6.34229579645762e-05,0.0011833708
4469,0.000913445268654161,0.000913445268654161,6.247369091217554e-05,0.0011763403
4470,0.0009107823625931309,0.0009107823625931309,5.8083986231821035e-05,0.0011883706
4471,0.0009081734421973427,0.0009081734421973427,6.211775900829429e-05,0.0011839054
4472,0.0009046984720043838,0.0009046984720043838,6.0282875257497735e-05,0.0011777518
4473,0.0009054589098215931,0.0009054589098215931,6.12538459045532e-05,0.0011842711
4474,0.0009058686257857416,0.0009058686257857416,6.143644069540599e-05,0.0011785508
4475,0.0009067655411652393,0.0009067655411652393,5.9276353870371976e-05,0.0011757832
4476,0.0009155247438078126,0.0009155247438078126,6.03240313337583e-05,0.0011849224
4477,0.0009096924319035477,0.0009096924319035477,6.066504641416436e-05,0.0011822964
4478,0.0009085361819921268,0.0009085361819921268,5.997354108768289e-05,0.0012104575
4479,0.0009100111990442706,0.0009100111990442706,5.828596623334508e-05,0.0011750768
4480,0.0009064168617543247,0.0009064168617543247,5.871802571719955e-05,0.0011796741
4481,0.0009115557432071203,0.0009115557432071203,5.7317281774456795e-05,0.0011911347
4482,0.0008989925819656088,0.0008989925819656088,5.752044478223676e-05,0.0011839161
4483,0.0009066607221029699,0.0009066607221029699,6.228273838865385e-05,0.0011869234
4484,0.0009050279661702613,0.0009050279661702613,5.75111239179983e-05,0.0011843154
4485,0.0009041304557791187,0.0009041304557791187,5.9416136031763424e-05,0.0011802452
4486,0.0009038188947468168,0.0009038188947468168,5.8851528896437025e-05,0.0011886014
4487,0.0009070080808467336,0.0009070080808467336,5.876634957031612e-05,0.0011901972
4488,0.0009102588778154717,0.0009102588778154717,5.96232030959006e-05,0.001191129
4489,0.0009130021052745481,0.0009130021052745481,5.965743114681269e-05,0.001204878
4490,0.0009079153352003131,0.0009079153352003131,6.488657931084971e-05,0.0011847243
4491,0.0009138559586265021,0.0009138559586265021,5.983207861643475e-05,0.0011889241
4492,0.0009091672610439775,0.0009091672610439775,6.0583080779489745e-05,0.0011826785
4493,0.0009019816527143121,0.0009019816527143121,6.031851806314295e-05,0.0011854145
4494,0.000903545539929635,0.000903545539929635,6.024475930798998e-05,0.001181424
4495,0.000907740939874202,0.000907740939874202,6.067863695895268e-05,0.001177713
4496,0.0009031877840041286,0.0009031877840041286,6.056801833425299e-05,0.0011847973
4497,0.0009005710443792243,0.0009005710443792243,5.825790545309752e-05,0.0011790971
4498,0.0009050910154150592,0.0009050910154150592,5.913698471305098e-05,0.0011820202
4499,0.0009061662920026315,0.0009061662920026315,6.100297441757145e-05,0.0011767893
4500,0.0009147729427139793,0.0009147729427139793,5.72561641522245e-05,0.0011910818
4501,0.0009125930541712377,0.0009125930541712377,6.021616409128683e-05,0.0011902069
4502,0.0008969617140893307,0.0008969617140893307,5.9331251823380174e-05,0.0011772038
4503,0.0009023182753783961,0.0009023182753783961,5.9890685563206916e-05,0.0011824378
4504,0.0009050729568116367,0.0009050729568116367,6.17421405460641e-05,0.0011823575
4505,0.0008976483523535232,0.0008976483523535232,6.012841819729905e-05,0.0011820417
4506,0.0009057552320882678,0.0009057552320882678,6.326931821981753e-05,0.0011825295
4507,0.0009041599192035695,0.0009041599192035695,6.327827705818992e-05,0.0011833324
4508,0.0009065525179418424,0.0009065525179418424,5.863986596352788e-05,0.0011829023
4509,0.0009116157488380041,0.0009116157488380041,6.022446164719339e-05,0.0011795785
4510,0.000911265012756404,0.000911265012756404,6.277954741291422e-05,0.001178083
4511,0.0009037705086585549,0.0009037705086585549,6.090377658172959e-05,0.0011699549
4512,0.0009078326764413052,0.0009078326764413052,5.840458244747993e-05,0.001191681
4513,0.0009061370846918887,0.0009061370846918887,5.878275725182094e-05,0.0011771807
4514,0.0009044178994372487,0.0009044178994372487,6.43607889236206e-05,0.0011752184
4515,0.0009069722391561502,0.0009069722391561502,5.938764918230138e-05,0.001181157
4516,0.0008999287215475407,0.0008999287215475407,6.216767558255595e-05,0.0011821162
4517,0.0009013635830746756,0.0009013635830746756,6.22670768431514e-05,0.0011818738
4518,0.0009124710211633808,0.0009124710211633808,5.999221228749876e-05,0.0011840201
4519,0.0009060932323336601,0.0009060932323336601,6.013345236573918e-05,0.0011795474
4520,0.0009151690018673737,0.0009151690018673737,6.015161444944776e-05,0.0011843895
4521,0.0009072596090845764,0.0009072596090845764,6.245282074594085e-05,0.0011797666
4522,0.0009063013674070438,0.0009063013674070438,6.409531148424068e-05,0.0011894774
4523,0.0009006356691113776,0.0009006356691113776,7.112269429083224e-05,0.0011857669
4524,0.000906125049934619,0.000906125049934619,6.314569669333045e-05,0.0011966765
4525,0.0009041234501637518,0.0009041234501637518,6.602696978714246e-05,0.0011865743
4526,0.0008984109102230933,0.0008984109102230933,6.171638647627869e-05,0.001180051
4527,0.0009013661843103667,0.0009013661843103667,6.055589988317456e-05,0.001175924
4528,0.0009022746843078898,0.0009022746843078898,6.04376732010476e-05,0.001179117
4529,0.0009039241794703735,0.0009039241794703735,5.909064724518329e-05,0.0011817071
4530,0.0009144322364591062,0.0009144322364591062,6.149681393278823e-05,0.0011799247
4531,0.0009090267574518091,0.0009090267574518091,6.311557006786946e-05,0.0011865904
4532,0.0009044621243245072,0.0009044621243245072,5.9008587030323014e-05,0.0011886678
4533,0.0009055169493270417,0.0009055169493270417,6.066156587015333e-05,0.0011938225
4534,0.0009076058709373076,0.0009076058709373076,5.882752621846837e-05,0.001177304
4535,0.0009047624461042384,0.0009047624461042384,5.877964792770424e-05,0.0011776533
4536,0.000910233244455109,0.000910233244455109,6.083332338483337e-05,0.0011815367
4537,0.0009022756091629466,0.0009022756091629466,6.015330025882627e-05,0.0012014088
4538,0.0009037687559612095,0.0009037687559612095,6.292238659221362e-05,0.0011840921
4539,0.0009033835906949308,0.0009033835906949308,5.902077255339262e-05,0.0011784786
4540,0.0009034861448324389,0.0009034861448324389,5.934219264973864e-05,0.0011762212
4541,0.0009084438504133787,0.0009084438504133787,6.029277108912841e-05,0.0011869068
4542,0.0009045041897075458,0.0009045041897075458,5.756821930178334e-05,0.0012078389
4543,0.0009026861633174121,0.0009026861633174121,6.179247633752993e-05,0.0011885915
4544,0.0009005576475626892,0.0009005576475626892,5.9940269510258856e-05,0.0011841904
4545,0.0009088296805404955,0.0009088296805404955,5.919832135153532e-05,0.0011881891
4546,0.0009087207313213083,0.0009087207313213083,5.930118178159521e-05,0.0011781354
4547,0.0009077261008011798,0.0009077261008011798,6.073223300467766e-05,0.001186235
4548,0.0009084343159985211,0.0009084343159985211,6.030753216180863e-05,0.0011847113
4549,0.0008979249331686231,0.0008979249331686231,5.896284599329091e-05,0.0011840923
4550,0.0009034640776614348,0.0009034640776614348,6.941370508969492e-05,0.0011708173
4551,0.0009129121518021242,0.0009129121518021242,6.570335395963411e-05,0.0011780357
4552,0.0009028720604773196,0.0009028720604773196,5.933528217067558e-05,0.0011911151
4553,0.0009043905806417267,0.0009043905806417267,5.9999757046957924e-05,0.0011943325
4554,0.0008993019349873066,0.0008993019349873066,6.269002984835324e-05,0.0011878887
4555,0.0009055512970209949,0.0009055512970209949,6.063540722386228e-05,0.0011876157
4556,0.0008984092791150841,0.0008984092791150841,6.062891380544697e-05,0.0011897928
4557,0.0009048346339517998,0.0009048346339517998,6.0501580727153244e-05,0.0011806661
4558,0.000900889235910856,0.000900889235910856,5.888587294791322e-05,0.001186214
4559,0.0009025130925389628,0.0009025130925389628,6.078948180095899e-05,0.0011806838
4560,0.000900467207086169,0.000900467207086169,6.126782271596515e-05,0.0011788086
4561,0.0009004390824379193,0.0009004390824379193,5.933222781461862e-05,0.001176508
4562,0.0009018559552108248,0.0009018559552108248,5.86729491825761e-05,0.0011773848
4563,0.0008966220206477576,0.0008966220206477576,5.8270638617980495e-05,0.0011843636
4564,0.0009049039295253654,0.0009049039295253654,5.970093608059162e-05,0.0011836896
4565,0.0009010277287517156,0.0009010277287517156,5.977947326603802e-05,0.0011843647
4566,0.0009118604913560881,0.0009118604913560881,6.0455412163524295e-05,0.0011781419
4567,0.0009036051303458711,0.0009036051303458711,6.020692917950833e-05,0.0011733461
4568,0.0008991829158427815,0.0008991829158427815,6.0863365907179756e-05,0.0011756828
4569,0.0009054146525967452,0.0009054146525967452,5.9012141400040084e-05,0.0011964756
4570,0.0009007353581384652,0.0009007353581384652,5.9638926066125145e-05,0.0011753507
4571,0.0009044168232422736,0.0009044168232422736,6.429525569270962e-05,0.0011781049
4572,0.0009076178707699809,0.0009076178707699809,5.97907584635651e-05,0.0011925217
4573,0.0009064610193793972,0.0009064610193793972,6.0365326559500926e-05,0.0011766008
4574,0.0009007587511506345,0.0009007587511506345,6.0918118016436056e-05,0.0011845777
4575,0.0009074970627100103,0.0009074970627100103,5.9826523588747526e-05,0.0011832532
4576,0.0009060022162480487,0.0009060022162480487,6.260112563760442e-05,0.0011910105
4577,0.0009044308499950502,0.0009044308499950502,6.087346736036478e-05,0.0011817173
4578,0.0009107759261193375,0.0009107759261193375,6.07803873979012e-05,0.0011801603
4579,0.0009000003221444786,0.0009000003221444786,6.258821286388006e-05,0.0011769859
4580,0.0008986073623721798,0.0008986073623721798,5.968377034832883e-05,0.0011823241
4581,0.0009007387975644734,0.0009007387975644734,6.246465824675499e-05,0.001188082
4582,0.0009090176266100671,0.0009090176266100671,5.9809507378775587e-05,0.0011849119
4583,0.0009025422713926269,0.0009025422713926269,6.156908661346784e-05,0.0011833393
4584,0.000898102525388822,0.000898102525388822,5.8229100403350985e-05,0.0011939548
4585,0.0008981390235324701,0.0008981390235324701,6.048786746275268e-05,0.0011888589
4586,0.0009002744866948989,0.0009002744866948989,5.9843406540949216e-05,0.0011835742
4587,0.0009081998542468581,0.0009081998542468581,5.9397849828081286e-05,0.0012001501
4588,0.0009112960801252888,0.0009112960801252888,6.093291378116798e-05,0.0011832064
4589,0.0009133465937338769,0.0009133465937338769,5.9767534983892444e-05,0.0011771003
4590,0.0009012881737564587,0.0009012881737564587,5.59807836425187e-05,0.001184486
4591,0.0009062225995067921,0.0009062225995067921,5.9248477407239066e-05,0.0011806013
4592,0.0008955323331368467,0.0008955323331368467,6.103653013395968e-05,0.001187701
4593,0.0009055480477400124,0.0009055480477400124,5.9778024116299536e-05,0.0011834576
4594,0.0008998055929421551,0.0008998055929421551,5.9460442927989414e-05,0.0011741564
4595,0.000902048803658949,0.000902048803658949,5.8593381884482674e-05,0.0011745269
4596,0.0009038529203583797,0.0009038529203583797,6.125014932018126e-05,0.0011856001
4597,0.000905817127527876,0.000905817127527876,5.965424485970693e-05,0.0011758729
4598,0.0008975573401484224,0.0008975573401484224,6.531464145223728e-05,0.0011986142
4599,0.0008988574832781321,0.0008988574832781321,6.215480081929551e-05,0.0011832416
4600,0.0009082737249425716,0.0009082737249425716,5.9790459800663285e-05,0.0011792469
4601,0.0009067780907369322,0.0009067780907369322,5.9258165204785955e-05,0.0011934574
4602,0.0009002062880123656,0.0009002062880123656,5.899190391802891e-05,0.0011779461
4603,0.0009057872230187058,0.0009057872230187058,5.9035834750531535e-05,0.0011778706
4604,0.0009020050095083813,0.0009020050095083813,6.041742965875822e-05,0.0011766168
4605,0.00090395321086463,0.00090395321086463,6.0431004847435094e-05,0.0011882808
4606,0.0009043746382101542,0.0009043746382101542,6.235920413486283e-05,0.0011807965
4607,0.0008957548823673278,0.0008957548823673278,5.8202322479574934e-05,0.001184995
4608,0.0009066653670743108,0.0009066653670743108,5.9122284038595454e-05,0.0011790021
4609,0.0008970771864470509,0.0008970771864470509,5.918308336024186e-05,0.0011749303
4610,0.00089917497890484,0.00089917497890484,6.103610748229787e-05,0.0011819487
4611,0.0009078925100362136,0.0009078925100362136,5.7782827111117914e-05,0.0011839652
4612,0.0009029149168377949,0.0009029149168377949,6.19068677628497e-05,0.0011886217
4613,0.0009016643420586155,0.0009016643420586155,5.900181504330249e-05,0.0011847105
4614,0.0009036561655294564,0.0009036561655294564,6.202212471006558e-05,0.0011881378
4615,0.0008921280858986494,0.0008921280858986494,5.839455622778347e-05,0.0011978438
4616,0.0009102203210608826,0.0009102203210608826,5.887527284913732e-05,0.0011846828
4617,0.0009017815451241202,0.0009017815451241202,6.260618936140518e-05,0.0011731185
4618,0.0008982171653769911,0.0008982171653769911,6.18724801460265e-05,0.0011776367
4619,0.0009039967928806113,0.0009039967928806113,5.9595622767321607e-05,0.001177512
4620,0.0008997928157138328,0.0008997928157138328,6.030328954472629e-05,0.0011839266
4621,0.0008942604239564389,0.0008942604239564389,6.0049788639402223e-05,0.0011832194
4622,0.0009042346759492324,0.0009042346759492324,5.89197913238119e-05,0.0011831139
4623,0.0009042525935607652,0.0009042525935607652,5.861726272655687e-05,0.0011793186
4624,0.0008996855959089266,0.0008996855959089266,6.0701466457718175e-05,0.0011832485
4625,0.0009015658844469323,0.0009015658844469323,5.982422705225569e-05,0.0011750212
4626,0.0009005338134658006,0.0009005338134658006,5.971844740505124e-05,0.0011725867
4627,0.0009012999879713687,0.0009012999879713687,6.101075724763581e-05,0.0011827986
4628,0.0009001238646710085,0.0009001238646710085,5.9656911296694186e-05,0.0011798741
4629,0.0009044461987084812,0.0009044461987084812,5.9566903029740894e-05,0.0011747826
4630,0.0009074268461618986,0.0009074268461618986,6.61908400085546e-05,0.0011768355
4631,0.0008979260714517699,0.0008979260714517699,6.011132794204362e-05,0.0011796362
4632,0.0009044222171521849,0.0009044222171521849,6.048255059523358e-05,0.001180083
4633,0.0008995421722324358,0.0008995421722324358,6.0913865195288966e-05,0.0011787275
4634,0.0009035252681415942,0.0009035252681415942,5.875419842595875e-05,0.001190273
4635,0.0009088377921014196,0.0009088377921014196,5.90446781245646e-05,0.0011860348
4636,0.000906963139358494,0.000906963139358494,6.210442061526717e-05,0.0011867457
4637,0.0009003855055198073,0.0009003855055198073,6.312939329239005e-05,0.001188004
4638,0.0008973259802183344,0.0008973259802183344,6.033788139032165e-05,0.001176165
4639,0.0008952252333983779,0.0008952252333983779,5.956572774152846e-05,0.0011813217
4640,0.0009030029565716783,0.0009030029565716783,5.934089097271074e-05,0.0011752425
4641,0.000900712980526603,0.000900712980526603,5.932245944590717e-05,0.0011779974
4642,0.0009030844938630859,0.0009030844938630859,5.845484027007488e-05,0.0011770872
4643,0.0008967258372447556,0.0008967258372447556,5.9996971831171526e-05,0.0011800517
4644,0.0008978925516001052,0.0008978925516001052,5.99684226216214e-05,0.0011771027
4645,0.0008954846649430692,0.0008954846649430692,5.925218045427351e-05,0.0011836935
4646,0.0009015162216706408,0.0009015162216706408,5.879936364957909e-05,0.0011802677
4647,0.0008982436291666494,0.0008982436291666494,5.901178374945933e-05,0.0011751672
4648,0.0008977687128612564,0.0008977687128612564,5.897642047582647e-05,0.0011847579
4649,0.0008956696475959486,0.0008956696475959486,5.954596182365811e-05,0.0011804003
4650,0.0009035422182124522,0.0009035422182124522,5.903948624976538e-05,0.0011793559
4651,0.0009025232944016655,0.0009025232944016655,5.8627419781171534e-05,0.0011826596
4652,0.0008999607655116253,0.0008999607655116253,6.23758706751687e-05,0.001177341
4653,0.0009071857797809773,0.0009071857797809773,5.907850664136226e-05,0.0011729932
4654,0.000899775785445753,0.000899775785445753,5.987870532635498e-05,0.0011774609
4655,0.000901681751323243,0.000901681751323243,5.8123201073259326e-05,0.0011786509
4656,0.0008994069454881052,0.0008994069454881052,5.8383102950508734e-05,0.0011883753
4657,0.0008981307037174702,0.0008981307037174702,5.618119561650654e-05,0.0011845449
4658,0.0008932588220987883,0.0008932588220987883,6.071227414960529e-05,0.0011928774
4659,0.0008983828644785616,0.0008983828644785616,5.8857892666234574e-05,0.0011774164
4660,0.0008970883429153926,0.0008970883429153926,6.23310575007727e-05,0.0011792696
4661,0.0008970087264767951,0.0008970087264767951,6.015527775034002e-05,0.0011791451
4662,0.0009011309050644437,0.0009011309050644437,5.986657210617826e-05,0.0011801933
4663,0.000899235856357134,0.000899235856357134,6.303371944811589e-05,0.0011763341
4664,0.000895912290757729,0.000895912290757729,6.075538618941007e-05,0.0011849926
4665,0.0009009638736541901,0.0009009638736541901,6.099711558060032e-05,0.0011831141
4666,0.0009067802211373216,0.0009067802211373216,5.958549402925605e-05,0.0011853068
4667,0.0008988828514702619,0.0008988828514702619,6.063949322954916e-05,0.0011812582
4668,0.0009019406615859932,0.0009019406615859932,6.124296738537143e-05,0.0011750632
4669,0.0008973842835985124,0.0008973842835985124,6.185247310048522e-05,0.0011900846
4670,0.0009045136872575515,0.0009045136872575515,5.971620169589187e-05,0.0011757975
4671,0.0009061371881721748,0.0009061371881721748,5.9793686635127115e-05,0.0011765994
4672,0.0009072721909938587,0.0009072721909938587,6.664606086351152e-05,0.0011735664
4673,0.0008960553128013595,0.0008960553128013595,6.168585719371499e-05,0.0011798617
4674,0.0009026635903865099,0.0009026635903865099,5.990781851235027e-05,0.0011792982
4675,0.000909723318181932,0.000909723318181932,6.113837807283238e-05,0.0011773752
4676,0.0009028282947838306,0.0009028282947838306,5.926938248295402e-05,0.0011776474
4677,0.0008993861976907485,0.0008993861976907485,6.397786501970673e-05,0.0011779544
4678,0.0008980378392152488,0.0008980378392152488,5.92751596109843e-05,0.0011835753
4679,0.0008990928595368233,0.0008990928595368233,6.037248165470367e-05,0.0011802438
4680,0.0009025246086012986,0.0009025246086012986,6.250092518603386e-05,0.0011796393
4681,0.0008981275436882344,0.0008981275436882344,6.208555293481213e-05,0.0011793445
4682,0.0009048060682188305,0.0009048060682188305,5.933012558014323e-05,0.0011799891
4683,0.0009005775739852753,0.0009005775739852753,6.0227332776088516e-05,0.0011817588
4684,0.0009016623836942018,0.0009016623836942018,5.894957899782819e-05,0.0011838963
4685,0.0009011533538190027,0.0009011533538190027,5.874663315176399e-05,0.0011759732
4686,0.0009010134355372025,0.0009010134355372025,6.429761801586645e-05,0.0011790805
4687,0.0008975666650157007,0.0008975666650157007,5.972338347469809e-05,0.0011784214
4688,0.0009090494235149689,0.0009090494235149689,5.9120718390204274e-05,0.0011771625
4689,0.0009005560578467946,0.0009005560578467946,6.31422127730847e-05,0.001179042
4690,0.0008955668761498398,0.0008955668761498398,5.872636166104586e-05,0.0011849235
4691,0.0008967239810671243,0.0008967239810671243,6.236179240570492e-05,0.0011800588
4692,0.0009016009021757378,0.0009016009021757378,6.27844077623902e-05,0.0011793815
4693,0.0008996474867065747,0.0008996474867065747,6.075771032353967e-05,0.0011813304
4694,0.0009046308709205025,0.0009046308709205025,6.138246546925075e-05,0.0011865803
4695,0.000901673907517559,0.000901673907517559,6.016097384215552e-05,0.0011871443
4696,0.0009020496133921874,0.0009020496133921874,5.9975026157290913e-05,0.0011770943
4697,0.0008933125936891884,0.0008933125936891884,6.507783329586421e-05,0.0011807772
4698,0.000899891679485639,0.000899891679485639,6.155352952595826e-05,0.001184416
4699,0.0008966832641615636,0.0008966832641615636,5.960868666332115e-05,0.001185805
4700,0.0008937348029576242,0.0008937348029576242,5.889417096811813e-05,0.0011814465
4701,0.0009023446757863793,0.0009023446757863793,6.360625141294602e-05,0.0011824925
4702,0.0008973778962778549,0.0008973778962778549,5.95264704422998e-05,0.0011822215
4703,0.0008983194944448769,0.0008983194944448769,5.893160475179589e-05,0.0011887172
4704,0.0008967920219422215,0.0008967920219422215,6.072155294734532e-05,0.0011827648
4705,0.0008976531266752216,0.0008976531266752216,5.9151414523562885e-05,0.0011832204
4706,0.0009014319822502633,0.0009014319822502633,6.509854953896542e-05,0.001179196
4707,0.0009005576281601356,0.0009005576281601356,6.030036198430998e-05,0.0011760296
4708,0.0008939038134283489,0.0008939038134283489,5.9539598315596876e-05,0.001173004
4709,0.0009053822619737022,0.0009053822619737022,6.365815201863572e-05,0.0011793673
4710,0.0008990516743829681,0.0008990516743829681,5.885742687945752e-05,0.0011784092
4711,0.0009017115510586236,0.0009017115510586236,5.824709021832556e-05,0.0011807226
4712,0.0008972885591598848,0.0008972885591598848,5.9246934110667047e-05,0.0011788559
4713,0.0009008472339094927,0.0009008472339094927,5.9497467049772646e-05,0.0011783863
4714,0.0009066930622793734,0.0009066930622793734,5.977645635337265e-05,0.0011770172
4715,0.0008974003114013209,0.0008974003114013209,6.166266584462695e-05,0.001176062
4716,0.0008970106318075624,0.0008970106318075624,6.102694103794369e-05,0.0011813603
4717,0.0008982290863059461,0.0008982290863059461,6.01318132011228e-05,0.0011776828
4718,0.0008938839717302471,0.0008938839717302471,6.0628635520111454e-05,0.001183061
4719,0.000899374918339567,0.000899374918339567,6.55757885599289e-05,0.0011808081
4720,0.0008963190277831422,0.0008963190277831422,5.996958272223512e-05,0.0011747909
4721,0.0008987542642797861,0.0008987542642797861,5.9305095636672276e-05,0.0011812827
4722,0.0008948660804890096,0.0008948660804890096,5.90352382734712e-05,0.0011822972
4723,0.0008988179486348397,0.0008988179486348397,6.069573073531743e-05,0.0011799771
4724,0.0009070366439926955,0.0009070366439926955,6.223039418323929e-05,0.001176818
4725,0.0008968421659018431,0.0008968421659018431,6.039750206936232e-05,0.0011787829
4726,0.0009026356714053286,0.0009026356714053286,5.868591945501936e-05,0.0011770652
4727,0.0008973601371205102,0.0008973601371205102,6.003274340066077e-05,0.0011859996
4728,0.0008974733309716815,0.0008974733309716815,6.199218558056903e-05,0.0011783589
4729,0.0008961104839626285,0.0008961104839626285,5.8355853607534096e-05,0.0011767626
4730,0.0008992724663888415,0.0008992724663888415,5.8708857918393025e-05,0.0011797135
4731,0.0008963520108308229,0.0008963520108308229,6.074940522658383e-05,0.001178643
4732,0.0008941322474533485,0.0008941322474533485,5.9905102030989434e-05,0.0011751634
4733,0.0008989818484729363,0.0008989818484729363,6.0256155529714305e-05,0.0011773489
4734,0.0008991657419958048,0.0008991657419958048,5.913981743424933e-05,0.0011760168
4735,0.0008990645512110657,0.0008990645512110657,6.049659499072706e-05,0.0011731426
4736,0.000899739241382728,0.000899739241382728,6.043567946360579e-05,0.0011781802
4737,0.0008932289033610788,0.0008932289033610788,6.1004804914451444e-05,0.0011811429
4738,0.0008985172375105321,0.0008985172375105321,5.8255018379958936e-05,0.0011820118
4739,0.000895713607314974,0.000895713607314974,5.844974357892675e-05,0.0011786451
4740,0.0008969279432979722,0.0008969279432979722,6.176215009771922e-05,0.0011790954
4741,0.0008934651035815477,0.0008934651035815477,6.269996024962488e-05,0.0011862557
4742,0.0008936464094505128,0.0008936464094505128,5.968812640667743e-05,0.0011772964
4743,0.0008977770598398314,0.0008977770598398314,5.948041151163529e-05,0.0011775232
4744,0.0009023479147193332,0.0009023479147193332,5.935572390601212e-05,0.001178841
4745,0.0009023563147315548,0.0009023563147315548,6.057764020081575e-05,0.001177873
4746,0.0009031461525915397,0.0009031461525915397,6.093452157090143e-05,0.0011727292
4747,0.0008990435990401441,0.0008990435990401441,6.223170254600063e-05,0.0011770361
4748,0.0008998957669569387,0.0008998957669569387,5.955250785960844e-05,0.0011807481
4749,0.0009012598518489135,0.0009012598518489135,5.9070699549066164e-05,0.0011765297
4750,0.0009002944907276994,0.0009002944907276994,6.006455763554186e-05,0.0011746128
4751,0.0009054102805546589,0.0009054102805546589,6.335974165065434e-05,0.0011794218
4752,0.0008960074447612796,0.0008960074447612796,5.9926354586221146e-05,0.0011794933
4753,0.0008975964492290384,0.0008975964492290384,5.963080552015122e-05,0.0011748454
4754,0.0008965870313760307,0.0008965870313760307,5.943149808950289e-05,0.0011771976
4755,0.0008918427875161999,0.0008918427875161999,6.228943518904215e-05,0.0011800249
4756,0.0009024719500707255,0.0009024719500707255,6.093007755730974e-05,0.001175303
4757,0.0009011998087064259,0.0009011998087064259,6.208708610099873e-05,0.0011859349
4758,0.0009001400722708139,0.0009001400722708139,5.914244180888299e-05,0.0011761772
4759,0.0008977546537708905,0.0008977546537708905,6.272279540111311e-05,0.0011802404
4760,0.0008938847303700943,0.0008938847303700943,5.971993589608044e-05,0.0011811344
4761,0.0009063050823493136,0.0009063050823493136,6.320714634880808e-05,0.0011775985
4762,0.0008974239359506302,0.0008974239359506302,6.445734936480423e-05,0.0011787105
4763,0.0008961991497522427,0.0008961991497522427,5.958246074947561e-05,0.0011778597
4764,0.0008923125168722537,0.0008923125168722537,5.9724390768127e-05,0.0011767941
4765,0.0008931484409711427,0.0008931484409711427,5.856946058434194e-05,0.0011759162
4766,0.0008945008920919564,0.0008945008920919564,6.003805889854953e-05,0.0011805895
4767,0.0008961640285431511,0.0008961640285431511,5.99811473054817e-05,0.0011800386
4768,0.00089644465673094,0.00089644465673094,6.016549891809417e-05,0.0011762002
4769,0.0008966289965125422,0.0008966289965125422,5.919610227730724e-05,0.0011780995
4770,0.0008948797631698351,0.0008948797631698351,6.00496093584171e-05,0.0011762535
4771,0.0008983534191631608,0.0008983534191631608,6.227732478739275e-05,0.001177453
4772,0.0008988349103472299,0.0008988349103472299,6.0298896841004535e-05,0.001176181
4773,0.0008971205201103456,0.0008971205201103456,5.965310351838424e-05,0.0011893053
4774,0.0008959440592055519,0.0008959440592055519,6.09942746197905e-05,0.0011767858
4775,0.0008949785325158802,0.0008949785325158802,5.907923203036776e-05,0.001181702
4776,0.0008957809574591616,0.0008957809574591616,6.024698989379986e-05,0.0011754503
4777,0.0008968347192017569,0.0008968347192017569,6.0186566326020994e-05,0.0011738678
4778,0.0008997486516212423,0.0008997486516212423,6.382740432968604e-05,0.0011787524
4779,0.0008965218581983613,0.0008965218581983613,5.967001900065346e-05,0.0011772638
4780,0.0008963237581257191,0.0008963237581257191,6.225473966594563e-05,0.0011805734
4781,0.000892848205856151,0.000892848205856151,6.017090252170318e-05,0.0011827883
4782,0.0008990166838177377,0.0008990166838177377,5.922301933559816e-05,0.0011750783
4783,0.0008943293243646622,0.0008943293243646622,6.037270986370105e-05,0.0011800757
4784,0.0009024635086663895,0.0009024635086663895,6.0031132605015756e-05,0.0011762709
4785,0.0008981126916801764,0.0008981126916801764,5.841642961412516e-05,0.0011788445
4786,0.0008941120364599757,0.0008941120364599757,5.969182653555234e-05,0.0011785007
4787,0.0008921378162792987,0.0008921378162792987,6.044170230284054e-05,0.0011828506
4788,0.0008961894277793665,0.0008961894277793665,5.990123847925904e-05,0.0011748082
4789,0.0008952073183738523,0.0008952073183738523,5.9099218081352474e-05,0.0011790746
4790,0.0008925428562280204,0.0008925428562280204,5.925801039102415e-05,0.0011748986
4791,0.000894038630132046,0.000894038630132046,6.017597184377147e-05,0.0011797189
4792,0.0008975591019002928,0.0008975591019002928,5.837053542402752e-05,0.0011766579
4793,0.0008996672798982925,0.0008996672798982925,5.990563866610109e-05,0.0011765779
4794,0.0008950381074100733,0.0008950381074100733,5.909554192518287e-05,0.001176201
4795,0.0008969813326580657,0.0008969813326580657,5.9503595564870515e-05,0.0011799253
4796,0.0008984951742200388,0.0008984951742200388,5.899420681190451e-05,0.0011775459
4797,0.0008979293944624563,0.0008979293944624563,5.887726477580044e-05,0.0011793046
4798,0.000893633737642732,0.000893633737642732,6.134184645058364e-05,0.0011735018
4799,0.0008966842420502669,0.0008966842420502669,6.234953776369265e-05,0.0011805261
4800,0.000897736653375129,0.000897736653375129,5.870222527038196e-05,0.0011784158
4801,0.0009001226630061865,0.0009001226630061865,6.038505035677291e-05,0.0011802302
4802,0.0008900141485759782,0.0008900141485759782,5.967948370084741e-05,0.0011746741
4803,0.0008944806914466123,0.0008944806914466123,5.939193335772567e-05,0.0011789968
4804,0.000892994181615197,0.000892994181615197,5.918925490028136e-05,0.0011771973
4805,0.0009003850967726774,0.0009003850967726774,5.9450335950196456e-05,0.0011787396
4806,0.0009036471304069791,0.0009036471304069791,5.937894454998766e-05,0.0011727163
4807,0.0008934049530782633,0.0008934049530782633,6.039970411140732e-05,0.0011767822
4808,0.0009060848232669134,0.0009060848232669134,5.97338517489258e-05,0.0011829099
4809,0.0008964328987834354,0.0008964328987834354,5.957186074157208e-05,0.001178093
4810,0.0008964692837455207,0.0008964692837455207,5.9965434745024024e-05,0.0011756886
4811,0.0008949269760503537,0.0008949269760503537,5.822997123030089e-05,0.0011823156
4812,0.0008999025061105689,0.0008999025061105689,6.189670711119138e-05,0.001181889
4813,0.0009004243494321903,0.0009004243494321903,6.134140760549498e-05,0.0011771431
4814,0.0008957555750384927,0.0008957555750384927,6.155121745954833e-05,0.0011825205
4815,0.0008955364684677786,0.0008955364684677786,5.983443552490068e-05,0.0011769328
4816,0.0008955584334520002,0.0008955584334520002,6.0536678553364035e-05,0.0011761612
4817,0.0009137137430823511,0.0009137137430823511,6.024038702826652e-05,0.0011819714
4818,0.0008997882095475991,0.0008997882095475991,5.989220095695321e-05,0.0011808858
4819,0.0008949730920398401,0.0008949730920398401,5.990656107491708e-05,0.0011771979
4820,0.0008919159467849466,0.0008919159467849466,5.926250217764088e-05,0.0011820189
4821,0.0008935549477529195,0.0008935549477529195,6.401774559587163e-05,0.0011738884
4822,0.0008975939333645833,0.0008975939333645833,5.9885605092723106e-05,0.0011814388
4823,0.0008936015552737646,0.0008936015552737646,6.01522700890595e-05,0.0011711178
4824,0.0008958354825153947,0.0008958354825153947,6.324969772890654e-05,0.0011777938
4825,0.0008953540702350438,0.0008953540702350438,6.0352155485550915e-05,0.001177748
4826,0.00089322623421645,0.00089322623421645,6.106685921420447e-05,0.0011797647
4827,0.000892621459853318,0.000892621459853318,5.964405442379454e-05,0.0011790944
4828,0.000899041186655975,0.000899041186655975,5.90069967857845e-05,0.0011772925
4829,0.000896471249870956,0.000896471249870956,6.43165718195683e-05,0.0011811724
4830,0.0008895463251974434,0.0008895463251974434,5.9585703581098594e-05,0.0011774603
4831,0.0008987721922393474,0.0008987721922393474,5.863459677240002e-05,0.0011780314
4832,0.0008946035290136933,0.0008946035290136933,6.266889134091495e-05,0.0011785439
4833,0.0008919495836986849,0.0008919495836986849,6.28522433768492e-05,0.0011782327
4834,0.0008974617554081811,0.0008974617554081811,6.304566927358084e-05,0.0011759205
4835,0.0008946249895315203,0.0008946249895315203,5.9441827602313424e-05,0.0011762046
4836,0.0008988241729740468,0.0008988241729740468,5.9868056544113796e-05,0.0011750505
4837,0.0008951224334951904,0.0008951224334951904,5.9506025532993535e-05,0.0011739191
4838,0.0008958906025832725,0.0008958906025832725,5.9246479203365094e-05,0.0011786363
4839,0.0008931783920464416,0.0008931783920464416,5.9746415942956646e-05,0.0011806621
4840,0.0008961752574476931,0.0008961752574476931,5.821455460508989e-05,0.0011820504
4841,0.0008978790862278806,0.0008978790862278806,6.0154762730806825e-05,0.0011753507
4842,0.0008915254897955391,0.0008915254897955391,6.0909967480348035e-05,0.0011778754
4843,0.0008947485488735968,0.0008947485488735968,6.0398552891961625e-05,0.0011725837
4844,0.0008956399190032648,0.0008956399190032648,5.934667417314499e-05,0.0011838018
4845,0.0009022407220780021,0.0009022407220780021,6.0243698963960115e-05,0.0011798907
4846,0.0008986103633004758,0.0008986103633004758,5.991758572589687e-05,0.0011795976
4847,0.0008957133783648411,0.0008957133783648411,5.919050156535377e-05,0.0011753517
4848,0.0008969759568572044,0.0008969759568572044,6.064930836705192e-05,0.0011773213
4849,0.0008912369388983482,0.0008912369388983482,6.28508168018824e-05,0.001174312
4850,0.0008993639985823797,0.0008993639985823797,6.118872355879527e-05,0.001177263
4851,0.0008938686715232001,0.0008938686715232001,5.861171889402309e-05,0.0011807131
4852,0.0009014991241403752,0.0009014991241403752,5.949614820666385e-05,0.0011767459
4853,0.0009004256558708018,0.0009004256558708018,5.921168181283557e-05,0.0011759396
4854,0.0008969341184840434,0.0008969341184840434,6.144314224974955e-05,0.0011780395
4855,0.0008925417826200525,0.0008925417826200525,6.011284127080469e-05,0.0011782297
4856,0.0008957327757444646,0.0008957327757444646,5.857218421725621e-05,0.001176553
4857,0.0008962725121010508,0.0008962725121010508,6.033703343114717e-05,0.0011749755
4858,0.0008924998381795983,0.0008924998381795983,6.281187093514341e-05,0.0011789015
4859,0.0008886491828080681,0.0008886491828080681,6.066038926511277e-05,0.0011772842
4860,0.0008993434706806309,0.0008993434706806309,6.202321942273177e-05,0.001175827
4861,0.0008910101049372719,0.0008910101049372719,6.164784942118079e-05,0.0011743291
4862,0.0008955815121428006,0.0008955815121428006,5.890538116533308e-05,0.0011804668
4863,0.0008945840902419554,0.0008945840902419554,6.291692033389356e-05,0.0011777072
4864,0.0008977140752702123,0.0008977140752702123,5.94081442939295e-05,0.0011765683
4865,0.0008906589006073773,0.0008906589006073773,5.970727983803196e-05,0.0011761711
4866,0.0008917955241890417,0.0008917955241890417,5.956367918366191e-05,0.0011784373
4867,0.000892540750404199,0.000892540750404199,5.9428312804104485e-05,0.0011769267
4868,0.0008955095170272721,0.0008955095170272721,5.9979205379079306e-05,0.0011776903
4869,0.000892049454463025,0.000892049454463025,6.211114959139903e-05,0.0011755155
4870,0.0008988339997207125,0.0008988339997207125,6.0428470352589e-05,0.0011794887
4871,0.0009008204460971886,0.0009008204460971886,6.174836047042238e-05,0.0011788489
4872,0.0008921269702518152,0.0008921269702518152,5.985605642890117e-05,0.0011777813
4873,0.0008940717231275307,0.0008940717231275307,6.164572560010128e-05,0.0011865259
4874,0.0008965964015159342,0.0008965964015159342,6.342541020387671e-05,0.0011808724
4875,0.0008934330182253486,0.0008934330182253486,5.978206663586308e-05,0.0011773664
4876,0.0008978477498102519,0.0008978477498102519,6.0235639100230604e-05,0.0011827791
4877,0.0009061572167815433,0.0009061572167815433,6.0129936937237796e-05,0.0011784469
4878,0.0008930084825907316,0.0008930084825907316,6.115763347780659e-05,0.0011796183
4879,0.0008954057967962905,0.0008954057967962905,6.078918816112062e-05,0.001178939
4880,0.0009013687027618289,0.0009013687027618289,6.11227016734726e-05,0.001175966
4881,0.0009005956765678194,0.0009005956765678194,6.062089889364112e-05,0.0011751527
4882,0.0008971925255739026,0.0008971925255739026,5.946042999261812e-05,0.0011846491
4883,0.0008981132866918213,0.0008981132866918213,6.029855383818333e-05,0.0011820109
4884,0.0008948947205984344,0.0008948947205984344,6.370196998735582e-05,0.0011751817
4885,0.0008981135305172453,0.0008981135305172453,6.003169512906779e-05,0.0011754918
4886,0.0008951717728955879,0.0008951717728955879,5.928921846134472e-05,0.0011791679
4887,0.0008963056814132465,0.0008963056814132465,6.269144868787811e-05,0.0011782394
4888,0.000895065649981714,0.000895065649981714,6.318476730452617e-05,0.001177069
4889,0.0008964653928867645,0.0008964653928867645,5.906642294980379e-05,0.0011783662
4890,0.0008997416123747825,0.0008997416123747825,5.9634892999661635e-05,0.0011777142
4891,0.0008956709022944172,0.0008956709022944172,6.70282720569225e-05,0.0011766707
4892,0.0008978178258985281,0.0008978178258985281,6.314298745451197e-05,0.001177585
4893,0.0008969386690296233,0.0008969386690296233,6.2258241617504e-05,0.0011808282
4894,0.0008919873042032122,0.0008919873042032122,5.9651183846969815e-05,0.0011785773
4895,0.0008906525740813878,0.0008906525740813878,5.9804849436005826e-05,0.0011781068
4896,0.0008951877787088355,0.0008951877787088355,5.918475032065847e-05,0.0011773111
4897,0.000897191270875434,0.000897191270875434,6.077896010133878e-05,0.0011806946
4898,0.0008965651220124628,0.0008965651220124628,5.9838234375399045e-05,0.0011775619
4899,0.0008946411311626434,0.0008946411311626434,5.946307707434231e-05,0.0011777019
4900,0.0008971735459959341,0.0008971735459959341,5.93079173465109e-05,0.0011770548
4901,0.0008934785974108511,0.0008934785974108511,6.080272915419806e-05,0.0011785622
4902,0.0008964819096339246,0.0008964819096339246,6.313789724213197e-05,0.0011777125
4903,0.0008916626102291048,0.0008916626102291048,6.335297271991496e-05,0.001180356
4904,0.0008931075869542029,0.0008931075869542029,5.99763557610168e-05,0.0011735104
4905,0.0008914103899668488,0.0008914103899668488,5.941154069704327e-05,0.0011792802
4906,0.0008904898293419845,0.0008904898293419845,6.0199314119320965e-05,0.0011787093
4907,0.000896862184163183,0.000896862184163183,5.8842763506719264e-05,0.00117498
4908,0.0008938018090298606,0.0008938018090298606,6.47525951162859e-05,0.0011798652
4909,0.0008912064510190653,0.0008912064510190653,5.913492738977134e-05,0.0011777041
4910,0.0008915823341036837,0.0008915823341036837,6.0275288573387166e-05,0.0011755056
4911,0.000892889071514623,0.000892889071514623,6.455518721645662e-05,0.0011791732
4912,0.0008950499015756779,0.0008950499015756779,5.9633306892692414e-05,0.0011772173
4913,0.0008959788809685657,0.0008959788809685657,5.902271384016839e-05,0.0011778411
4914,0.0008935057260613475,0.0008935057260613475,6.021602368820014e-05,0.0011794065
4915,0.0009016504899288217,0.0009016504899288217,6.329910707813093e-05,0.0011790603
4916,0.0008913043226736287,0.0008913043226736287,6.0194539312953386e-05,0.001174722
4917,0.0008962843386042449,0.0008962843386042449,5.911138573032481e-05,0.0011822002
4918,0.0008962092442541486,0.0008962092442541486,5.9661522540308295e-05,0.0011800769
4919,0.000897534371405426,0.000897534371405426,6.091550031896986e-05,0.0011801522
4920,0.0008954057379418777,0.0008954057379418777,6.186098647426894e-05,0.0011795519
4921,0.0008962139383786254,0.0008962139383786254,5.905941481967325e-05,0.0011782972
4922,0.0008915021433494985,0.0008915021433494985,5.954178748892345e-05,0.0011770047
4923,0.0008953127621983488,0.0008953127621983488,5.9669953346820474e-05,0.0011765538
4924,0.0008956290147681203,0.0008956290147681203,5.935112150453491e-05,0.0011729333
4925,0.0008983591105788946,0.0008983591105788946,6.374406743374392e-05,0.001179004
4926,0.0008892933107239919,0.0008892933107239919,6.456278711944998e-05,0.0011777257
4927,0.0008912409500529369,0.0008912409500529369,5.986918383658551e-05,0.0011761768
4928,0.0009001728218410992,0.0009001728218410992,6.380509590826477e-05,0.0011759535
4929,0.0008936056918982002,0.0008936056918982002,6.109499102819882e-05,0.0011768306
4930,0.0009020338481706049,0.0009020338481706049,6.012774494897776e-05,0.001181803
4931,0.0008946910241825713,0.0008946910241825713,6.785848083584117e-05,0.0011764199
4932,0.0008967076699870328,0.0008967076699870328,5.905735151511888e-05,0.0011789916
4933,0.0009032446748784018,0.0009032446748784018,6.41567696681654e-05,0.0011787933
4934,0.0008934888936993149,0.0008934888936993149,6.078505341457053e-05,0.0011778919
4935,0.0008917416497651073,0.0008917416497651073,6.648122842965639e-05,0.0011787644
4936,0.0008929660854240258,0.0008929660854240258,6.0333837705823295e-05,0.0011773003
4937,0.0008935988621993198,0.0008935988621993198,5.941745543541149e-05,0.0011770602
4938,0.0008923831201779346,0.0008923831201779346,6.415704182624419e-05,0.001176293
4939,0.0008978269748493201,0.0008978269748493201,6.346676667716464e-05,0.001179481
4940,0.0008989019513440629,0.0008989019513440629,6.36313241060233e-05,0.0011752965
4941,0.0008984550316300657,0.0008984550316300657,6.023309439003002e-05,0.0011762505
4942,0.0008962615470712383,0.0008962615470712383,6.012451653004063e-05,0.0011759968
4943,0.0008906569939831065,0.0008906569939831065,6.043260298882716e-05,0.0011796779
4944,0.0008913250251983603,0.0008913250251983603,6.546156185404723e-05,0.0011784238
4945,0.0008907305581184725,0.0008907305581184725,6.330594065657477e-05,0.0011777199
4946,0.0008922985483271381,0.0008922985483271381,6.253510343109761e-05,0.0011788906
4947,0.0008993708179332316,0.0008993708179332316,5.9246218864375226e-05,0.0011779474
4948,0.0008969467792970439,0.0008969467792970439,6.326115968009718e-05,0.0011753229
4949,0.0008971189976566368,0.0008971189976566368,6.063130879030925e-05,0.001177773
4950,0.0008988161571323872,0.0008988161571323872,6.024093933724038e-05,0.0011775485
4951,0.0008955262717790901,0.0008955262717790901,5.9930931075768965e-05,0.0011757435
4952,0.0008976947205762069,0.0008976947205762069,5.943038973504776e-05,0.0011754241
4953,0.0008949037537806564,0.0008949037537806564,5.9751672000945495e-05,0.0011774896
4954,0.0008910721672388415,0.0008910721672388415,5.978583938599513e-05,0.001180676
4955,0.000896845508315083,0.000896845508315083,5.964719443277823e-05,0.0011811105
4956,0.000901011381453524,0.000901011381453524,6.21016761534242e-05,0.0011739001
4957,0.0008944628410972655,0.0008944628410972655,6.34258209048413e-05,0.0011778799
4958,0.0009022618682744603,0.0009022618682744603,5.918910381915844e-05,0.0011784924
4959,0.000894814375270572,0.000894814375270572,5.93008887221913e-05,0.0011782647
4960,0.000892018966583742,0.000892018966583742,5.994442820262217e-05,0.0011786117
4961,0.0008961466955952346,0.0008961466955952346,6.0373094409745436e-05,0.001176927
4962,0.0008913788414146337,0.0008913788414146337,6.368003895052728e-05,0.0011781806
4963,0.0008930715214875009,0.0008930715214875009,6.0112611721921086e-05,0.0011806587
4964,0.0008936973676706354,0.0008936973676706354,6.033825694278979e-05,0.0011759276
4965,0.0008920058232939077,0.0008920058232939077,6.0277558983696305e-05,0.0011778448
4966,0.0008933119592256844,0.0008933119592256844,5.9752676884943725e-05,0.0011799774
4967,0.0008885506669887238,0.0008885506669887238,5.937574011972578e-05,0.0011837397
4968,0.0008975257954767181,0.0008975257954767181,6.036636556119548e-05,0.001175912
4969,0.0008886226439952023,0.0008886226439952023,6.016076961227807e-05,0.0011803106
4970,0.0008893992816511956,0.0008893992816511956,5.947719254082686e-05,0.0011777324
4971,0.0008955856642892791,0.0008955856642892791,5.9826742441752384e-05,0.0011800618
4972,0.0008992094831127259,0.0008992094831127259,5.957888012946771e-05,0.0011780257
4973,0.0008917253438590301,0.0008917253438590301,6.005434943527158e-05,0.0011795962
4974,0.0008909320277679298,0.0008909320277679298,5.976631841804192e-05,0.0011773559
4975,0.0009012893825355503,0.0009012893825355503,5.948823557970526e-05,0.001177102
4976,0.0008907004233656658,0.0008907004233656658,6.213129145464791e-05,0.0011787048
4977,0.0008940062356284923,0.0008940062356284923,6.064804238374361e-05,0.0011752972
4978,0.0008933269561061429,0.0008933269561061429,6.107727300938373e-05,0.0011776892
4979,0.0008944889452929298,0.0008944889452929298,6.218995668203005e-05,0.0011787873
4980,0.000898767759402593,0.000898767759402593,5.925902193363678e-05,0.0011769856
4981,0.000895459764999234,0.000895459764999234,6.340484687154597e-05,0.001180976
4982,0.000899553540835364,0.000899553540835364,6.074544559370053e-05,0.0011828747
4983,0.0008990282076410949,0.0008990282076410949,6.219109225311413e-05,0.0011769502
4984,0.0008972347209540506,0.0008972347209540506,6.0311927105911104e-05,0.0011777919
4985,0.0008920858200225565,0.0008920858200225565,6.119539728817673e-05,0.0011776142
4986,0.0008965461747720838,0.0008965461747720838,6.07307185696805e-05,0.0011774845
4987,0.0008907963664063976,0.0008907963664063976,5.9302518016026954e-05,0.0011784784
4988,0.0008987625879752967,0.0008987625879752967,5.978695880596913e-05,0.0011756436
4989,0.0009010157237450282,0.0009010157237450282,6.258686950799428e-05,0.0011742006
4990,0.0008933743060980406,0.0008933743060980406,6.068316911998927e-05,0.0011765204
4991,0.0008894013616049455,0.0008894013616049455,6.0021314881167046e-05,0.001178949
4992,0.000898144982703444,0.000898144982703444,6.0169971844617164e-05,0.0011780121
4993,0.0008935973358651003,0.0008935973358651003,5.983919912229376e-05,0.0011796338
4994,0.0008915700865650757,0.0008915700865650757,6.331085017134481e-05,0.0011792537
4995,0.0008945936841579775,0.0008945936841579775,6.247411901411463e-05,0.0011804331
4996,0.0008945485447636909,0.0008945485447636909,6.420027477384139e-05,0.0011763469
4997,0.0008992966355031563,0.0008992966355031563,6.342216028703736e-05,0.0011759878
4998,0.0009027872687309153,0.0009027872687309153,6.0491132607904455e-05,0.0011786496
4999,0.000895890158911546,0.000895890158911546,5.915868458335657e-05,0.0011794075
5000,0.0008928780987237891,0.0008928780987237891,6.007725514464034e-05,0.0011792444
