{
  "X_mean": [
    0.000214906656765379,
    1346264.875
  ],
  "X_std": [
    3.0695974826812744,
    1863180.5
  ],
  "Y_mean": [
    0.5129523873329163,
    0.00016098754713311791
  ],
  "Y_std": [
    0.3046903908252716,
    3.0594606399536133
  ]
}