epoch,loss,data_loss,phys_loss,val_mse
1,0.3752601590421465,0.3739144649770525,0.026913823691971574,0.28112406
2,0.23911353862947887,0.23908740431070327,0.0005226962283409698,0.109807506
3,0.06287221055891778,0.06282494548294279,0.00094529963771528,0.03679201
4,0.03529543557928668,0.03527992119391759,0.00031028905632489846,0.02916941
5,0.02614850223892265,0.026133952372603946,0.0002909967870285376,0.01826808
6,0.019714277672270932,0.0197013472724292,0.0002586075587435562,0.016658766
7,0.016977388225495816,0.01695891318635808,0.0003695016592805208,0.013903142
8,0.014542024230791463,0.014514997001323434,0.000540543622902896,0.011278671
9,0.013207488796777196,0.01317910932832294,0.000567590032109601,0.011292549
10,0.011184220595492258,0.01117115838246213,0.0002612443293285299,0.0110062
11,0.013130218390789298,0.013113677946643696,0.0003308095470250313,0.008957691
12,0.009944769057134787,0.00992246882783042,0.0004460045780604105,0.0069563566
13,0.006763935559946629,0.006756511604827311,0.00014847874943421226,0.00448228
14,0.005355698040996989,0.005343792675476935,0.00023810762099035147,0.0045481166
15,0.003926121997129586,0.00391219441468517,0.0002785522708191163,0.004398102
16,0.0037172244033879705,0.0037050352224873174,0.000243784036937384,0.0028578448
17,0.004120623434169425,0.0041088962358319095,0.00023454426929679547,0.0034915328
18,0.0037614747079917125,0.0037475812016054986,0.00027787021846050505,0.002472876
19,0.0033883308940049674,0.0033777565384904545,0.00021148685633426548,0.0030591486
20,0.0034681439529069594,0.0034603717167758278,0.00015544491429355902,0.0033020233
21,0.0032766020546356836,0.0032643058233790927,0.0002459245012543773,0.0022479445
22,0.0052404897106397485,0.005232832795526419,0.00015313882568802247,0.0075653596
23,0.004063190995819039,0.004052433262889584,0.0002151549288906793,0.004468529
24,0.004659156734123826,0.004652451858338382,0.0001340973147499513,0.00263868
25,0.003454926664320131,0.003444851867647635,0.00020149614733276798,0.005188903
26,0.00308566488739517,0.0030767081796915993,0.000179133913210351,0.0023906701
27,0.002614994272072282,0.0026066292775794864,0.00016729985652040745,0.0030713335
28,0.0023430218092269366,0.0023363242598457468,0.00013395098638903214,0.002120775
29,0.002487183949496183,0.0024803394270646903,0.00013689059647793063,0.003877536
30,0.004028559874536263,0.004021834677809643,0.00013450356134841158,0.005511172
31,0.004417855333950785,0.004406029894016683,0.00023650895539763177,0.0055757007
32,0.0030094329733401535,0.003000309150148597,0.0001824764032474175,0.0037073158
33,0.0028603197877398795,0.002855159564771586,0.00010320464585868746,0.002993118
34,0.002532721429856287,0.002527667025828527,0.00010108823363326438,0.0035281347
35,0.0027830125738142267,0.0027763265650719406,0.00013372035503178065,0.002368651
36,0.002987114265043702,0.002977724554431107,0.0001877943500321185,0.0026726685
37,0.0026487381094031865,0.0026429013193895417,0.0001167356942719127,0.002671003
38,0.0027434473546842733,0.0027381617886324725,0.00010571112921537759,0.0032700824
39,0.003907916260262331,0.003900459682982829,0.0001491314232573081,0.0035561763
40,0.003205547743063006,0.0031915729037589498,0.0002794970309008388,0.002004952
41,0.0024452913164471585,0.002441135258413851,8.312129287320304e-05,0.0052719507
42,0.003661473884454204,0.0036506833198169867,0.00021581120360573259,0.0043382375
43,0.005257652317070299,0.005249936464760039,0.00015431721340096122,0.011243987
44,0.004213001842920979,0.004192617608027326,0.00040768477121702065,0.0023864082
45,0.002951277763996687,0.002944780024699867,0.00012995483263264558,0.0034901241
46,0.0026305263499832817,0.0026220149515817563,0.0001702283502974448,0.00416745
47,0.0029075792162782618,0.0029029021582876644,9.354148256501086e-05,0.0021862632
48,0.0026723118654141823,0.0026675241068005564,9.575548149440592e-05,0.0033344324
49,0.0029408326501854593,0.0029323164968647892,0.0001703225916058167,0.0059346273
50,0.002902185226169725,0.0028971956784112586,9.979082128804273e-05,0.0028397474
51,0.0031434077562557325,0.003135356922737426,0.00016101663128094876,0.0037530018
52,0.002953278050861425,0.0029432085937716895,0.0002013892006678317,0.002241876
53,0.002454304361405472,0.0024449358616645137,0.0001873703131759028,0.0029851273
54,0.0023634804024671515,0.002357627309134437,0.00011706161503879128,0.0031934096
55,0.003629487693413264,0.0036226881383400822,0.00013599118803363632,0.003197299
56,0.002789145356251134,0.002780736848298046,0.00016817021235463592,0.0035755977
57,0.002499867952428758,0.0024941773153841496,0.00011381298094813216,0.0019780411
58,0.004003152284874684,0.003997229624332653,0.00011845351547587294,0.004140549
59,0.0053914547302863665,0.005377948535088863,0.00027012375398195824,0.0048374753
60,0.0033165027904841636,0.00330434648009638,0.00024312656769325257,0.0023374297
61,0.0022135600809835725,0.00220728667659892,0.00012546796159451645,0.0022934296
62,0.0022890891129564907,0.002282344518850247,0.0001348916218274512,0.0035905081
63,0.002623145163266195,0.002618855721731153,8.578870772705867e-05,0.003271259
64,0.0025970077504300407,0.0025896350956625407,0.00014745337119974363,0.0034140802
65,0.004168079501121408,0.0041603640291011995,0.0001543093230017926,0.0045735855
66,0.0028717231626311937,0.002865013984652857,0.0001341833339305746,0.0021866185
67,0.002632317350556453,0.0026272609079670576,0.00010112886648653409,0.006280826
68,0.0034364124721226593,0.0034236120435202286,0.0002560088777404755,0.0020304048
69,0.0021086029294464324,0.0021045749230931203,8.055990775896286e-05,0.002482138
70,0.0019103380773837367,0.0019051372202941114,0.00010401720018712189,0.002759141
71,0.0019390387460589409,0.0019341703038662672,9.736881407889087e-05,0.0020244909
72,0.002829681761148903,0.0028221515343627994,0.00015060429552325635,0.0033162462
73,0.0022754709572634763,0.002267356022881965,0.00016229876034393618,0.0026326994
74,0.003805213530237476,0.003797989416246613,0.00014448244594085226,0.0022057493
75,0.0027031162805441354,0.002695387125843101,0.00015458335602400237,0.00365308
76,0.0024550609808001254,0.00244637954617954,0.00017362872765147586,0.002765604
77,0.0034987378373949065,0.0034906822308484052,0.00016111180134935745,0.009565489
78,0.004340298998997443,0.004325445148990386,0.0002970765446070001,0.0021076524
79,0.0038688475731760265,0.00385566922939486,0.000263567592881802,0.0072736223
80,0.002885711537156668,0.002870022601241039,0.00031377888664536614,0.0038181653
81,0.0022756694298651484,0.002270419295463297,0.00010500245013121104,0.0041899793
82,0.0026218169937945075,0.0026150375035487944,0.0001355896924925067,0.0023087787
83,0.002497271885578003,0.0024852175808822113,0.00024108591804983042,0.0027074555
84,0.0021758032522888647,0.00216951933172014,0.0001256785076100818,0.0023783436
85,0.003236736292536888,0.003228727353012396,0.00016017907717132593,0.0033404643
86,0.0026532952570252947,0.002643726365123358,0.0001913775178261782,0.0020266902
87,0.0018753539486270811,0.0018697481783520845,0.00011211521889692648,0.0026892421
88,0.0019332964413074983,0.0019260343448776337,0.00014524175832029388,0.0024276034
89,0.002353477532354494,0.002347384509630501,0.00012186023766045454,0.0027783825
90,0.002603887559639083,0.0025972616237898666,0.00013251864420153777,0.0034012576
91,0.002119869974234866,0.0021140087861567735,0.00011722361021182021,0.0021452848
92,0.002600494291012486,0.0025959349961744414,9.118592077932543e-05,0.0018535673
93,0.0024468527977458306,0.002440274452480177,0.0001315670543402487,0.002246615
94,0.0021503700460824703,0.002141478396434751,0.00017783266249453945,0.0023110507
95,0.002151427989722126,0.0021436085381234685,0.00015638911232700693,0.00219328
96,0.0026101025235321785,0.0026007435206944745,0.00018717968161144287,0.0053375787
97,0.0030368785296256344,0.003027266351920035,0.00019224340840840644,0.0023212498
98,0.002739500037084023,0.002729707700200379,0.00019584685119424547,0.0028259752
99,0.001976565512207647,0.001970886291625599,0.00011358420792172789,0.002473182
100,0.0019924378695173398,0.0019862269413554005,0.0001242186679216199,0.0024877267
101,0.002000144858741098,0.001995229483064678,9.830755912759849e-05,0.0026672333
102,0.0021470607154899174,0.002139264764264226,0.00015591919022755164,0.002142602
103,0.002062631949471931,0.002056807623658743,0.00011648649841317946,0.0020046902
104,0.0022920750780031085,0.002284578831555943,0.00014992536185395188,0.0033472485
105,0.0025292165189360577,0.002523380724920167,0.00011671600947743678,0.0024478268
106,0.002091875687862436,0.002086499716258711,0.00010751953479607816,0.0027911507
107,0.003642368839225835,0.0036312986294635466,0.00022140382537448507,0.00612783
108,0.003365391811045508,0.0033589550914863747,0.0001287343854073697,0.002992201
109,0.0023358160759218865,0.0023294946540974907,0.00012642811207889002,0.0020677387
110,0.0020217486864162817,0.002016747013355295,0.00010003337815255186,0.003054244
111,0.0035664160063283313,0.0035561676964991624,0.00020496672411051501,0.0023051288
112,0.002408105929175185,0.0023988135003795226,0.0001858487361636839,0.001971594
113,0.00249746220652014,0.00248423137753788,0.00026461645493548584,0.0032568816
114,0.0025534404907375575,0.002541246034929322,0.00024388918086957448,0.0027974937
115,0.00232183704049223,0.0023145571997803117,0.0001455967682484448,0.002132236
116,0.0037302593985158537,0.003715649547262324,0.0002921970607227801,0.0035265808
117,0.0021801251672311788,0.002172389616154962,0.00015471109530077834,0.0016954638
118,0.0022557643707841633,0.002247756251340939,0.00016016226752041025,0.0038566247
119,0.00226900529426833,0.0022607718775462774,0.00016466832145012076,0.002664523
120,0.002339998451578948,0.002331869156720738,0.00016258565093746965,0.0020957044
121,0.0017995530299635396,0.001794285306500064,0.00010535455373757132,0.0018297784
122,0.002592838395179974,0.002586313132714066,0.00013050513705618666,0.004063506
123,0.002855763938795361,0.002848133090366092,0.00015261680560646102,0.0046802075
124,0.0042834097622997235,0.004269059574128025,0.00028700356499168975,0.003984905
125,0.0026277916790503593,0.0026160900610395603,0.00023403234928404498,0.0023237548
126,0.002184335364856654,0.0021763533379675613,0.00015964028247509926,0.0022062375
127,0.002335983949402968,0.002329437271691859,0.0001309334405339276,0.0035550487
128,0.0024888375670545633,0.0024826564334539903,0.00012362299737185526,0.0024407618
129,0.002774542986622287,0.0027660504061107834,0.0001698512229069138,0.002805417
130,0.003320086931085421,0.0033115488916842474,0.0001707611262709858,0.002657137
131,0.003064128598715696,0.003046668465766642,0.0003492027089590819,0.0023727312
132,0.0024291099256111516,0.0024208116293367413,0.0001659661279469489,0.0038183192
133,0.0051562031627529195,0.005137225964830981,0.0003795443433476622,0.0047453665
134,0.0032379246653161113,0.0032223872116042508,0.0003107491528599423,0.0020087997
135,0.0018785572688405712,0.0018742207489493821,8.673031854284671e-05,0.0021156801
136,0.002096034226835602,0.0020886741384553414,0.00014720194981043082,0.0039404426
137,0.0031291622513284286,0.003123146034259763,0.00012032433910083759,0.004124574
138,0.0025435632017130655,0.0025385446303213635,0.00010037114310629628,0.002182917
139,0.002063837282670041,0.0020578470184571215,0.00011980540909822442,0.0016632073
140,0.0018714150776051814,0.0018661122096495495,0.00010605730205954542,0.002086846
141,0.002107456065196958,0.002100591798726883,0.00013728500119896124,0.0025502187
142,0.002075836432373358,0.002070694613373942,0.00010283627741690301,0.0017199585
143,0.0023197281821113495,0.002313707631805705,0.00012041090620363724,0.0015226658
144,0.002090719199946357,0.002085448211679856,0.00010541988766716612,0.0036677734
145,0.003341076740374168,0.0033324390313484603,0.00017275436006596558,0.0028992447
146,0.002042109408001933,0.0020355377139316664,0.0001314340898425649,0.00314643
147,0.002660784358158708,0.002652303393309315,0.0001696190220321342,0.0019520023
148,0.0017391326914851864,0.0017338247012553944,0.00010615989511882793,0.0020400847
149,0.0018636850122776296,0.001858103288234108,0.00011163453030541683,0.001642144
150,0.0025491657434031367,0.002540687611326575,0.00016956273477622592,0.0052563385
151,0.004051804837460319,0.004044330947928958,0.00014947778989040156,0.0030068127
152,0.0033259303619464237,0.003319824000613557,0.00012212728235883535,0.0019277665
153,0.0020950062717828488,0.002085982480396827,0.00018047613768431683,0.0022966757
154,0.0017460334761482145,0.0017389412607169813,0.00014184442726363026,0.0016854982
155,0.001844915607944131,0.0018396933847624395,0.00010444441083052152,0.0028739432
156,0.0030120244586012428,0.0029971598388834134,0.0002972917434633694,0.0022552186
157,0.003555470032410489,0.0035446535588966478,0.0002163297321140413,0.0107132215
158,0.0033614526321697567,0.003352315744592084,0.00018273731855313397,0.0036864534
159,0.0022310627236341437,0.002223574238208433,0.00014976992666426467,0.0023818505
160,0.001963407704089251,0.0019564279277498524,0.00013959540047936672,0.0020450982
161,0.0019235036361755597,0.0019176678576817115,0.00011671548551343373,0.0017009398
162,0.0019455305688704054,0.0019409994905193646,9.062167338025624e-05,0.0019050322
163,0.0021645294890428584,0.0021592351866679058,0.00010588617306994921,0.002642098
164,0.0018800963725273808,0.0018731662266266843,0.00013860304277631347,0.0014678974
165,0.0017582389409653842,0.0017526880579276218,0.0001110179642519693,0.0051430096
166,0.0022329912495075,0.002227023230969078,0.00011936027095487134,0.0018904682
167,0.002461366114827494,0.002454716453535689,0.0001329931056900651,0.0023569735
168,0.0023215492437076235,0.0023161035186300676,0.00010891446884894802,0.002852526
169,0.002006629422410495,0.002000521066495114,0.000122166814417647,0.0017653501
170,0.002162990869126386,0.0021581769222393634,9.627886515385992e-05,0.002673422
171,0.002726286654877994,0.002718763852802416,0.0001504563654761383,0.0033586603
172,0.002230302668693993,0.002219974179752171,0.00020656976381475307,0.0018279401
173,0.0021077163465734986,0.00210338288711177,8.666912080204585e-05,0.0028194946
174,0.0025284011072168747,0.00252279974002805,0.00011202733629479174,0.0030709645
175,0.001923114027724498,0.00191655604996615,0.00013115951942508118,0.0018288533
176,0.0016090693650767207,0.0016040660001130568,0.00010006714002391467,0.0020690858
177,0.0016487610694538388,0.0016433746062426103,0.00010772920160585878,0.0016219433
178,0.002068136901491218,0.002060032832539744,0.0001620813715651358,0.0034487254
179,0.0020573225053441193,0.0020516742046715487,0.00011296613605130309,0.0019797632
180,0.0026756476817859543,0.0026671246237431963,0.00017046136540126925,0.0025469733
181,0.0022030353132221434,0.002193948003049526,0.00018174614404844962,0.0020593174
182,0.0030932192742410634,0.003084119605935282,0.00018199333904931337,0.0021795318
183,0.0025021647879232964,0.002491043358006411,0.00022242860108209812,0.0018362869
184,0.0019086534118590256,0.0019028658525914782,0.00011575115438265332,0.0015828103
185,0.0019282573497750692,0.0019211620894364185,0.00014190537641398907,0.004747748
186,0.0027953729964792728,0.0027872224778143894,0.00016301068552719596,0.0017070036
187,0.00208487283024523,0.0020794629300427106,0.00010819799437295311,0.001774062
188,0.0017889759658525387,0.0017828325249461664,0.00012286895053345386,0.0028210892
189,0.001994854946517282,0.001989949455795189,9.810998233964105e-05,0.0022193366
190,0.0018160485791870289,0.0018108911941655808,0.0001031478294862609,0.0018081933
191,0.0019758655663786664,0.001968643684974975,0.0001444377181803427,0.003182115
192,0.0024819938336602516,0.002469225520164602,0.0002553661816458133,0.0018124318
193,0.002347127917326159,0.0023358523612841964,0.0002255109679345995,0.0026338755
194,0.002184299969424804,0.00217491762402157,0.0001876467404094405,0.0024995804
195,0.002948229038156569,0.002937365320718123,0.0002172746180804097,0.0029092233
196,0.0027180201063553493,0.0027089432476916247,0.00018153694586039315,0.0019732008
197,0.001790911295554704,0.001785278994227863,0.00011264598769492473,0.0029573923
198,0.002490374852075345,0.0024807562922231027,0.00019237143335178392,0.0020999336
199,0.0018155919439676734,0.001810811990354624,9.559875463006998e-05,0.002430546
200,0.0018439382935563724,0.0018382632872089744,0.00011349998842938982,0.0019560324
201,0.001778820252770351,0.0017729638584165108,0.00011712762112033993,0.0017221557
202,0.0019038711234720218,0.00189835325970004,0.00011035731610687567,0.0021522115
203,0.002050756494928565,0.0020420665438804363,0.00017379944533154736,0.0025188427
204,0.0028920356494685014,0.0028785428989471663,0.0002698551323274185,0.0025806832
205,0.0023391702910885216,0.0023329774357585442,0.00012385744813627752,0.0034721615
206,0.002270526588997907,0.002260172980216642,0.00020707216052080234,0.0024044693
207,0.0019183234311640263,0.0019139026938420204,8.841488327967927e-05,0.0024061813
208,0.0021737281672863495,0.00216525260410789,0.0001695113331783836,0.0016208015
209,0.0017478085097132458,0.001740386510371334,0.00014844009912672442,0.0020928064
210,0.0018705179009379613,0.0018634416887329684,0.00014152435173350064,0.0016084776
211,0.0016075931683493157,0.0016024876735173167,0.00010210982022551181,0.0017891582
212,0.0023051693621608947,0.0023003625269565316,9.613649436883205e-05,0.002235337
213,0.0020063954198526013,0.0020008389708689516,0.00011112890126696584,0.0025570563
214,0.002535791074236234,0.0025209156951556603,0.000297507609697176,0.0021951653
215,0.002216863808118635,0.0022093370479221146,0.0001505355342929862,0.0038457813
216,0.003157572233532038,0.0031477010058653023,0.00019742478065280818,0.0019125664
217,0.0020420562294829222,0.00203225102999972,0.00019610390073441724,0.0016308245
218,0.0019321435803754462,0.00192742638496889,9.43439079151176e-05,0.0018989106
219,0.0019850179061500564,0.001978118505535854,0.00013798799954795667,0.0025093963
220,0.0016774139108343257,0.0016729329065937135,8.961993625640947e-05,0.0018101397
221,0.0015311256982386112,0.0015262552537024022,9.740910173200569e-05,0.0014946195
222,0.002101983944885433,0.0020951670930824348,0.00013633692666038162,0.009390624
223,0.0034218019288447168,0.0034101160010322927,0.0002337180824301615,0.0041975104
224,0.0021486811313985122,0.002141656022932794,0.00014050234203187234,0.0026038752
225,0.003043688104177515,0.0030336972662351196,0.00019981698251040963,0.0024240362
226,0.002254549560085353,0.002244668437116262,0.0001976223184486672,0.0030779587
227,0.00222677245684382,0.0022208480526589684,0.000118487991686954,0.0018500205
228,0.0016097069536853167,0.001604768219921324,9.877452751728318e-05,0.0023560578
229,0.002016856932702164,0.0020121107265974087,9.492406432272116e-05,0.0016981775
230,0.0018829828542139796,0.0018768032391866048,0.00012359234934535834,0.001715213
231,0.0015999508530108466,0.0015952150932409697,9.471517481263921e-05,0.0016753048
232,0.0017971682879659864,0.0017919026806743608,0.00010531219510336124,0.0020406365
233,0.0018817639728594157,0.0018761966015315718,0.00011134752875503966,0.0027724386
234,0.002136644541234192,0.002129556563320673,0.00014175949484768562,0.0020398246
235,0.0017292909789830447,0.0017245191149413586,9.543722902473443e-05,0.0019751342
236,0.00152780222447796,0.0015233342897974782,8.9358681523461e-05,0.0022634163
237,0.001709915824337966,0.00170436038946112,0.00011110888081020676,0.0016202164
238,0.0017507868379147517,0.0017433184871657027,0.00014936695441368405,0.0017931515
239,0.002283825911581516,0.0022761948122125533,0.00015262176505454288,0.003410801
240,0.0031198311467758484,0.0031072799168113206,0.0002510248252323303,0.0024290667
241,0.0022279856933487786,0.0022215333146353563,0.00012904744496861694,0.004498584
242,0.0033392326595882574,0.0033204581174585556,0.0003754907617743018,0.0018015661
243,0.0020231805767657028,0.00201842261530045,9.515959023435667e-05,0.0026326175
244,0.002093240287568834,0.0020876106495658557,0.00011259249830699344,0.0019822293
245,0.0018889933022566967,0.0018840584826345244,9.869627661299853e-05,0.001808757
246,0.0023107038966069617,0.0023013093612260288,0.00018789080867611416,0.0028751164
247,0.0036563462008618645,0.0036428392192141877,0.00027013985299378067,0.0022752623
248,0.0018744637413571279,0.0018676628281051914,0.00013601804486395647,0.0015849101
249,0.0016808800709744295,0.0016763170288565258,9.126086281380847e-05,0.0016904993
250,0.0018748768760512272,0.0018716334417048428,6.486853966754956e-05,0.0026194076
251,0.001922538700617022,0.0019147375482134522,0.00015602292046929103,0.0017787942
252,0.0015402134300933944,0.0015352116975312431,0.00010003470430694803,0.0019327665
253,0.0017020359635353088,0.0016962090119098624,0.00011653897509991375,0.0016131676
254,0.0016409910025282038,0.0016363057915845679,9.370416416282347e-05,0.0017372868
255,0.001547666719286806,0.001543564822835227,8.203790531208849e-05,0.0020288609
256,0.0015198927217473586,0.0015142259653657675,0.00011333519825598159,0.0015118171
257,0.00236744851184388,0.0023571867004243863,0.00020523615054975785,0.0029639518
258,0.003915073482009272,0.0039050504384148454,0.00020046092604459887,0.0038202899
259,0.0018651900812983514,0.0018589975855623682,0.00012384994916677292,0.0014775316
260,0.0015168409070207014,0.0015125016449019312,8.678522811780769e-05,0.0026370592
261,0.0019596073129731746,0.0019537819135520195,0.00011650816966092886,0.0019958322
262,0.0017301669396046135,0.0017223627047820223,0.0001560847716310339,0.00156716
263,0.0015867954378740656,0.0015823840655179488,8.822751117146069e-05,0.001963007
264,0.0016121950854236882,0.0016078102932725515,8.769590766759292e-05,0.0020847705
265,0.0017998275502274434,0.0017933142216255268,0.00013026658352954554,0.002136122
266,0.0019338370507789983,0.001925915321852598,0.00015843480915687596,0.0032357783
267,0.0018820302638535699,0.0018767924410187536,0.00010475669015224614,0.0018406692
268,0.0015346582228731778,0.0015290425883399115,0.00011231267951185625,0.0018845842
269,0.0018345493538719085,0.0018288190140285426,0.00011460681490473185,0.0022812574
270,0.0023895632889535693,0.0023813344201900895,0.0001645776369337505,0.0024740256
271,0.0018878664278114835,0.0018820003813339605,0.00011732095427355995,0.0023630657
272,0.0015726491524320509,0.0015680401598931186,9.217980365671489e-05,0.0020775294
273,0.0016276284250327283,0.001622934895567596,9.387059709429953e-05,0.0023688183
274,0.0026348987827077507,0.00262529025785625,0.00019217067296395385,0.0018502725
275,0.0019456253193008402,0.001936138471743713,0.0001897371077821693,0.001630626
276,0.00276444004331198,0.0027554309513005944,0.00018018173914874244,0.0024314078
277,0.0017831403348180983,0.0017776745164559946,0.000109316327096091,0.0018755541
278,0.0018309389784311255,0.001823324955896371,0.0001522803751336473,0.002889395
279,0.0019997529659627213,0.001989482451851169,0.00020541007748104475,0.0020498142
280,0.0017110179773428373,0.0017069687937489814,8.098361361664135e-05,0.0017333274
281,0.0017237941708622708,0.001718839904707339,9.908531308219102e-05,0.0017571666
282,0.0016680483551075062,0.0016619231500145462,0.00012250420617824096,0.002757513
283,0.0019413258026664455,0.0019335882505401969,0.00015475099918755102,0.001924221
284,0.0017732673376384708,0.0017667352377126614,0.00013064205237343332,0.0016641221
285,0.0016642573781104552,0.0016595747037273314,9.365339236472438e-05,0.0017603426
286,0.0017104238737374543,0.0017035665042284462,0.0001371473500272027,0.0025248788
287,0.0018860914485736026,0.0018804208065072694,0.00011341285538909081,0.0022366578
288,0.0017370893387123943,0.0017303923248416847,0.0001339401607260192,0.0025377115
289,0.001813708935191648,0.0018078384895084633,0.00011740866246378169,0.0019656888
290,0.0019333341935028633,0.0019268004534145197,0.00013067493822392054,0.0031099634
291,0.0020630488767185147,0.002056348365214136,0.0001340103374888583,0.0019675507
292,0.001602281865456866,0.0015974007727992204,9.762196573824945e-05,0.0017656609
293,0.0017687771702185272,0.0017635634634643794,0.00010427415025358045,0.0018811538
294,0.0017848391318693757,0.001780652324669063,8.373618444718684e-05,0.0017487012
295,0.002124990727235046,0.0021185483964574004,0.00012884621374824846,0.0023284992
296,0.0018715057470318345,0.001864716263177494,0.0001357896723271147,0.002131784
297,0.0018569332004214326,0.0018512848919878403,0.0001129661582867906,0.0016239919
298,0.0020134592053687407,0.0020065696405557293,0.00013779140563706784,0.0018572821
299,0.001676093942175309,0.001669828549751805,0.00012530788936007613,0.0015454857
300,0.0014758383130861652,0.0014717454155389633,8.18579514581567e-05,0.0015054026
301,0.0018433216855757767,0.0018383536461947692,9.936085912443104e-05,0.00245083
302,0.0021145803646908864,0.002107917724384202,0.0001332528805808882,0.0025464324
303,0.00345230043037898,0.0034421582576922246,0.00020284320149433673,0.0025507233
304,0.00224153282534745,0.0022340686655499867,0.00014928305744364126,0.002300888
305,0.001733537731019573,0.001729085890110582,8.903675249661723e-05,0.0017696723
306,0.001724966778419912,0.0017193386770991816,0.00011256208440184108,0.0017456034
307,0.0016347726367207038,0.0016312513267621397,7.042609370147248e-05,0.001606621
308,0.0015599411744106975,0.0015564842059070038,6.91393488662268e-05,0.0015513113
309,0.0017643638006928895,0.0017586871981620789,0.00011353197437023887,0.0016237852
310,0.0017078938402442468,0.0017029667738825082,9.854160340283771e-05,0.0019416092
311,0.001490658362551282,0.0014854210700529318,0.00010474574902714886,0.0013832125
312,0.0020222441940050987,0.002016220792817573,0.0001204680954193312,0.0026467142
313,0.002009100042697456,0.0020023677756802905,0.00013464536794900698,0.0019328106
314,0.002041078454607891,0.0020358734802963835,0.00010409941515613734,0.0018463393
315,0.001826437285894321,0.0018216352185441388,9.604129372272988e-05,0.0024700032
316,0.0017343203769996762,0.0017300769660828841,8.48682610006948e-05,0.001987056
317,0.0018900075513455603,0.0018850999147010346,9.815262752735798e-05,0.001958586
318,0.0015818630060594942,0.00157621034886688,0.00011305317727369078,0.0014717784
319,0.001351600496046659,0.0013475703968045612,8.060196495497015e-05,0.0014648059
320,0.001507876477100783,0.0015041205618116591,7.511837679491497e-05,0.0015901396
321,0.0016858579125255345,0.0016794095048680902,0.0001289681313513332,0.0022092587
322,0.0019105411367490888,0.0019044754328206182,0.00012131422388929675,0.0017385834
323,0.0019484300321588913,0.001941676339548495,0.00013507398030899114,0.0016847091
324,0.0015094585212258001,0.0015054418097457125,8.033418114842385e-05,0.0014502525
325,0.0016534549313493901,0.0016470450778595276,0.00012819719182364983,0.0017308717
326,0.0015399247407913209,0.0015355254704546596,8.798554530338709e-05,0.0016302534
327,0.0014782037327273024,0.0014744199812412261,7.567489697532638e-05,0.0017133037
328,0.002005213095496098,0.0020009085199692183,8.60914440699566e-05,0.0015124752
329,0.00176127174248298,0.001754665330776738,0.00013212814644955668,0.002151804
330,0.0017284465203475621,0.00172380435332242,9.284319936632022e-05,0.0016231948
331,0.0019921958601723114,0.0019870646685982746,0.00010262377209073748,0.003056866
332,0.0023085203021764754,0.002301420667208731,0.00014199262409135826,0.0018838427
333,0.0015939391839007537,0.0015898906470586855,8.097064215917271e-05,0.0017277757
334,0.0025439983414899973,0.002536302835990985,0.00015390994853557377,0.0020547695
335,0.002223606192920771,0.0022177449634505643,0.00011722488476656344,0.0024547142
336,0.001749691654307147,0.0017435538375543225,0.0001227563230900033,0.0015418731
337,0.0014886356308124959,0.0014841577542635302,8.955751230688394e-05,0.0017633056
338,0.0016657847523068388,0.0016587667995029026,0.00014035904854002487,0.0017561378
339,0.0014492263422451086,0.0014444942637864087,9.464175786383243e-05,0.0017676464
340,0.0016549138559235467,0.0016503613985454043,9.104928436022656e-05,0.0016741927
341,0.0018659161429645287,0.0018599537046005328,0.00011924885212314015,0.0017638607
342,0.0017578180698263977,0.001750571045300199,0.00014494040711320445,0.0019287389
343,0.001892422892463704,0.0018866944230265087,0.00011456944510241682,0.0018022464
344,0.001736352295200858,0.0017306023510172963,0.00011499885888750012,0.0016394522
345,0.001396646146248612,0.0013934226266832815,6.44703005181984e-05,0.00136632
346,0.0014847128962477048,0.0014785350507332219,0.00012355685295738618,0.0017805108
347,0.0015853228280320764,0.0015792202877087725,0.00012205076562737579,0.0021025646
348,0.001931279142283731,0.0019244565990649992,0.00013645065526269996,0.0033176458
349,0.010390793229453266,0.01035965406594591,0.0006227819493419576,0.0041091987
350,0.001962549355812371,0.001955020593272315,0.000150575430652427,0.0015396707
351,0.0014205169333662423,0.0014162315831830103,8.570712062313153e-05,0.0016482364
352,0.001539238286204636,0.0015345455819947853,9.38539913982418e-05,0.0015659109
353,0.0015361064605207907,0.0015305175471843945,0.0001117785002237939,0.0017085981
354,0.0016185203463666969,0.0016144146069159938,8.211481282261148e-05,0.0018532459
355,0.0015558350753660003,0.0015512469341047107,9.176289314988632e-05,0.001666644
356,0.0015298050181526276,0.0015246178903099564,0.00010374251458655534,0.0018763307
357,0.0014757508994080125,0.0014706617247106301,0.00010178354379749442,0.002018935
358,0.0016319824253312415,0.0016269293536121646,0.00010106139837502168,0.0016349547
359,0.0015652618241599864,0.001560175253285302,0.00010173148688750189,0.0022748276
360,0.001513326103385124,0.0015095659686873357,7.520262093186779e-05,0.0013920922
361,0.0015371357737522986,0.0015328165816350116,8.638384772865492e-05,0.0017114043
362,0.0016078577946043676,0.0016007204591814014,0.00014274684785450613,0.0015318668
363,0.0015143477694234914,0.0015093056666147379,0.0001008419214556966,0.0019858615
364,0.0018077717680070136,0.0018015450797975064,0.0001245338004486661,0.0021677013
365,0.001926181048879193,0.0019204355543479324,0.0001149099143574972,0.0019404503
366,0.0016252330478487742,0.0016207689859179986,8.928108383593604e-05,0.001663574
367,0.0015000634322253367,0.0014960455268414484,8.035801418170902e-05,0.001758305
368,0.0015066938086723289,0.0015007656895452076,0.00011856240512063071,0.0015399865
369,0.0014715263025007314,0.0014667714247480034,9.50975722844305e-05,0.0016638894
370,0.00166376571998828,0.0016555891035952503,0.00016353227992769664,0.0016913238
371,0.001669601123366091,0.0016647073905915021,9.787463369421958e-05,0.0019401964
372,0.002000126873867379,0.0019949560467567708,0.00010341632524083859,0.0017584788
373,0.001542839964127375,0.0015371930824282269,0.00011293776245161604,0.0018577678
374,0.0015691671843847466,0.001565355913610094,7.622541242982252e-05,0.0015092437
375,0.001592954117546065,0.0015874230910816955,0.00011062048978689947,0.00214069
376,0.002105384754637877,0.002097337646409869,0.00016094210168612715,0.0019498024
377,0.0017974077568699916,0.0017909688719858726,0.0001287774931116993,0.001706839
378,0.0015295283765428597,0.0015245398920443324,9.976971197273896e-05,0.001733802
379,0.0015695336611113615,0.0015646614341272248,9.74447087622189e-05,0.001504841
380,0.0014249023037134774,0.0014205803745426238,8.643840968874075e-05,0.0018569106
381,0.0015160619281232358,0.0015113687673066224,9.386313233995401e-05,0.0025916328
382,0.0017857514166583618,0.0017809633450168703,9.576142527218205e-05,0.0015476267
383,0.0015698388477580416,0.0015637980489474205,0.00012081578242183847,0.0018255474
384,0.0016860053952162464,0.0016813971516158846,9.21648997515629e-05,0.0016292917
385,0.001955527320711149,0.001949081699260407,0.00012891246824185348,0.0018285287
386,0.0014490608889092173,0.0014442530279565188,9.615730272856362e-05,0.0015436339
387,0.0014411179180670944,0.0014373721063344015,7.491630520032939e-05,0.0014585534
388,0.0013805694321894811,0.0013766127612648738,7.913339813209556e-05,0.0016194533
389,0.0016174534128771889,0.0016128538473923174,9.199123680932391e-05,0.0014228867
390,0.0014051545411348342,0.0014014131648259032,7.482756611175824e-05,0.001466592
391,0.0014691401479972734,0.001465174462646246,7.93137653039998e-05,0.0016643931
392,0.001503238068997032,0.001497237126912094,0.00012001885067371,0.0015055565
393,0.0013878429748324884,0.0013840793968281813,7.527148441681675e-05,0.0014081027
394,0.0014416088026741312,0.0014382585844335456,6.700435087117917e-05,0.0016307299
395,0.001586261026871701,0.0015823331946093176,7.855681247216731e-05,0.0017145369
396,0.0015010249969135555,0.0014964861821176278,9.077635427401118e-05,0.0015801941
397,0.0015081202753612565,0.0015034984512668516,9.243646961548298e-05,0.0020501756
398,0.0020154013194971614,0.0020106311939242813,9.540239190199726e-05,0.0019601365
399,0.0016363942400655813,0.0016325073575394022,7.773762842491451e-05,0.0017666721
400,0.001800366943805582,0.001795689107125832,9.355660694849474e-05,0.0016043803
401,0.0015420138913517197,0.0015379529317013092,8.121919965932515e-05,0.0018398215
402,0.001857974540649189,0.0018533028584594529,9.343376244588499e-05,0.0021430058
403,0.0016795464312761195,0.0016737254633982148,0.00011641934939486337,0.0017561155
404,0.0019511680196349819,0.001945601791764299,0.00011132458969609102,0.0013699213
405,0.0016193546898042163,0.001614506453430901,9.696455775554114e-05,0.0015491174
406,0.0013697051132718723,0.0013644287776615885,0.0001055268037501062,0.0016367236
407,0.001540936972014606,0.0015366752075755762,8.523523031398226e-05,0.0016448848
408,0.0017242731190183097,0.0017202820667686562,7.982098160128873e-05,0.0015193087
409,0.0021411163577189046,0.0021348200402119093,0.000125926510698646,0.002094891
410,0.0015693100660832391,0.0015638581205469867,0.0001090388452389056,0.0019510394
411,0.001359998530501293,0.0013562022811836666,7.592504868196355e-05,0.0014760453
412,0.001785710964921034,0.0017817041694393589,8.013597325285578e-05,0.0021885068
413,0.0016048963595595624,0.0015980727116887768,0.000136472962717941,0.0017877894
414,0.0014935742701507276,0.0014894275408652094,8.293476383743028e-05,0.0020236236
415,0.001730607905321651,0.0017251495789322587,0.00010916654315909429,0.0019362456
416,0.0014256489877071646,0.0014221303553010026,7.037255991393623e-05,0.0015711595
417,0.0014151971916564637,0.0014094183273199532,0.00011557727995952721,0.0019137483
418,0.0020012644921532934,0.0019941035683991182,0.0001432184418136886,0.003267205
419,0.0018589762608624168,0.0018542953055455452,9.361890908429081e-05,0.0016733325
420,0.0016401401022449135,0.0016338999654787283,0.00012480272594454314,0.0018061814
421,0.0014765716804605391,0.0014710474617054892,0.00011048434681268124,0.0016115651
422,0.0019902530721285275,0.0019811159051540826,0.00018274332253442635,0.0016351503
423,0.0015579187091336482,0.001552120988102009,0.00011595449317004143,0.0023442714
424,0.00159565018903878,0.0015896929557331733,0.0001191448167066906,0.0015517019
425,0.0015518499564172493,0.00154813710703618,7.42570500486354e-05,0.0015543493
426,0.0016573690291908053,0.0016511936258110736,0.0001235080846902924,0.0018387686
427,0.0017858546330697007,0.0017778388586723141,0.0001603155147767173,0.001873521
428,0.0018373689821196927,0.0018322690105479625,0.00010199950107410889,0.0021241212
429,0.0017998445468644301,0.00179490614682436,9.876792569640555e-05,0.0025910053
430,0.002015455261183282,0.0020084152800134486,0.0001407995565942757,0.00242327
431,0.0016923476579702563,0.001687793599234687,9.108131576801077e-05,0.0017459651
432,0.0016860601000694764,0.001680581289757457,0.00010957616913205786,0.0014767392
433,0.0016830410808324815,0.0016797575530492596,6.567043347571497e-05,0.0020730486
434,0.0015662335105136864,0.0015608224681475096,0.00010822101022414345,0.0015166404
435,0.0014922637207847502,0.0014878391262350811,8.849177524502414e-05,0.0014718743
436,0.0013823990852365063,0.001378282834775746,8.232485234884734e-05,0.0014901705
437,0.0013865156810627215,0.0013824907817049986,8.049802154417308e-05,0.0014590528
438,0.0013649167492985725,0.0013611071574915615,7.619192523839777e-05,0.0017058816
439,0.0017704726765967078,0.0017653481439790792,0.00010249065783101388,0.0020042118
440,0.0022262583098684747,0.002219441276974976,0.00013634068490596797,0.0025532779
441,0.0021078110362092654,0.002099092077049944,0.00017437892791665434,0.0028932584
442,0.0019288719838692083,0.0019213184727252357,0.00015107043493065521,0.0016262848
443,0.0014289669977087113,0.0014251910408751831,7.551918185413342e-05,0.0015586648
444,0.001403291335898555,0.0013990015386500293,8.579575318524096e-05,0.0016252059
445,0.0014714243640709254,0.0014671907398021884,8.467230277305522e-05,0.0015256646
446,0.0016356194430651764,0.001630064195746349,0.00011110488801730551,0.0024472557
447,0.0017702675114075342,0.0017664198246267106,7.695382348629209e-05,0.0016805627
448,0.0015506650359990695,0.001545125415496942,0.00011079235457095314,0.0014565139
449,0.0013787148274584777,0.00137450737076708,8.414911493004082e-05,0.0015702468
450,0.0014496559328917,0.0014462906789655487,6.7305193169472e-05,0.001567634
451,0.0014745619536067048,0.001471643350345807,5.837196333276198e-05,0.0017427617
452,0.0015187194881339868,0.0015147369367898339,7.965096753852979e-05,0.0015720921
453,0.0014447607513931062,0.001440676546189934,8.168398496353449e-05,0.0015073789
454,0.0013375488239237004,0.0013338851561355922,7.32734161425065e-05,0.0015537845
455,0.0014932275516912341,0.001488389061867363,9.676995312778066e-05,0.0016358008
456,0.0017888787487107846,0.001780937987172769,0.00015881528280361736,0.0020376123
457,0.0028505066849498287,0.0028423221160968144,0.00016369177626809832,0.0016674965
458,0.0017486000252473685,0.0017444802913814783,8.239452745739426e-05,0.0019902096
459,0.001598066197604769,0.0015944495900637574,7.233222174313091e-05,0.0020969803
460,0.001509444877350082,0.0015054401165495316,8.009520000842071e-05,0.0016316156
461,0.001436276491990106,0.0014321180151051116,8.31695122500204e-05,0.0024259295
462,0.0016679614937553803,0.0016627774082331194,0.0001036818953147013,0.0016203723
463,0.0013681719842780795,0.0013647114418240058,6.921075662186619e-05,0.0021194408
464,0.0018540668508244885,0.0018493202282115818,9.493262296125237e-05,0.0022019197
465,0.0015371556277386845,0.0015329530902413859,8.405072075490239e-05,0.0014855122
466,0.0014231040245956846,0.0014189314692177706,8.345108456085074e-05,0.0015227527
467,0.0013972720972055363,0.0013925667334761885,9.410723130258703e-05,0.0013598006
468,0.001295392768871453,0.0012918228762120836,7.139780619185546e-05,0.0014441279
469,0.0013450405870874722,0.0013417934054612286,6.494345673975961e-05,0.0016253864
470,0.0015907186186975902,0.0015860395790595148,9.358087506067629e-05,0.0016110678
471,0.0013827246988916562,0.0013793839284011887,6.681539441787029e-05,0.0016402224
472,0.0017110708221379253,0.0017056550985823074,0.00010831439668154018,0.0016025762
473,0.0014885042509478,0.0014832265519847472,0.00010555379898025623,0.002115374
474,0.0017794977847693694,0.0017731034145173098,0.0001278872620387814,0.0015324944
475,0.001526134331814117,0.0015208498057391908,0.00010569036283535462,0.0017099355
476,0.0014758978258921868,0.0014717575486025048,8.280566522118862e-05,0.0016155859
477,0.0014505776266256968,0.0014464049962245756,8.345251283875162e-05,0.0021502902
478,0.0016146296712880334,0.0016084783063787553,0.00012302721127828894,0.0019389681
479,0.0014210184272896084,0.0014171022430269254,7.832359234057525e-05,0.0015897925
480,0.00137492169936498,0.0013708260738187366,8.19125823306245e-05,0.0015446157
481,0.0014469413241992395,0.0014430657572423419,7.751142733367387e-05,0.0017394368
482,0.0015235136198397312,0.001517629315559235,0.00011768600715531048,0.0015140711
483,0.0015386709632972877,0.00153451319783926,8.315531899319872e-05,0.0014936543
484,0.0016676563795449005,0.0016635080359669195,8.296689587255675e-05,0.0020298343
485,0.0017487353153733743,0.0017434363175804417,0.00010597998446928929,0.0017396245
486,0.0024223123961645697,0.0024172849875564377,0.00010054827608314554,0.0024402393
487,0.0022042441233578658,0.002195033024893039,0.00018422194196874545,0.0014895876
488,0.0014475318008205958,0.0014439581104347275,7.147374752018247e-05,0.0015313891
489,0.0013179575843322608,0.0013147199021962782,6.475359534113699e-05,0.0014161508
490,0.001347699370752606,0.0013437673721152048,7.863990785810731e-05,0.001680272
491,0.00210156440993564,0.00209539344197967,0.00012341914465549862,0.001964122
492,0.0015916179787988465,0.0015868408191535208,9.554300462500325e-05,0.0014251692
493,0.0015487109608430828,0.0015445625991560518,8.296726867311261e-05,0.0017782481
494,0.0016843238845467567,0.001676962304756873,0.0001472316064880235,0.0016783085
495,0.0014545302838087082,0.0014494873673862054,0.00010085842562703975,0.0015045468
496,0.0017912766598682437,0.0017838188472928272,0.0001491560583897606,0.0021455204
497,0.0015938170487061142,0.001587706550748812,0.00012220983470957828,0.0015546825
498,0.0013439128007222381,0.0013392643213996458,9.296966718087181e-05,0.0015357416
499,0.0015973189354149832,0.0015927544794976712,9.128908545284907e-05,0.0020827116
500,0.0016124731369523539,0.0016083621963237722,8.221885397258827e-05,0.0015351067
501,0.0016455489844601188,0.0016414638039552504,8.17035250052969e-05,0.0015596517
502,0.0014634424729997085,0.0014589175155075888,9.049930119202385e-05,0.0018222234
503,0.001362788232250346,0.001359339874599957,6.896715543543368e-05,0.0015620642
504,0.0014000837898088827,0.0013955764446614517,9.014694885571828e-05,0.0016451201
505,0.0013785025557606584,0.0013739298291814825,9.145451383511096e-05,0.0020514682
506,0.0020656550923983255,0.002057983682283925,0.00015342829707441929,0.001791358
507,0.0014443699167006547,0.0014410143588773079,6.711113059812609e-05,0.0013646185
508,0.0013362942690340182,0.0013326167180720302,7.355108433135311e-05,0.0019872258
509,0.0015501997692303525,0.0015449082220180166,0.00010583094700362178,0.0015594547
510,0.0014169348740122384,0.0014111637991542616,0.00011542137728154008,0.0016798859
511,0.0013044898773336576,0.0013008709182031452,7.237915002767813e-05,0.0016161816
512,0.001585480793275767,0.001582331888170706,6.297803561227235e-05,0.0017011506
513,0.0014764192966847784,0.0014725201905498074,7.79822325501161e-05,0.0015944316
514,0.001403133838903159,0.0013989253202453256,8.417033867102772e-05,0.0015384245
515,0.0014482116430170006,0.001443755968163411,8.911341472841942e-05,0.0015504721
516,0.0014316819401250945,0.001427662300152911,8.039269652802735e-05,0.0014702291
517,0.0015810358312187923,0.0015761409123014245,9.78984465443015e-05,0.0020799784
518,0.0016420088203934332,0.0016359089731445742,0.0001219970252640855,0.0014592684
519,0.0015564725203956996,0.0015520610794838932,8.822894383513358e-05,0.0020087326
520,0.001562473806552589,0.0015582083439868357,8.530914939986663e-05,0.001608801
521,0.001412701040195922,0.0014090548489346273,7.292385175850945e-05,0.0016340025
522,0.0015376562821782297,0.001533538687767254,8.235180931958692e-05,0.0017013097
523,0.0018257469805474911,0.0018221367266960443,7.220511001327799e-05,0.0017207608
524,0.002003880978251497,0.001997820828627381,0.00012120286448120194,0.0018987483
525,0.0014077032347106272,0.0014038342180558378,7.738032523560732e-05,0.001530626
526,0.0013955118069942628,0.0013918785158441298,7.266583512747597e-05,0.0015430219
527,0.0013494051669517325,0.001344726779239459,9.35677733210849e-05,0.0015663395
528,0.0014281716973831256,0.0014243926270864904,7.55814078319064e-05,0.001415431
529,0.0013585133620330858,0.0013538038552117844,9.419019312638789e-05,0.00155924
530,0.0015106078405450615,0.0015055776198601557,0.0001006046407079945,0.0022214844
531,0.0014896637436726855,0.0014860461194378634,7.235246443397298e-05,0.0014982091
532,0.001329890952911228,0.0013255548301256365,8.672247995491488e-05,0.0018883453
533,0.0017759783012378546,0.0017694048143716322,0.00013146962341844908,0.002119143
534,0.0017390785661215583,0.0017339869402348996,0.00010183259101231733,0.0014963043
535,0.001346777732639263,0.0013420635368674994,9.428385198286074e-05,0.0015075569
536,0.0013289949597997798,0.0013250707778044873,7.848358939352491e-05,0.0015596465
537,0.0014719982786724965,0.001468229257605142,7.538050111103682e-05,0.0014166606
538,0.0014543430414050817,0.0014497601815188924,9.165711283129794e-05,0.0016663041
539,0.001518236737077435,0.001513192688839303,0.00010088106192319578,0.0016395071
540,0.0014315758780058887,0.0014269676499275698,9.216441661313487e-05,0.0013784618
541,0.0015020731474376387,0.0014980682585802342,8.009778423488317e-05,0.0021914232
542,0.002373847476620641,0.0023683909559622405,0.00010913020752620165,0.002888314
543,0.0015207749726768168,0.0015158038250067168,9.942299496401574e-05,0.0015789426
544,0.0016104241755480568,0.0016061308871333799,8.586554929226824e-05,0.0019822153
545,0.0014940904000670546,0.0014892178354784847,9.745129851212021e-05,0.0016382182
546,0.0013952231306272249,0.0013901870413165953,0.00010072180707538791,0.0017599124
547,0.0013954298687167467,0.0013910563158181807,8.747115327878419e-05,0.0015154743
548,0.0014202316640876233,0.0014154922178325553,9.478905785726965e-05,0.0016497156
549,0.0018008126592677501,0.0017942260640362898,0.00013173177488496265,0.0016623134
550,0.0015534477204912239,0.0015484219365235832,0.00010051552823655058,0.0030072383
551,0.001482021481367863,0.0014770534639764164,9.936041384180052e-05,0.0015483116
552,0.0014212662211826278,0.0014173375610779556,7.857306193947977e-05,0.0022992378
553,0.0014952809873244,0.0014902321013828947,0.00010097777285409393,0.0017142353
554,0.0013864696077588532,0.0013825620990246534,7.815023550897928e-05,0.0016836378
555,0.0014247794182867639,0.0014207921650571129,7.974484777256584e-05,0.0013987182
556,0.0013149512336692877,0.001310806585631023,8.289280233416068e-05,0.0017319231
557,0.0013358862436790434,0.0013318401709612874,8.092146920262167e-05,0.0017761393
558,0.00164829908301019,0.0016435570316389204,9.484123709219262e-05,0.001601818
559,0.0016318169784628684,0.0016268044011667371,0.00010025156342275841,0.0016866291
560,0.001450031597374214,0.0014459746876834996,8.11380096496666e-05,0.0014247259
561,0.001387477738575803,0.0013843054456325868,6.344581681219096e-05,0.0014871187
562,0.0015916622864703338,0.0015863639794083105,0.00010596613487500801,0.0015135851
563,0.0016032858958674801,0.0015974775551714831,0.00011616695710346095,0.0016127422
564,0.0014196910662576557,0.001415610939471258,8.160260002417392e-05,0.001549932
565,0.001361301615058134,0.0013579072107353972,6.78881805962798e-05,0.0014768214
566,0.0015619845026069218,0.0015556402219873335,0.0001268856478165819,0.0015843151
567,0.0015941976828293667,0.0015886388796692093,0.00011117608481880678,0.0015121934
568,0.0013921848317194317,0.0013874318631779817,9.50593349329766e-05,0.0016290757
569,0.001468653878610995,0.0014652698171428507,6.768136093582042e-05,0.0021022987
570,0.0015236961487163272,0.0015185824673001965,0.00010227365091546561,0.0013872428
571,0.0014209325412391789,0.001417506411154237,6.852254376907594e-05,0.0018306639
572,0.0014821166625349886,0.0014783157876485753,7.6017357630715e-05,0.0015224412
573,0.0013715025942979586,0.0013681060349982645,6.793109125925333e-05,0.0016843568
574,0.0015073874085727666,0.0015022690188036198,0.00010236770719017506,0.0013407732
575,0.0014318731975638205,0.0014279654909235735,7.815432907894622e-05,0.0015064337
576,0.001390500549071779,0.0013866054178732965,7.790257290965188e-05,0.001658736
577,0.0016883453043798605,0.0016829520645033982,0.00010786492235601329,0.0020143401
578,0.0014427441521547735,0.0014369065161897905,0.0001167526447157267,0.0014455997
579,0.0013024148828763929,0.0012994274380616843,5.974899280197911e-05,0.0014226836
580,0.001472418448732545,0.0014688034942891034,7.229894558362402e-05,0.0015312498
581,0.0015111045161676077,0.001507025539305889,8.157954165426418e-05,0.0014623026
582,0.0019157758474143015,0.0019091420496503513,0.00013267621640756665,0.0016568633
583,0.001375099958386272,0.001369772585005396,0.00010654738614195796,0.0018927526
584,0.001616893263740672,0.0016120557802625829,9.674961823489999e-05,0.0015051722
585,0.0013932171795103285,0.0013893301650467847,7.774015230458768e-05,0.001386631
586,0.0014357648052585623,0.0014318691980507638,7.791214615416998e-05,0.0015853216
587,0.0013889898442559772,0.0013858696639848253,6.240351160992456e-05,0.0014348389
588,0.0013122390839271248,0.0013086608740397626,7.156417856539261e-05,0.0013765937
589,0.001357915640498201,0.0013531035135707094,9.62425074864844e-05,0.0013245813
590,0.001243418151150561,0.0012395709947062036,7.694295404689911e-05,0.0014557986
591,0.0012540522328991857,0.0012506399006168875,6.824665270181009e-05,0.001555019
592,0.001460690639861342,0.0014569068068845405,7.567670246607526e-05,0.0019281808
593,0.0014900528748209277,0.001485539759354045,9.026225557542646e-05,0.0015469297
594,0.0013815753873334163,0.0013770279836737447,9.094799688429905e-05,0.001459593
595,0.0013948723854910997,0.0013910067798052397,7.731204179100991e-05,0.0014077761
596,0.0013261078882755505,0.001322012341633025,8.191109533678779e-05,0.0015213086
597,0.0015560191021197372,0.0015521080621207753,7.822089089594265e-05,0.0014673898
598,0.005228798598464993,0.00520566624796225,0.00046264677994543033,0.014744171
599,0.006184182378153006,0.006167232446993391,0.00033899840562601945,0.004844181
600,0.0022988397873834605,0.0022912629905881155,0.00015153607381787677,0.0014122409
601,0.0013241266741210388,0.001319667724116395,8.917893980348405e-05,0.0014875503
602,0.0013635338128854832,0.001359550362556345,7.966890190284441e-05,0.0014983454
603,0.001342927982720236,0.0013397871827085814,6.281611573177555e-05,0.0013845813
604,0.0013322238357634181,0.0013281482595226004,8.151148712555548e-05,0.0012932128
605,0.0012318268340701858,0.001228273785414381,7.10609749653991e-05,0.0015833047
606,0.0013357086585731141,0.0013310517869993216,9.313742095350285e-05,0.0013533628
607,0.0013118513821003337,0.0013079623834023044,7.777988986769439e-05,0.0015901802
608,0.001312588362230195,0.0013082885092848705,8.599699445226551e-05,0.0012559413
609,0.00134458674195533,0.0013404651131067012,8.243270230347358e-05,0.0014479207
610,0.0013790053832862111,0.0013749967148113582,8.017313014142423e-05,0.0019469127
611,0.0014688823203970161,0.0014656556472699676,6.45335459507685e-05,0.0016866057
612,0.0014023558572969503,0.0013976614469558828,9.388827640527274e-05,0.0014954173
613,0.0013903038058843877,0.0013873841096129682,5.839395405499668e-05,0.0014565615
614,0.0013278247193536825,0.0013247257189100815,6.198001586099622e-05,0.0017478497
615,0.001269845814547605,0.0012667382200662462,6.215205503363247e-05,0.0012967439
616,0.001315677533340123,0.0013114049228736095,8.545226509050331e-05,0.0015965464
617,0.0016489794141509467,0.0016451492672786116,7.660304979140165e-05,0.001455692
618,0.0013268550857901574,0.0013233735096744364,6.963155944390564e-05,0.0015422709
619,0.0016797219920489522,0.001674499567080703,0.00010444852060358143,0.0015426708
620,0.0013929383195419279,0.001388751305381043,8.374028791075084e-05,0.001378887
621,0.0014717154282455644,0.0014665496496794124,0.00010331561835401873,0.0014540851
622,0.0013564789059778881,0.0013518126577966743,9.332492307344688e-05,0.0013531671
623,0.0012811204496150216,0.0012771851137383945,7.870658421830336e-05,0.0013020461
624,0.0014195900397478707,0.0014153496595099568,8.480778307229129e-05,0.0014570534
625,0.0014905077870935202,0.001485473913554516,0.00010067750189552724,0.0015493784
626,0.0013877125392254028,0.0013842083733632332,7.008325648456548e-05,0.001866856
627,0.0015452658822242584,0.0015401933807879687,0.00010145001858635144,0.0014195704
628,0.001305509719531983,0.0013023378573254578,6.343720539972885e-05,0.0014729758
629,0.001462665207994481,0.0014587854086938832,7.759606036583162e-05,0.0017321468
630,0.0013103637262247502,0.001305493050151401,9.74135106667341e-05,0.0013774676
631,0.0012982363023588228,0.0012939224045516715,8.627796227768966e-05,0.0016291398
632,0.0015524554920072356,0.0015468597282759016,0.00011191520037401561,0.0015735896
633,0.0013242584213407503,0.0013201122275657124,8.292406352868258e-05,0.0015280315
634,0.0013684685497234266,0.0013639940854368938,8.948933046619207e-05,0.0014192114
635,0.0014139999894218313,0.0014098821932242976,8.235601618354041e-05,0.0019413442
636,0.0016230839382236203,0.0016181082645845082,9.951361299221793e-05,0.0014735869
637,0.001415084694356968,0.001410061966938277,0.00010045471716056101,0.0014095817
638,0.0013780397414747212,0.0013737582084205416,8.563062584825174e-05,0.0014492116
639,0.0015034655820474856,0.0015002359403297305,6.459268976534026e-05,0.0016544283
640,0.0013237935374490917,0.0013201333284895453,7.320417894807936e-05,0.0018621951
641,0.0015226242313575414,0.001517480210815039,0.00010288053175852636,0.0015315431
642,0.0014643295461104976,0.0014598188520823089,9.021399726915686e-05,0.0015379873
643,0.0015961071709170937,0.001591429589057548,9.355153332236317e-05,0.0017483062
644,0.0014497960581340724,0.001444427358607451,0.00010737419498936005,0.0018737849
645,0.001433214258092145,0.0014281380908667213,0.00010152346511757869,0.0014387865
646,0.0013439520701972974,0.001338342194341951,0.00011219750799998311,0.0012846047
647,0.001357930151021315,0.001353551957031919,8.756394153890155e-05,0.0017345701
648,0.0014046231207127371,0.0013989769853651524,0.00011292277596939787,0.001414876
649,0.0018665628934589524,0.001860365891156511,0.00012394008058436157,0.0015568752
650,0.0014060557237826287,0.00140149914400859,9.113160732820486e-05,0.0018663148
651,0.0015056219663367504,0.0015019258574789597,7.392205624611058e-05,0.0014160612
652,0.0013329388366805184,0.0013295036106784311,6.870450957964359e-05,0.0013800345
653,0.001373198790113545,0.001369825261645019,6.747062731869116e-05,0.0013591796
654,0.0013664083115549552,0.0013625171772825222,7.78226916205919e-05,0.0016473773
655,0.001572703329535822,0.0015689237120871742,7.559242046745062e-05,0.0015522084
656,0.001373944691537569,0.0013703302971811758,7.228793990279314e-05,0.0015956509
657,0.001487063915313532,0.0014829963587948845,8.135105521268492e-05,0.0015059317
658,0.0013854920269093579,0.001381293684244156,8.396695161031353e-05,0.0014094095
659,0.001343755696951929,0.0013400488403729266,7.413691632525143e-05,0.0014997752
660,0.001374530798703846,0.0013705288874916732,8.003818632005278e-05,0.0013846171
661,0.0012949445349578227,0.0012898750072862539,0.00010139043571497395,0.001390085
662,0.0013544607804053359,0.0013494487515547209,0.00010024053106576503,0.0015361599
663,0.0014633295527245436,0.0014588970574550332,8.864995584948096e-05,0.0016887297
664,0.0015160637881813778,0.0015106347363649142,0.00010858100471927577,0.0018640532
665,0.001333285106294271,0.0013293493163978889,7.871586919413352e-05,0.0014880819
666,0.0013075424578144318,0.0013040259027750128,7.033110926484041e-05,0.0014680224
667,0.0015673418283566004,0.001562217264694886,0.0001024913631295495,0.0018016706
668,0.0015149244676447577,0.0015104945813719597,8.859760027783005e-05,0.0013835665
669,0.0013365910414399372,0.0013331000318026376,6.982015275372085e-05,0.0014111818
670,0.001297030687176933,0.0012933618906471463,7.33759039292181e-05,0.0014138899
671,0.0013271276709727114,0.0013238738148680163,6.507698414313584e-05,0.0014588265
672,0.0014886517931396762,0.001484602738896178,8.098104832659677e-05,0.0018493717
673,0.0015292229156734214,0.0015251862997603086,8.073216761962006e-05,0.0018041948
674,0.0014271176821138295,0.0014221402544838688,9.954838676880702e-05,0.0015181006
675,0.0014434715409556197,0.0014388209286456306,9.301242206858105e-05,0.0015748864
676,0.0013215520962451895,0.0013182699538042976,6.564285206170299e-05,0.0015224466
677,0.001423061181170245,0.0014186335158430869,8.855327858865694e-05,0.0013973938
678,0.0013365296724562844,0.0013336552513970269,5.748842966618718e-05,0.0013825948
679,0.001373967063975417,0.0013700140834165117,7.90596654976778e-05,0.0014826834
680,0.0013973781696727705,0.0013932915068128042,8.173325737375676e-05,0.0014029815
681,0.0013159175739727086,0.0013126332028251554,6.568739361496354e-05,0.0013734787
682,0.0013794144020519324,0.0013759880611259076,6.852677925811198e-05,0.001460855
683,0.0017531788700984583,0.0017468534539350205,0.00012650817797445294,0.0024449164
684,0.0016294861083022423,0.0016257002070132229,7.57179815867141e-05,0.0017201345
685,0.0013537609768617485,0.001349936406283329,7.649139559609985e-05,0.0014354142
686,0.0013284753141407338,0.0013244509257169233,8.048778812129361e-05,0.0016701671
687,0.0014258822503810129,0.0014213896990339788,8.985099547216022e-05,0.0014853375
688,0.0012296325662949433,0.0012265454111103382,6.174311829288233e-05,0.0013612289
689,0.0012729430286627676,0.0012691487299485338,7.588609487326141e-05,0.0013406638
690,0.001345494476198736,0.0013415282255866462,7.932490355568373e-05,0.0013926023
691,0.0019105453742668034,0.0019052289814377825,0.00010632765753007966,0.0018236606
692,0.0014797361955667535,0.0014752317892594469,9.008818872815707e-05,0.0015955153
693,0.0014091794948197073,0.001405646384228021,7.066215713267513e-05,0.0014730581
694,0.001478856320803364,0.0014750189988666938,7.674654063754992e-05,0.0016819932
695,0.001800080207693908,0.001797085749502811,5.98891173476051e-05,0.0019920256
696,0.001607351373725881,0.0016020077629946173,0.00010687227249361639,0.0016169102
697,0.0012994443454469244,0.0012949359241045183,9.016842322277323e-05,0.0013687926
698,0.0012936364471291502,0.0012905500997375282,6.172685666198972e-05,0.0017583675
699,0.0013624538809785412,0.0013593167001898917,6.274375394037277e-05,0.001415135
700,0.0013305525567072134,0.0013264636082264284,8.177902657867664e-05,0.0014903434
701,0.0014016115727523962,0.0013970441081457667,9.134931566056418e-05,0.0015786068
702,0.0014926646577401294,0.0014892527419659827,6.823832417871422e-05,0.0014050745
703,0.001330818610990213,0.0013269220478832721,7.793116281196906e-05,0.0015391445
704,0.0014463076717220248,0.0014423386517187788,7.938039671999933e-05,0.0013713081
705,0.0012628900068294671,0.0012597615636574726,6.256890111432749e-05,0.0016613461
706,0.0013512209562274316,0.0013469910507814752,8.459789657270357e-05,0.0016258962
707,0.001282487963584976,0.0012781096247231794,8.756665327306716e-05,0.0014218139
708,0.0014122196783622105,0.0014094793535251585,5.48063500103366e-05,0.0014305994
709,0.0012845768748472135,0.0012820943595013685,4.965034822212999e-05,0.001360882
710,0.0013381698919046256,0.0013342467809302938,7.846207999288406e-05,0.0015289594
711,0.0015359447104856371,0.0015304845046355492,0.00010920414460365969,0.002101831
712,0.0016726861371555261,0.0016677513640994826,9.869557859853255e-05,0.0016058789
713,0.0014012955336107147,0.00139740152646684,7.78799746146635e-05,0.0018812006
714,0.001329798583820876,0.0013256867739578917,8.223619737274627e-05,0.001387705
715,0.0014354665737806094,0.0014307161275711325,9.500878647814817e-05,0.0015903193
716,0.0013779348861943516,0.0013726317401354512,0.00010606283586495932,0.0016061596
717,0.0014825020347618394,0.0014768330031074584,0.00011338050371294786,0.0017857761
718,0.0013970390932324032,0.0013940185424871742,6.041110557977921e-05,0.0022516537
719,0.0016341578706892,0.0016286795648435752,0.0001095660823276982,0.001491007
720,0.0013432287818027867,0.0013399521328715815,6.55329251947655e-05,0.0014438885
721,0.0012688894782008396,0.001265409557769696,6.959839973003707e-05,0.0017636117
722,0.0014323234454625183,0.0014280636562034488,8.519577040718336e-05,0.0017010396
723,0.0014153706129743822,0.0014122343958458967,6.272434684559712e-05,0.0015137977
724,0.001398400192718125,0.0013941845235725244,8.431331722104455e-05,0.0015441548
725,0.0014969172926309207,0.0014933334184913999,7.167753849191488e-05,0.0017227003
726,0.0013827255267339449,0.0013795546825147338,6.34170364056293e-05,0.0015098858
727,0.001304056993426962,0.0013002849119301471,7.544159670224026e-05,0.0013764476
728,0.0014297484109799068,0.0014259412936452362,7.614251600196711e-05,0.0018612035
729,0.00144335537786699,0.0014397274185385968,7.255928035239852e-05,0.0015014303
730,0.0015968620285598768,0.0015916268651684125,0.00010470335860569927,0.0019805555
731,0.0014812258925909797,0.0014770748934501575,8.301999527691667e-05,0.0015548852
732,0.0013334079956014951,0.0013295030855159792,7.809828712450124e-05,0.0014871832
733,0.001292764872778207,0.0012903771906470258,4.7753843746218335e-05,0.0013090603
734,0.0013841665970782439,0.0013805010847540366,7.33104058503563e-05,0.00157946
735,0.0013333476239090992,0.0013299640177542138,6.767216593854326e-05,0.0013570908
736,0.0012642014732894798,0.0012613925255007213,5.6178884205415615e-05,0.0015593006
737,0.0013366601378139522,0.0013323405084924565,8.639242160421013e-05,0.0014124898
738,0.001376484775553561,0.0013730148150999514,6.939917430912602e-05,0.0015302843
739,0.001284806016418669,0.00128162177796993,6.368464449148329e-05,0.0015039432
740,0.001445676236309939,0.0014430567544574538,5.2389548692291204e-05,0.0015068839
741,0.0018661887617781759,0.0018608659014312757,0.00010645710603967018,0.0016338505
742,0.001567930016770131,0.0015618456734551324,0.00012168697186451836,0.0018538511
743,0.0014043900391293896,0.0014009568723849953,6.86633451481739e-05,0.0015422998
744,0.0012889781164833242,0.001286297842549781,5.36054444640715e-05,0.0015645874
745,0.001258137188334432,0.001254844637070265,6.585103240329065e-05,0.0014603896
746,0.0013514962241364021,0.0013483232288207445,6.346000213231384e-05,0.0014638905
747,0.0014998796926293937,0.0014964606302479903,6.838105960916212e-05,0.0015469653
748,0.0014533870167926781,0.001448882685508579,9.008659629614613e-05,0.0014348731
749,0.0013190135437374313,0.0013158253200041751,6.376444701648628e-05,0.0014820084
750,0.0012584930350486602,0.0012545265619539553,7.932963700720089e-05,0.0015573958
751,0.0012891664945830902,0.0012860135744429298,6.305838364318737e-05,0.0013576612
752,0.0014264266549920042,0.0014221492766713104,8.554737421970278e-05,0.0016363834
753,0.0015219685479274227,0.0015184408118430939,7.055463203392441e-05,0.0018702229
754,0.001674112444743514,0.0016687650970804194,0.00010694687201433024,0.0017914082
755,0.0013285620332074662,0.0013239580555818975,9.207957325669566e-05,0.001439373
756,0.0015156115224171016,0.0015108822275780968,9.458598302642827e-05,0.001440992
757,0.0016330536015124785,0.0016292515986909468,7.604008549403969e-05,0.0012867698
758,0.0014604692683658667,0.0014572127308282586,6.513072726319378e-05,0.0021131018
759,0.001324591702885098,0.0013204270676295791,8.329262206861662e-05,0.001443896
760,0.0013264161573412518,0.001323393538283805,6.045239051388762e-05,0.0014357119
761,0.0013436661153617831,0.0013407074393601054,5.9173493001275624e-05,0.0013382778
762,0.0012703000063387056,0.0012669177156769567,6.764586694569314e-05,0.001370069
763,0.0012605578961989118,0.0012574062837908664,6.303221565156194e-05,0.0015806716
764,0.0015105921180090971,0.001506525341473106,8.133555547544802e-05,0.0015751781
765,0.0014473690030475457,0.0014426783425733447,9.38133049076997e-05,0.0018124507
766,0.001359870446483708,0.0013560900994990435,7.560703686877445e-05,0.0016088859
767,0.0015122311008680198,0.0015085148806166318,7.432442693268765e-05,0.0014986756
768,0.001332501584612247,0.0013286988742442596,7.6054217352982e-05,0.0014878953
769,0.0014216258733843765,0.0014185126754455268,6.226402361091646e-05,0.0013474629
770,0.001339586606870095,0.001336057920060638,7.057365536032497e-05,0.0013505195
771,0.0014785311184823513,0.0014751935067276159,6.67522658880494e-05,0.0018373107
772,0.001336605573952612,0.0013324811847673522,8.248771665017152e-05,0.0013989039
773,0.0013790731822761397,0.0013758857837981647,6.37479855233399e-05,0.001364755
774,0.0013234984129667283,0.00131977861876496,7.439605992113722e-05,0.0015730645
775,0.0013596486558930742,0.0013559276897770662,7.441939308373927e-05,0.0018805745
776,0.001504546281002048,0.0015010302420705556,7.032073998498589e-05,0.0013974942
777,0.0012927338079963293,0.0012899503900876475,5.566850766172138e-05,0.0014074568
778,0.0013867815464941992,0.001382851102648096,7.86089095770295e-05,0.0014135648
779,0.0014472553842804498,0.00144343843890561,7.633888891847264e-05,0.0027447224
780,0.0015427176271461777,0.0015378797271599373,9.675792569541702e-05,0.0015387516
781,0.0012715109119502206,0.0012690926138829025,4.836597046076443e-05,0.0014777988
782,0.0013700798774758975,0.0013661232466499011,7.913275063329038e-05,0.0013813575
783,0.001225434473922683,0.001222328276425186,6.212382660650829e-05,0.0014330042
784,0.0012745833593524165,0.0012715314437324802,6.103827834193806e-05,0.0013922766
785,0.0012865992288829552,0.0012833106861863698,6.577075930667636e-05,0.0013856902
786,0.0012769311407787932,0.0012743773482119043,5.107591600095576e-05,0.0016069146
787,0.0013428956063257324,0.001338899567619794,7.99207356436682e-05,0.0016116479
788,0.0013094784148658316,0.0013056489483763774,7.658939909514434e-05,0.0013279391
789,0.0013482012462595271,0.0013445145359987187,7.373428818356034e-05,0.0018823452
790,0.0014146248874668445,0.0014121439359668227,4.96189224324755e-05,0.001447549
791,0.0016218414685378471,0.001616682034606735,0.00010318872088848568,0.002189423
792,0.001430053182411939,0.0014277132823028499,4.6797880625387085e-05,0.0014906566
793,0.0013054691371507943,0.0013012997017035053,8.33886779471666e-05,0.0012531034
794,0.0014325730243904722,0.0014276215974758897,9.902858579759292e-05,0.0016555025
795,0.0013877547604756223,0.0013842500642769866,7.009409775441277e-05,0.0014705345
796,0.0015099852863285277,0.0015059665750919117,8.037440482679711e-05,0.0016366827
797,0.0013591202480408052,0.0013558084222798545,6.62364323312027e-05,0.001538976
798,0.0013592063423453105,0.0013562844380632872,5.8437995533861595e-05,0.0014585847
799,0.0012228429110513793,0.0012200701270355947,5.545567303468286e-05,0.001650153
800,0.0013209733633427984,0.0013177074750678407,6.531786453799605e-05,0.0013681368
801,0.0014052288542087707,0.001400659380791088,9.138941063184803e-05,0.0017092124
802,0.0015431874483409855,0.001539586946212997,7.201010299916612e-05,0.0014344533
803,0.001340241734093676,0.0013369894896944365,6.504484567370936e-05,0.0014465871
804,0.0014218830115472277,0.0014187460584152076,6.273909253419566e-05,0.0014789774
805,0.0016847090407585104,0.001681319490954694,6.779096474518711e-05,0.011431942
806,0.013336007721308205,0.013314595802997549,0.00042823931999886136,0.0054031815
807,0.0021982444088078207,0.0021948460373096166,6.796748433852202e-05,0.0015091221
808,0.0012588861036217874,0.0012560470081451867,5.6781983234404584e-05,0.0013416846
809,0.001156289718993422,0.0011542221169090934,4.1351993353049784e-05,0.0013736354
810,0.0012520317854877148,0.0012482960837789708,7.471402946634953e-05,0.0015837246
811,0.001215151252432002,0.001211689359560195,6.923781370207709e-05,0.0012893581
812,0.0012582246149476204,0.001256288294421716,3.872643153123671e-05,0.0013501187
813,0.0012902689037016697,0.001287085099870132,6.367596205210348e-05,0.0012651292
814,0.0011932478816662397,0.0011901133111678064,6.269145804430486e-05,0.0013157423
815,0.0011345282934295635,0.0011317382708916233,5.5800496685757635e-05,0.0012917586
816,0.0012196368292077548,0.0012167976315443714,5.678407727758541e-05,0.0013845935
817,0.001236031511022399,0.001232705956014494,6.651104747308838e-05,0.0013283105
818,0.001229339981606851,0.0012263011717651452,6.077634205578559e-05,0.0013195997
819,0.0012898706649947498,0.001286933485728999,5.874354223780958e-05,0.0014655868
820,0.0012068314814112253,0.0012037745961505505,6.113779699035149e-05,0.0014259365
821,0.001264167514940103,0.001260727826350679,6.879387629344554e-05,0.0014427168
822,0.0012755552125680778,0.0012706906767562033,9.729051138517914e-05,0.0018010006
823,0.0012961063792722093,0.001293092761706147,6.027241790169175e-05,0.0014058156
824,0.001148417311358369,0.0011454246252671713,5.985367996659521e-05,0.0013557818
825,0.0012607452938229674,0.0012575004767212603,6.489637513475483e-05,0.0013783682
826,0.0012489089884588289,0.001246033894777712,5.750202556827035e-05,0.0013390873
827,0.0013415469749209782,0.0013380608689557347,6.972218491539827e-05,0.0016624836
828,0.0013647431455966498,0.0013595567459964918,0.00010372805593685067,0.0013596899
829,0.0011821945081464946,0.0011799527409796914,4.483534828270624e-05,0.0018932702
830,0.0012891318183392286,0.0012866377675284943,4.988095943717753e-05,0.0016514036
831,0.0013575698714703322,0.0013545156702295773,6.108401924270387e-05,0.0013835159
832,0.0012387302600675159,0.0012359569082036614,5.5467035374413674e-05,0.0014357613
833,0.0012063217077714701,0.0012035687182409068,5.5059642788061563e-05,0.0013417909
834,0.0012362662146592307,0.0012338181116825176,4.8961886648157815e-05,0.0014072581
835,0.0012393977971644037,0.0012362365481547184,6.322511204463292e-05,0.0014371768
836,0.0012324181411208378,0.001229708318391608,5.419637276576042e-05,0.0013590825
837,0.0013999855779628786,0.0013965629442181024,6.845268175305187e-05,0.0015899461
838,0.0014537549306017658,0.0014498846812380684,7.740505733535327e-05,0.0014198325
839,0.0013745443714368675,0.0013712821890496545,6.524356634556799e-05,0.001496545
840,0.0013335189109461175,0.001329608806150241,7.820205512858694e-05,0.0017387641
841,0.0013055855796361962,0.0013017343861671785,7.702380311387615e-05,0.0013883337
842,0.0012088456863744391,0.0012056671716790233,6.357032706318932e-05,0.0015100318
843,0.0013606581604108214,0.0013581255502584909,5.065226158270283e-05,0.0016842318
844,0.0013939157167139153,0.0013912500166851614,5.3314113035993514e-05,0.0015091557
845,0.0013040929748159315,0.0013010095158177946,6.166906927481797e-05,0.0019763955
846,0.0013311082820615006,0.001328083897371673,6.0487620807250474e-05,0.0014159265
847,0.0012337111065992051,0.0012312863254919648,4.849572300018837e-05,0.00124559
848,0.0013126350919871281,0.0013097238823926696,5.8224194255451775e-05,0.0017123625
849,0.0013729182149594028,0.001369461140388416,6.91414964459606e-05,0.0014493227
850,0.001355604977450437,0.0013530388176958594,5.1323247137544414e-05,0.0014101972
851,0.0013078531534928414,0.0013041355155615343,7.435279387411558e-05,0.0013503422
852,0.0012252775641779104,0.0012222757058528563,6.0037242632107434e-05,0.001392273
853,0.0013771294202241633,0.0013725299996116924,9.198839862973626e-05,0.0014250882
854,0.0012353743077255785,0.0012326472542352146,5.45409515394921e-05,0.0013923616
855,0.0013325278815399441,0.0013287303775238494,7.595018359501814e-05,0.001502423
856,0.001487605951519476,0.0014844517223536967,6.308463408563923e-05,0.0013975017
857,0.0013507265519971648,0.0013466912955563102,8.070519569021901e-05,0.0021974994
858,0.0016624597134068607,0.0016585385116438072,7.842400323154506e-05,0.0014743081
859,0.0013455463482791351,0.0013424009058831466,6.290889882589251e-05,0.001648973
860,0.0014350076464729176,0.0014317674251894156,6.4804465218297e-05,0.0013676798
861,0.0013250142672202652,0.0013212085856745641,7.611363538318175e-05,0.0015641311
862,0.001628114277910855,0.0016251992602418694,5.830041935850103e-05,0.0014707259
863,0.001339431174306406,0.0013355602109287347,7.741924856329913e-05,0.0014124493
864,0.0012418927987002664,0.0012384987552650274,6.788103049757411e-05,0.0013414931
865,0.0012295625521801413,0.0012260164030724102,7.092307970554637e-05,0.0016452287
866,0.0012737972260866727,0.001271374413691875,4.845638107377049e-05,0.001507152
867,0.0012862841275313663,0.0012829717080522743,6.6248341266828e-05,0.001271666
868,0.0012450899734782676,0.0012424873226943116,5.205305474570802e-05,0.0016242183
869,0.0013426185016416842,0.0013400348770018253,5.167247062066356e-05,0.001398152
870,0.0013047372831756043,0.001301568720696701,6.337120652864946e-05,0.0015270443
871,0.0014138986925697988,0.0014096973644983437,8.402650449031373e-05,0.0014145819
872,0.0012340862692023318,0.0012317134623622728,4.7456046593197244e-05,0.0014266841
873,0.0012767122747997443,0.0012743326279127764,4.759307116095377e-05,0.0014947435
874,0.0013524249144312409,0.0013488321371066074,7.185562187245075e-05,0.0016101166
875,0.0012782863224856556,0.0012753477190724678,5.877214930597082e-05,0.0015185813
876,0.0013218380342651572,0.0013182747268324926,7.126616920661238e-05,0.0016131713
877,0.0012890588194649252,0.001285092975012958,7.931698148442795e-05,0.00148769
878,0.0013041869439702066,0.0013010385950716834,6.296687464429043e-05,0.0023277788
879,0.0014647129082327915,0.0014609779515821072,7.469903574296197e-05,0.0015531721
880,0.0014182353650944101,0.0014141851648067434,8.100405508181376e-05,0.001389278
881,0.001286827924195677,0.0012830594011271994,7.53704320749825e-05,0.0015704617
882,0.0013292907336209384,0.0013260647719208565,6.451910419419763e-05,0.0015852494
883,0.0012325238733966318,0.001229656534269452,5.7346858391701025e-05,0.0013209855
884,0.001341275957464758,0.0013378353802383774,6.88116638154194e-05,0.001548967
885,0.0013552924799215462,0.0013517781406537526,7.028681317693655e-05,0.0016808697
886,0.001279294926724914,0.0012761768677996264,6.23611006567949e-05,0.0014076885
887,0.0013339403292371168,0.0013307275535124872,6.425557346890888e-05,0.0018046892
888,0.0012893745507527557,0.0012857273570261896,7.294397380622146e-05,0.0013748755
889,0.0014384524702715376,0.0014343494432978332,8.206050968561209e-05,0.0015388082
890,0.0014344431162397894,0.0014300427373705638,8.800753594521766e-05,0.0015538047
891,0.0014792286842647527,0.0014746983975379004,9.060557033160579e-05,0.0019248719
892,0.0013736412524142198,0.0013706087057168284,6.06509241353908e-05,0.0016917847
893,0.0014981945303993093,0.0014942230087601476,7.94304637992127e-05,0.0018998084
894,0.0013206059992727306,0.0013171236315328214,6.964741418808984e-05,0.0014768712
895,0.00127626682838632,0.0012741067783079213,4.320097826935567e-05,0.0014499802
896,0.001440878581100454,0.0014369867806736795,7.783606925661798e-05,0.0013437287
897,0.0013706051498754985,0.0013676966721605924,5.8169489339358434e-05,0.0014956363
898,0.001471738990706702,0.0014673573728133406,8.763237923119505e-05,0.0015882284
899,0.001264866167265508,0.0012611367894957463,7.458757422445074e-05,0.0014149679
900,0.0014238302492433125,0.001420049011034684,7.562466975249056e-05,0.0013707997
901,0.0012481984488355617,0.0012452017722858323,5.9933368152087493e-05,0.001545539
902,0.0013321812219348633,0.0013288713946369374,6.619665854898927e-05,0.0016732421
903,0.0016477416424701611,0.0016422630856848426,0.00010957120657622,0.0014543144
904,0.0014280345730690491,0.0014230837709166937,9.901598891804358e-05,0.001473819
905,0.0013307526578298873,0.0013276934403822654,6.11843255758594e-05,0.0015173294
906,0.0013094774783692425,0.001306301042334073,6.352875099966898e-05,0.0017127644
907,0.0012941599500158594,0.0012909559364844528,6.408025803662632e-05,0.0013585648
908,0.0013179619473198223,0.0013143402045696145,7.24348875035869e-05,0.0014165042
909,0.0014046300707074503,0.0014015423405605058,6.175465913272029e-05,0.0014779594
910,0.0012823915070233245,0.0012785638152207764,7.655391387789084e-05,0.0013072013
911,0.0014251132883752386,0.0014219007946343885,6.424962511017738e-05,0.0013591778
912,0.0013983819543177056,0.0013958492044669887,5.065501327218651e-05,0.0016088637
913,0.0012801878322433267,0.0012768149414720635,6.74579092882747e-05,0.0013524796
914,0.001271793423479216,0.0012688144899180365,5.95786699771376e-05,0.0016295046
915,0.001285065244883299,0.0012807880075544947,8.554472475326393e-05,0.0013913256
916,0.0014207724520626168,0.0014177506310968763,6.043651162030983e-05,0.0016318221
917,0.0012948809928881625,0.0012921975162397657,5.366956193597616e-05,0.0012906101
918,0.0012946163355890248,0.0012915323772985075,6.167907481644646e-05,0.0014057285
919,0.0014222904522385863,0.0014184271955552201,7.72651876237281e-05,0.0014680913
920,0.0012749369411418836,0.0012712033504309753,7.467168844699717e-05,0.0014405558
921,0.0013792655676499836,0.0013752071445600855,8.116849127064699e-05,0.0014433197
922,0.0013074247192384468,0.0013046504425195356,5.548552165398254e-05,0.0013571687
923,0.0013227163503567378,0.0013198223831649455,5.7879267429288776e-05,0.0012751593
924,0.0013023197870805031,0.0012994673219509424,5.704923457253091e-05,0.0014897669
925,0.00128793260988055,0.0012848833692260086,6.098477432187918e-05,0.001422102
926,0.0013766896238343583,0.001372937195830875,7.504834136887616e-05,0.0017720057
927,0.0014906791957198745,0.001488362383356111,4.63362307415554e-05,0.0019086564
928,0.0013640825015803178,0.0013606383672191036,6.888286081729866e-05,0.0013546128
929,0.001307810572648628,0.001303251361888316,9.118432831516859e-05,0.0013511103
930,0.0012882106174300942,0.0012851774485574828,6.066342718192964e-05,0.0017335536
931,0.0015909988070941634,0.0015852500348248416,0.00011497529828498424,0.0014408268
932,0.0013296814544850753,0.001327013069142898,5.336758831151971e-05,0.0015840535
933,0.0012590899856554138,0.0012553211417980492,7.537680281252e-05,0.0013499196
934,0.0013223206106987265,0.0013188999573079249,6.841304969561356e-05,0.0015324096
935,0.0014653367378438511,0.0014608502776051562,8.972925038806226e-05,0.0013707251
936,0.0013959227996464404,0.0013919408601294789,7.963876790376567e-05,0.0021597529
937,0.001600508422901233,0.0015957617537221975,9.493340152144154e-05,0.0020870632
938,0.0013353796093724668,0.0013326967717148363,5.36567829812805e-05,0.0014289123
939,0.0013381439493969083,0.001335354802560889,5.578286752457492e-05,0.001532399
940,0.00137179900581638,0.0013681788683041103,7.240295108361908e-05,0.0013776753
941,0.0012383073451928794,0.0012344804838196272,7.65372570425724e-05,0.0014130474
942,0.001266696287267324,0.001263721811119467,5.9489587187676485e-05,0.0013445094
943,0.0012579380819160077,0.001254707151868691,6.461854916940031e-05,0.0014296137
944,0.0015022828554113706,0.0014969848380941484,0.00010596036618271872,0.0014379298
945,0.0014713511892801357,0.0014682575348868138,6.187313520348663e-05,0.0015299275
946,0.0014385032273518542,0.0014347988271361423,7.40879985770388e-05,0.0015383897
947,0.0014840550112745,0.0014810282724081643,6.0534617006169356e-05,0.0017746714
948,0.001332943939552125,0.001329718008896129,6.451831154789842e-05,0.0015083441
949,0.001291168046494325,0.0012883086947517264,5.7186884160545204e-05,0.001412007
950,0.001297288957155413,0.0012939628601695101,6.65219900101969e-05,0.0017123158
951,0.0013440550486039785,0.0013414533084465398,5.2034847911070556e-05,0.0013926157
952,0.0012387799254308144,0.0012358505304695831,5.858781740799815e-05,0.0014909353
953,0.0013204646982356077,0.0013174010143201383,6.127349298531549e-05,0.0014491663
954,0.0013178525389068657,0.0013155201204224593,4.664843119807453e-05,0.001525286
955,0.0013932759795958797,0.0013896654463476604,7.221068202751566e-05,0.0013819383
956,0.0012836315798469716,0.0012793818902638223,8.499373102842533e-05,0.0013603298
957,0.0012461836501542064,0.0012429547509075038,6.457810875701853e-05,0.0014881451
958,0.0012349846979810132,0.0012319299081961315,6.109587925493543e-05,0.0019237912
959,0.001499520680711915,0.001494510942656133,0.00010019456769580555,0.0016283466
960,0.0012486903061572877,0.0012457176719585226,5.945269788883125e-05,0.0016254386
961,0.0012735121741166546,0.001270015132872181,6.994074202471741e-05,0.001414879
962,0.0012731413615660536,0.0012705163564532996,5.2500162024039634e-05,0.0014555107
963,0.0014574501236590245,0.0014545134087610575,5.873432278096718e-05,0.0013929096
964,0.0013301176639894643,0.0013265959750343528,7.04336647408531e-05,0.0014010218
965,0.0013381699643408259,0.0013335886230278345,9.16268153315198e-05,0.0014025881
966,0.0012288308275553088,0.0012252265057112607,7.208645473484567e-05,0.0013391614
967,0.0013548311441101961,0.0013510055801210304,7.651134472581589e-05,0.0015563926
968,0.0013157639432595008,0.0013133035882169175,4.92070341667588e-05,0.0017797807
969,0.0013489214405934843,0.0013458181405439974,6.206602455449683e-05,0.0014203171
970,0.0012935215439130036,0.0012913057671135497,4.4315527491613064e-05,0.0014863034
971,0.0014601484768920474,0.001456325503790544,7.645945786439117e-05,0.0016998963
972,0.0013335806446977787,0.001330493181012571,6.174919996403282e-05,0.0016337851
973,0.0013633306694423987,0.0013593338365252648,7.99366371893484e-05,0.0013239479
974,0.0013082772402817178,0.0013055141433142125,5.526193979987973e-05,0.0014741756
975,0.0012995427577859825,0.0012970302098741133,5.0250962097682834e-05,0.0015765581
976,0.001250297088538193,0.0012474601907241675,5.6738080801545086e-05,0.0014801552
977,0.0012227930788261195,0.0012196048964849776,6.376355445575478e-05,0.0013145381
978,0.0013317322449034287,0.0013287467765621841,5.9709377949780495e-05,0.0018237735
979,0.0013743103598244488,0.0013717388863571816,5.142965696399592e-05,0.001339498
980,0.0013223638175986706,0.0013186232859475745,7.481076107175176e-05,0.0015479184
981,0.0013242105047942864,0.0013202395652317338,7.941884763214249e-05,0.0013937617
982,0.0013035479687257773,0.0013002173095527623,6.661324838259159e-05,0.002376616
983,0.0013880348234023485,0.0013829148917769392,0.00010239850411390232,0.0017062369
984,0.0012718565309316747,0.0012682849761202104,7.143120436678727e-05,0.0013776107
985,0.0013700653941163586,0.001365936369014283,8.258040558517779e-05,0.0013941702
986,0.012038960050429322,0.012024507220161872,0.0002890584993647533,0.023169765
987,0.00923239463267641,0.009202954801730811,0.0005887983099648035,0.0023461278
988,0.001621146320313629,0.0016161789263909063,9.934784145878931e-05,0.0015907653
989,0.0013860234525054694,0.0013828016015597516,6.443699364019216e-05,0.0014206922
990,0.0013966751724688543,0.0013927861517812642,7.778028903986625e-05,0.0017202391
991,0.0015189179878992338,0.001514045731164515,9.74451091721562e-05,0.0014362667
992,0.0013214504307446381,0.001317328195242832,8.244475780267003e-05,0.0013741229
993,0.0015664259528016878,0.0015627718685815731,7.308178517430658e-05,0.0015552581
994,0.0013920114582611455,0.001387765063231604,8.492787164134559e-05,0.0013599047
995,0.0012918934497671822,0.0012885616755940847,6.663564920062173e-05,0.0014290699
996,0.0011890604988568359,0.0011860070853597587,6.10683282767082e-05,0.0013118439
997,0.0012592600218744741,0.001255917536198265,6.684981845125213e-05,0.0013380265
998,0.0012443932562342121,0.0012410846681127118,6.61717848591555e-05,0.0013521281
999,0.001266353885229263,0.0012627151742991474,7.277417550165903e-05,0.0013648561
1000,0.0012514100397109157,0.001248546781587518,5.726516901300253e-05,0.00168281
1001,0.0012187110169583726,0.0012151723598233528,7.077307078967957e-05,0.0014783521
1002,0.001252506783283833,0.001249433113520758,6.14733831930102e-05,0.0015426594
1003,0.001254958936220242,0.0012527777089012993,4.3624550769057654e-05,0.0015950557
1004,0.0012761425524432627,0.0012720915359548397,8.102045261930455e-05,0.0016405799
1005,0.0012882618013665909,0.0012848201104336315,6.883376248273028e-05,0.0013593796
1006,0.001296321864032911,0.0012912009441707697,0.00010241841420995317,0.0013878833
1007,0.0012699577336510023,0.001266761547109733,6.39237627284375e-05,0.0015390313
1008,0.0012620124513179891,0.0012585525232781138,6.919871950180499e-05,0.0014607727
1009,0.0012285415121975043,0.0012255295128044154,6.0240080840361856e-05,0.0012756917
1010,0.0012440062089202305,0.0012406840157281193,6.644393830204839e-05,0.0015234986
1011,0.0012698962353169918,0.0012656342005357146,8.524068620832596e-05,0.0013866005
1012,0.0014346558755884567,0.0014310204139393237,7.27090230049675e-05,0.0016236115
1013,0.0013562139033132957,0.0013524543080064985,7.519205063901937e-05,0.0013693798
1014,0.0013536298699263068,0.0013489978142186172,9.264121413170321e-05,0.0014043716
1015,0.0012796864780183468,0.0012767194796146617,5.933995420862222e-05,0.0012569305
1016,0.0012100927169538206,0.0012072596724869477,5.666076966895793e-05,0.0015576514
1017,0.001258986576512042,0.0012556312204752532,6.710718499789437e-05,0.0012740626
1018,0.001321146632027295,0.0013172280353804429,7.83720672308203e-05,0.001448759
1019,0.0012189373477465577,0.0012163727078586817,5.129275129623541e-05,0.0013163002
1020,0.0014992401792874766,0.0014954977875782384,7.484781871325039e-05,0.0014846092
1021,0.0011899946050511465,0.0011877452747689353,4.4986615884252186e-05,0.0014413695
1022,0.0012264098778056601,0.0012230512349762851,6.717285016166999e-05,0.0014022171
1023,0.0012122170223544042,0.0012090419561395214,6.350122546810629e-05,0.001444892
1024,0.0013153909550358853,0.0013117618988164597,7.258116445680369e-05,0.0017607498
1025,0.0012575646991738014,0.0012550171839797663,5.0950368841995444e-05,0.0013535987
1026,0.0012423099652450118,0.0012392569811911218,6.105974650015217e-05,0.001338316
1027,0.0012631647663915323,0.0012603684095665812,5.5927141858723595e-05,0.0015560872
1028,0.0013847476763961216,0.0013812013565459185,7.092624083371548e-05,0.001519905
1029,0.001337811773798118,0.0013352183288791114,5.186895222348337e-05,0.0014753483
1030,0.0016006827289755973,0.0015961325869688558,9.10028787324614e-05,0.0014331004
1031,0.0013399879150610002,0.0013358853860861726,8.205041117940306e-05,0.0014252247
1032,0.0012343824672926631,0.0012320018153534167,4.761296432851638e-05,0.0013885092
1033,0.00131553950228004,0.0013115474734351866,7.984047042681494e-05,0.0013447476
1034,0.0013365436047833,0.0013308693900600903,0.00011348423784211341,0.0014768686
1035,0.001318037631507549,0.0013150309212505817,6.013415318712529e-05,0.0016030519
1036,0.0014904400010386275,0.0014873412256646487,6.1975431692692e-05,0.0014359616
1037,0.00132269280600465,0.0013194787639400198,6.428110069971954e-05,0.0016846143
1038,0.0014548958680178556,0.0014517987302194038,6.19428524588825e-05,0.0017689393
1039,0.0012968029050777355,0.0012935468978765938,6.511998076318785e-05,0.0013731986
1040,0.0012999093108293084,0.0012962996778595778,7.219277481158828e-05,0.0016865935
1041,0.001340149515049739,0.001337025976843304,6.247097730415084e-05,0.0014719476
1042,0.0012899218049521248,0.0012871906665774683,5.46227846336424e-05,0.0013490943
1043,0.0013984072565411529,0.0013936405160671307,9.533474700636664e-05,0.0013921252
1044,0.001310114077447603,0.0013065399860756265,7.148193525752491e-05,0.0013301193
1045,0.0014624664508220222,0.0014576635504555372,9.605800820263651e-05,0.0016592456
1046,0.0014717763626120157,0.0014691107738245693,5.331170214049052e-05,0.0013758749
1047,0.001313579175621271,0.0013098727950515846,7.412778013670993e-05,0.0015951982
1048,0.0012431437447149721,0.0012402142527409726,5.858979251722e-05,0.0013607261
1049,0.0013063475955277682,0.0013024492784299785,7.796628852907932e-05,0.0013978428
1050,0.0012320669173883894,0.0012286023650732306,6.929090849799498e-05,0.0014994392
1051,0.001212036616117176,0.001208274711906496,7.523810128814053e-05,0.0014167137
1052,0.0012939176690350805,0.0012905758637417521,6.68359573973376e-05,0.0015389466
1053,0.0014573998374140097,0.0014534076559357344,7.984346159246838e-05,0.0013930626
1054,0.0016336585162207485,0.001628475496545434,0.00010366035359330697,0.0013521354
1055,0.0012258418331233163,0.001222422685370677,6.838303662846102e-05,0.0015633368
1056,0.0013028584744056893,0.0012995697596731284,6.577437338819436e-05,0.0013939682
1057,0.0013181132988797294,0.0013152084274527928,5.809733014230132e-05,0.0013701828
1058,0.0013087781495414673,0.001306037999327398,5.480304626972712e-05,0.001428469
1059,0.0013387976822236347,0.0013351399645519753,7.315438680153522e-05,0.0014391887
1060,0.0012956007616594435,0.0012925843216685785,6.032876117640424e-05,0.0013987633
1061,0.0013168234792020586,0.0013135685365543597,6.509876705662363e-05,0.0014117161
1062,0.001313927527775781,0.0013113672211248842,5.1206177390995655e-05,0.0013979465
1063,0.00126024256589719,0.0012572598837626476,5.9653570453595724e-05,0.0017375805
1064,0.0013791813463386563,0.0013758705282169912,6.621644576322675e-05,0.0014023618
1065,0.001304643610233648,0.0013015529528881112,6.181308684235868e-05,0.0016317314
1066,0.001284708049044841,0.0012813511278687252,6.713834693117507e-05,0.0014875022
1067,0.0013080633297148678,0.0013048836948453553,6.359274231644778e-05,0.0013491898
1068,0.0012957975410649346,0.0012926021513218681,6.390768185563284e-05,0.001406262
1069,0.001504586798708058,0.0014995180949982669,0.0001013742039972164,0.0020018334
1070,0.0013881169789884654,0.001381866046641436,0.0001250186011011086,0.0013939345
1071,0.0012437374382797215,0.0012406759365047846,6.123012026427609e-05,0.0014980879
1072,0.0014158243015925918,0.0014124215451172656,6.805502874714067e-05,0.0013774718
1073,0.0013471125560398731,0.001344136082722495,5.952942242938914e-05,0.0013288315
1074,0.0012688772558855513,0.0012645532480544514,8.648019653239519e-05,0.0014411844
1075,0.0012892821480313108,0.0012860113185726935,6.541649938374879e-05,0.0013980903
1076,0.0012869120394397113,0.0012830924824811518,7.639103668523914e-05,0.001382966
1077,0.0012633583586042125,0.0012600772988258136,6.562128312307896e-05,0.0013848207
1078,0.0012838575717372199,0.001279938557288713,7.838006797934819e-05,0.0014585059
1079,0.0013015705083186428,0.0012984588431815306,6.223350064828991e-05,0.0015592419
1080,0.0013427928749782344,0.0013386452001416021,8.295336911435432e-05,0.0017011224
1081,0.001479299502292027,0.0014738987510402998,0.00010801483771700759,0.0015399996
1082,0.0012631703051738442,0.0012593997965773774,7.541019830973205e-05,0.0012940816
1083,0.001258306639889876,0.0012558986691551077,4.815951649624771e-05,0.0013856264
1084,0.0013423189766601556,0.0013391563060900402,6.325353202656617e-05,0.0013551222
1085,0.0014526869028082324,0.0014470239570881758,0.00011325882289586136,0.0014223017
1086,0.0014004993950948118,0.001397381764319208,6.235264600604751e-05,0.0013901894
1087,0.00131259942944679,0.0013097129749237663,5.7729031837223175e-05,0.0013844755
1088,0.0012755999302801987,0.0012729975976981222,5.204671403483808e-05,0.0015329614
1089,0.0013432861370448437,0.0013392369625055127,8.098360143156927e-05,0.0017715811
1090,0.0013813407457847562,0.0013784639550269478,5.753563766196142e-05,0.0014851963
1091,0.0012922490416612063,0.0012888794945966867,6.73908225167145e-05,0.0014495534
1092,0.001315814744318939,0.00131214141793963,7.346648610185487e-05,0.0013112725
1093,0.0014630462819089493,0.001459098427504715,7.895708924436917e-05,0.0018796524
1094,0.0012698901985358033,0.0012669324810202752,5.915446569646734e-05,0.0012972889
1095,0.0012251484867495796,0.0012224237822617094,5.449395089816751e-05,0.0014179031
1096,0.0013799109418566027,0.0013758005496735373,8.220776026064413e-05,0.0019543914
1097,0.0013287667844754955,0.0013249865746022098,7.56042758906814e-05,0.0013985571
1098,0.0012876498978585005,0.0012851931969635189,4.9134108282309105e-05,0.0013515215
1099,0.0013273468667951724,0.0013245034536036352,5.686821085061232e-05,0.0015449984
1100,0.001453023279706637,0.0014496723306365311,6.701890900381436e-05,0.0014083264
1101,0.0013112253470656773,0.0013078963487512536,6.658005323107514e-05,0.001765362
1102,0.0013108099164027306,0.0013068104848369129,7.998848572141369e-05,0.001520152
1103,0.0013192534705417024,0.0013159681357339853,6.570679796264282e-05,0.0013724201
1104,0.0012354838286733462,0.001231460321125471,8.047012253579548e-05,0.0016502135
1105,0.001308166045540323,0.0013039970201336676,8.338046147602856e-05,0.001564026
1106,0.001328920340165496,0.0013262734903643528,5.293714736625235e-05,0.001791842
1107,0.0012895449918384353,0.0012862425569134454,6.604874305619686e-05,0.0015995642
1108,0.0013531810086634423,0.0013488581248869498,8.645763340256154e-05,0.0015652508
1109,0.001322922083393981,0.0013184160589137012,9.012046229580998e-05,0.0013366812
1110,0.0012632641333362295,0.001260369249050402,5.789757817653809e-05,0.0013371675
1111,0.0013406156031932268,0.0013366529045419561,7.925402987483368e-05,0.001419958
1112,0.0012786480158360467,0.001275620450420926,6.0551148948049e-05,0.0013439737
1113,0.0012478965722645323,0.0012447942501037485,6.204645793046224e-05,0.0015538364
1114,0.001204924202627606,0.0012019743664293653,5.899668240437627e-05,0.0017841756
1115,0.0015133811160922051,0.0015081390919577744,0.00010484035899437238,0.0016134696
1116,0.0013285886159994536,0.0013244168186146352,8.343602725516201e-05,0.0013856125
1117,0.0013835720924867524,0.0013793199685298734,8.504252271784986e-05,0.0015422793
1118,0.0014127884124819604,0.0014089237885653145,7.729242293851179e-05,0.0014537291
1119,0.0012898144726124076,0.0012870163100564646,5.596339286108155e-05,0.0014448883
1120,0.001281062504535334,0.0012778210039767954,6.482986641843287e-05,0.0016230715
1121,0.0013578996088148818,0.0013539251949017247,7.948821543411878e-05,0.0017368832
1122,0.0012894132898913489,0.0012869596080337133,4.9073527331857904e-05,0.001393088
1123,0.0013111751681814591,0.0013075833040703502,7.183729458246389e-05,0.0015427929
1124,0.0013254151990016302,0.0013225000856133798,5.830218425381241e-05,0.0015493016
1125,0.0013036663540535503,0.001300395185696996,6.542338737271317e-05,0.001356427
1126,0.0012543031842344337,0.0012516365011429622,5.333365876999273e-05,0.0014117395
1127,0.0012314926367253064,0.0012288347740347187,5.3157252192350925e-05,0.0017985178
1128,0.001271370817751934,0.0012672834305299653,8.174768927441771e-05,0.001377558
1129,0.0011972357337880467,0.0011940996369553937,6.272200536171132e-05,0.001331853
1130,0.0012774577209105095,0.001274072821252048,6.769798191170493e-05,0.001533207
1131,0.0013497369842500322,0.0013467398084079226,5.994353439401973e-05,0.0015418304
1132,0.0013042347505688666,0.0013008117417080535,6.846013135315903e-05,0.0013919935
1133,0.0013787905918434262,0.0013742725300188695,9.036120666961898e-05,0.0013758084
1134,0.0012233386230137613,0.0012197693421815833,7.138574209446031e-05,0.001524352
1135,0.0013363159869590568,0.0013332408671784732,6.150240769405475e-05,0.0015616538
1136,0.0012459548694702487,0.0012428874305138984,6.13488294283747e-05,0.0015063408
1137,0.001440181364564018,0.0014367107690001527,6.941196975015865e-05,0.0017638729
1138,0.0013744419117251204,0.001370374882955932,8.134031581672475e-05,0.0013817397
1139,0.001238062015424172,0.0012350397443191873,6.044548609843837e-05,0.0013439828
1140,0.001481625743003355,0.001478349044919014,6.553394182446936e-05,0.0016489775
1141,0.0012872668565250933,0.0012846387224271893,5.256249716928273e-05,0.0014238349
1142,0.001223251991905272,0.0012201863392773602,6.1313024881176e-05,0.0014385388
1143,0.0013336063686033917,0.0013301289226445886,6.954877272386836e-05,0.0014046134
1144,0.0013487175792559153,0.0013456081699890394,6.21882066708521e-05,0.0014455235
1145,0.0013608223254171512,0.0013584308688425356,4.7829246403136636e-05,0.0016330455
1146,0.0012569797328776783,0.0012538042824922337,6.350911927666619e-05,0.0014110205
1147,0.0012519858001420895,0.0012492633036648233,5.444988687549489e-05,0.0013631843
1148,0.001259496664473166,0.0012566525592572159,5.6882044624254983e-05,0.0014641349
1149,0.0012750211818557647,0.0012721328051864273,5.776753441877089e-05,0.0017775313
1150,0.0013841390816701784,0.0013806750997900964,6.927971720459188e-05,0.001543911
1151,0.0012996125371298856,0.0012964893145383232,6.246431722540061e-05,0.0016822275
1152,0.0013781187383251057,0.0013740395596768293,8.158361017317854e-05,0.0014123472
1153,0.0014535472482546336,0.0014472853366492523,0.0001252381537439204,0.0014162147
1154,0.001296582665397889,0.0012934423944291969,6.280543654588498e-05,0.0017979412
1155,0.0013009878276433382,0.0012977403472177683,6.494953809518873e-05,0.0015135707
1156,0.0013772397340896228,0.0013721801922656595,0.00010119101637413416,0.0014930544
1157,0.0013501793391899103,0.0013459997963056797,8.35908528323258e-05,0.0015051722
1158,0.0013108428852218721,0.0013075232298837768,6.639310207421861e-05,0.0015068438
1159,0.0013651982040351464,0.001362733713661631,4.928976111937051e-05,0.0016247629
1160,0.0012492092998905315,0.0012459102836954925,6.598031216277099e-05,0.0017009365
1161,0.0012847173648575941,0.0012817308009188209,5.9731363064151484e-05,0.0017818924
1162,0.0012845282468737828,0.0012815967331536943,5.863030205419919e-05,0.0014480809
1163,0.0012905254533203939,0.0012858598816415502,9.331151885392489e-05,0.001419678
1164,0.0013137290512935983,0.0013094141393796437,8.629818174365293e-05,0.0014495058
1165,0.0013339633147956597,0.001331525832776808,4.874966599541292e-05,0.001368741
1166,0.0014195780864813261,0.0014152967539202007,8.562655733999552e-05,0.0018388125
1167,0.0013382999420476457,0.001334861134334157,6.87762165021471e-05,0.0014318082
1168,0.0012126853754226533,0.0012098108030234773,5.7491516296674185e-05,0.001505389
1169,0.0012654064365455674,0.0012625157677878937,5.7813457337552164e-05,0.0014286726
1170,0.001450726084618105,0.0014472711223384573,6.909950075990107e-05,0.0014086837
1171,0.0012785208812500868,0.0012735204473655257,0.00010000857517853648,0.0014788308
1172,0.0012842341080411442,0.001281053874279476,6.360483943757976e-05,0.0016205725
1173,0.0012442738361035785,0.0012410752320041259,6.397215011951907e-05,0.0013001391
1174,0.001250642217281792,0.0012480520837319395,5.180268037226673e-05,0.0015107925
1175,0.0013169853107279374,0.001314339443989512,5.29172965738351e-05,0.0015384777
1176,0.001225709728896618,0.0012221544748172164,7.110508651493812e-05,0.0013958334
1177,0.0012578904124287268,0.0012551226459133129,5.5355261890907867e-05,0.0016239107
1178,0.0012215327225728995,0.0012186188781116573,5.827686380843744e-05,0.0014901637
1179,0.0012692610125264359,0.00126659306180146,5.3358989345753115e-05,0.0013671641
1180,0.0012829465959738526,0.0012794899120409456,6.913376521263171e-05,0.0018539679
1181,0.001386410389871647,0.0013818310340866446,9.158707444147435e-05,0.0014332414
1182,0.001274657973812686,0.0012717701507628792,5.77565421448551e-05,0.0014746491
1183,0.001228225311367876,0.0012249788178855347,6.492982814586176e-05,0.0015393145
1184,0.0012623473950144318,0.0012593382413292097,6.0182919420941834e-05,0.0013494199
1185,0.0012690084947583576,0.0012659936729404661,6.029641942306954e-05,0.0014609073
1186,0.0012028104185851083,0.0011992078778954843,7.205069613803145e-05,0.0016296947
1187,0.0012646885640505286,0.0012620772235095502,5.222688787082714e-05,0.0013685124
1188,0.0013342767708107001,0.0013315156567841769,5.5222118965363935e-05,0.0017514008
1189,0.0014100047914932172,0.001405427408301168,9.154769021722952e-05,0.0018724438
1190,0.0014274935483829015,0.001424483663868159,6.01976468702661e-05,0.001439975
1191,0.0012379692919138405,0.0012354380360597539,5.062510444544286e-05,0.0013703917
1192,0.0012831181714621682,0.0012802687654685644,5.6988160683128326e-05,0.0014128624
1193,0.0012888185097835957,0.0012855594046413898,6.518216680125495e-05,0.0015316589
1194,0.0015109171754577094,0.0015078588117224474,6.116726738195015e-05,0.0016580728
1195,0.0013500874124777813,0.0013463440765109328,7.486683072460575e-05,0.0015138742
1196,0.0013610433903522789,0.0013568832099230754,8.320368554136278e-05,0.0020016392
1197,0.001326585236367666,0.0013235828658151958,6.004737337106134e-05,0.001405499
1198,0.0012041089655314054,0.0012018190528680054,4.5798240737187574e-05,0.0013234012
1199,0.0012990623634929457,0.0012941916214509143,9.741486868048494e-05,0.0015115221
1200,0.0014373479721446832,0.0014339435677458016,6.808813611074685e-05,0.0017899435
1201,0.0013935659404119684,0.0013905014066646496,6.129069220285209e-05,0.0015997232
1202,0.0012650919547821913,0.0012619248293857608,6.33426185999042e-05,0.001919799
1203,0.0013335978405343161,0.0013303580874991087,6.479495600528494e-05,0.0014442214
1204,0.0012789247570455901,0.0012759606146978007,5.928260854880642e-05,0.0014336543
1205,0.0013884476670581434,0.0013848464897212884,7.20235190982521e-05,0.0013856117
1206,0.0013055992235119144,0.001301523899504294,8.150651923304824e-05,0.0018689674
1207,0.0014591399412084785,0.001455017149500135,8.245584675832005e-05,0.001752278
1208,0.001350890468650808,0.001347953875342177,5.873181831535451e-05,0.0015493846
1209,0.0013064910204977625,0.0013036020384687517,5.777963400532826e-05,0.0015134255
1210,0.0012922197826103203,0.0012880196523231764,8.400269396607503e-05,0.0014472533
1211,0.0012632349984616868,0.0012607042729440663,5.061451033472824e-05,0.0015182765
1212,0.0013779122938608957,0.00137407085340884,7.682891984993982e-05,0.0016547287
1213,0.001232145819813013,0.0012300197448995378,4.252147650100192e-05,0.0013724054
1214,0.0013950498774647712,0.001391197146020002,7.705461037430282e-05,0.0014283643
1215,0.001269391950012909,0.0012665420460204284,5.699794368878328e-05,0.0014176015
1216,0.0012474037189450528,0.0012449312204908993,4.9450019170965084e-05,0.0013321415
1217,0.0013687977036978636,0.0013647377361646956,8.119945265687218e-05,0.0014651316
1218,0.0012282158843138153,0.0012250177135380606,6.396347092353001e-05,0.0013376124
1219,0.0011809352979374429,0.0011783628491684795,5.1448938628261154e-05,0.0013606756
1220,0.0012964955065399408,0.0012928831041790546,7.224801428738677e-05,0.001313418
1221,0.001262571587641206,0.0012589772244811885,7.188717333658841e-05,0.001517565
1222,0.0012889037335601947,0.0012847478980095022,8.311683535187816e-05,0.0015339697
1223,0.0012628140936916073,0.0012604288937937882,4.770389785701607e-05,0.0016879924
1224,0.0013623198998781543,0.0013596328479858735,5.3741035289754814e-05,0.0016043119
1225,0.0013415590148522622,0.0013386057625110778,5.906511679154076e-05,0.0016194449
1226,0.0013778452968431843,0.001372515429587414,0.00010659730416209514,0.0019717298
1227,0.0013015834821595085,0.0012980159281546044,7.135122270448669e-05,0.0013992228
1228,0.0012632876763948135,0.0012600630883955292,6.449186258174045e-05,0.0014594002
1229,0.0012760424003418949,0.001273041257324318,6.0022875717627125e-05,0.0014226687
1230,0.0012788577031137215,0.0012749937544059423,7.727895733593313e-05,0.0013661265
1231,0.0012041925323299236,0.0012014760467637744,5.432963794760326e-05,0.0015904647
1232,0.0014055496107579933,0.0014011455764476623,8.808073490717858e-05,0.0015919866
1233,0.0013193224246303241,0.001316516970594724,5.610929081411895e-05,0.0016117769
1234,0.001331153461554398,0.0013279320904985071,6.442741369912457e-05,0.0013309623
1235,0.0012729070136427052,0.001269963519492497,5.886985322481269e-05,0.0014216691
1236,0.001318168548297965,0.001314025092869997,8.28691687047467e-05,0.0017065188
1237,0.0013537710079819792,0.0013494078121665451,8.726412632608217e-05,0.0014153741
1238,0.001314044071154462,0.0013100079506532187,8.072250729406329e-05,0.0015225079
1239,0.0013196620689187612,0.001316638808283541,6.046506691587991e-05,0.0013156241
1240,0.0012251079444670016,0.001221141243715667,7.933394496528005e-05,0.0013741535
1241,0.0013130751024517748,0.0013103134580887855,5.523292225952443e-05,0.0014902325
1242,0.001256235092619641,0.001253636909597036,5.196363788652687e-05,0.0015923977
1243,0.001210251823067665,0.001207739571368115,5.024508638295326e-05,0.0014644596
1244,0.0012833380916466317,0.0012798437473571134,6.988689026709633e-05,0.001434359
1245,0.0012503287328096727,0.0012471459793030387,6.365520876739635e-05,0.001588997
1246,0.0013350918345774213,0.001333006921534737,4.169839295053003e-05,0.0014853759
1247,0.0012502619569810729,0.0012469049349116783,6.714056272885373e-05,0.00151363
1248,0.0012596198422316876,0.0012570958894987901,5.04790702729944e-05,0.0014613704
1249,0.001272583144923879,0.001269543186450998,6.079896003920264e-05,0.0014004834
1250,0.0014017176607416736,0.0013982874173153607,6.860486546176819e-05,0.0018164654
1251,0.0013491206349701516,0.0013441769095758596,9.887461449598807e-05,0.0014103305
1252,0.0012897761991351015,0.0012864083219836983,6.735760066357935e-05,0.0018885646
1253,0.0013449708750057552,0.0013416445128516192,6.652712224308743e-05,0.0013502458
1254,0.001307514027899338,0.0013044856359354323,6.056767939905209e-05,0.0016812144
1255,0.001305902315976305,0.0013027546979073022,6.295232060540772e-05,0.0014945283
1256,0.0013813797798421649,0.0013787104786994557,5.3385997184957686e-05,0.0013948013
1257,0.0012047220435407427,0.0012021544143661028,5.135247881627139e-05,0.001355963
1258,0.0011889081538861825,0.001186141446750197,5.533398297138269e-05,0.0016158224
1259,0.0012631600852020912,0.0012603296717214915,5.6608330962770737e-05,0.0014678496
1260,0.0012655990560435587,0.0012631068251923554,4.984452469077244e-05,0.0015455148
1261,0.0012512786883032985,0.0012484685000446107,5.6203801183111564e-05,0.0012989908
1262,0.0012602641919834746,0.00125806272133357,4.402945876499981e-05,0.0016131962
1263,0.001442433056783759,0.0014381299506769413,8.606196860859604e-05,0.0025458988
1264,0.0015073087363917795,0.0015047190775577394,5.179327208411324e-05,0.0018547091
1265,0.001352238596882671,0.0013481463564352857,8.184504067053745e-05,0.0014350007
1266,0.00120783940785461,0.0012048633070662618,5.9522179839335525e-05,0.0015211327
1267,0.0012258612072198756,0.0012223183461982344,7.085716963545331e-05,0.0017612381
1268,0.0012725248984578584,0.0012693144911382762,6.420800610524364e-05,0.001389635
1269,0.0011909645606970622,0.0011887883547590011,4.3524313126160524e-05,0.0013079504
1270,0.001224023918621242,0.0012213343327554564,5.37917023270514e-05,0.0014841788
1271,0.0012930410241501198,0.0012901918328781096,5.6983908464758315e-05,0.0013816012
1272,0.001242984711037328,0.0012393365976297193,7.296226811553829e-05,0.0013820113
1273,0.0013647687517934375,0.001360860477305121,7.816531356247146e-05,0.0015772318
1274,0.0014035213932705422,0.0013996366928848956,7.769416198218298e-05,0.0017930606
1275,0.001361636063342707,0.0013586111379683846,6.049858454078263e-05,0.0015488082
1276,0.0013061542426132493,0.0013028826784446008,6.543131305913145e-05,0.0013647138
1277,0.0013415569943996768,0.0013378097869766255,7.494415795608549e-05,0.0014081324
1278,0.0012835763718208504,0.001280746091571119,5.6605527484205394e-05,0.0016147529
1279,0.0014112837767849367,0.0014076579025843077,7.251763275033025e-05,0.0016572704
1280,0.0012749649286787543,0.0012723399559035897,5.2499550377562955e-05,0.0013566725
1281,0.001297283943535553,0.0012945944663240677,5.378962848019913e-05,0.0016723019
1282,0.0013797903226481544,0.0013774771954760782,4.626262566236821e-05,0.001390552
1283,0.0013173904037103057,0.0013143116052055524,6.15760804887739e-05,0.0015535047
1284,0.001308316046682497,0.0013054731172612972,5.6858664241674e-05,0.0013299338
1285,0.0011766385856188007,0.001173828992371758,5.6191925272081675e-05,0.0013216664
1286,0.0012534534506913688,0.0012505013224047919,5.9042566005018673e-05,0.0015201145
1287,0.0013267019336732726,0.0013225650815810593,8.273699610867879e-05,0.0014283608
1288,0.0012676475336775184,0.0012649855201339556,5.324030037298952e-05,0.0014215815
1289,0.001286684998518063,0.0012837459113345378,5.8781772590816354e-05,0.0014044403
1290,0.001279234805972212,0.0012753070513200429,7.855494937353392e-05,0.0015380027
1291,0.001222793949354026,0.0012196439421839184,6.300016808293346e-05,0.001372579
1292,0.0012692345552042955,0.0012666124320175084,5.2442404507107515e-05,0.0014556824
1293,0.0012901699532651238,0.001286819101207786,6.701708976682615e-05,0.0013820517
1294,0.001216549761334641,0.0012136041898176903,5.891127161676233e-05,0.0014457593
1295,0.0012587792188343075,0.0012559812787609796,5.595864989144969e-05,0.0013509952
1296,0.0011733599576271242,0.0011703348653908405,6.050179158718391e-05,0.0016689475
1297,0.0014851967765328784,0.0014795130261013078,0.00011367496010229337,0.0015244774
1298,0.0013009620287145177,0.001297088990557111,7.746073892352317e-05,0.0014717891
1299,0.0012100835447199643,0.0012075759004801512,5.0152845113338174e-05,0.0012961777
1300,0.0012602606387291518,0.0012578031707865497,4.914941085963538e-05,0.0013814521
1301,0.0015563667027486696,0.0015540988624302876,4.5356756113000706e-05,0.0014777157
1302,0.0013794041277530292,0.00137472005509254,9.368135750583582e-05,0.0016116082
1303,0.0012849158154697054,0.0012821674631494616,5.496702466858652e-05,0.0013469071
1304,0.00121249950154581,0.0012098199429197445,5.359125636693484e-05,0.0013184609
1305,0.001199068972426984,0.0011965624147301747,5.0131109901485615e-05,0.0014369484
1306,0.0012128185636053482,0.0012102083755760557,5.220378139054244e-05,0.0013118394
1307,0.0011853730254289176,0.0011822627132965459,6.220611121913559e-05,0.0013775722
1308,0.0012940288366129,0.0012906762952398924,6.705074299888894e-05,0.0012553534
1309,0.0013184765573694473,0.0013138980759928624,9.156976512119602e-05,0.001548785
1310,0.0012684218417335716,0.0012652934916938345,6.25670163396407e-05,0.0014204422
1311,0.001256021197574834,0.0012523917455433144,7.258906225489328e-05,0.0014700816
1312,0.0012800626599022912,0.001277482147432036,5.1610011042215985e-05,0.0014092393
1313,0.0012805116919076278,0.0012770838466369444,6.855702615710606e-05,0.0014077091
1314,0.0012744435251483487,0.0012715928023681045,5.701428714544105e-05,0.0014650815
1315,0.0011986269149929286,0.0011953074497998589,6.638916134925745e-05,0.0012805975
1316,0.0012749863271084097,0.001271722485156109,6.527693098298136e-05,0.0016308852
1317,0.0013539778521387941,0.0013511526812281874,5.650359721396627e-05,0.001367913
1318,0.0012430549198244182,0.0012409680859289235,4.173666401356968e-05,0.001401538
1319,0.0012792757738174663,0.0012765752552594575,5.401038045975939e-05,0.0015002503
1320,0.001273328054877412,0.0012697668726711223,7.122376285779965e-05,0.001667739
1321,0.0012512919208448794,0.001248475845851418,5.632151019532788e-05,0.001748149
1322,0.0013276794951202142,0.0013246341039323145,6.090768522315986e-05,0.0013945012
1323,0.001283249881170276,0.001280514042203625,5.471677800099112e-05,0.0015425922
1324,0.0012266578890072803,0.0012230551400635805,7.205496560622749e-05,0.0014998522
1325,0.0013158817891962826,0.0013132378239081137,5.287938889983283e-05,0.0013834644
1326,0.0012242406736024552,0.0012208913181287547,6.698707090322387e-05,0.0014957581
1327,0.0012593118719653124,0.0012559213559143246,6.781045144066411e-05,0.0014503037
1328,0.0012970422989585333,0.0012931497922788063,7.785019749412135e-05,0.0014109915
1329,0.001263972796085808,0.0012611914232062797,5.5627525239287937e-05,0.0015973146
1330,0.0013446200677814583,0.00134152102853275,6.198087818789746e-05,0.0013817396
1331,0.0012331815061366392,0.0012306927160049479,4.9775692696130135e-05,0.0013691533
1332,0.0012092419046287736,0.0012065234995033178,5.4368046358289744e-05,0.0013679931
1333,0.0012385836970578465,0.001235183704799662,6.799981893992581e-05,0.0015961564
1334,0.0011862696989232467,0.0011837044743717544,5.130455637344748e-05,0.0015202942
1335,0.0013006087651269303,0.0012970058557887872,7.205824605887254e-05,0.0012893901
1336,0.0012679477674990064,0.0012644250191644662,7.045501346662301e-05,0.001393803
1337,0.0012497155099279351,0.0012462680383274953,6.894935285886027e-05,0.0013117654
1338,0.0012036114387835065,0.001201370059667776,4.482757240111823e-05,0.0015208229
1339,0.001256762734717793,0.0012537175039243366,6.09045412546373e-05,0.0015970366
1340,0.0012074863732171556,0.0012051291634432144,4.7144271287101624e-05,0.00143727
1341,0.001210875810486161,0.0012066641796587242,8.423246208997013e-05,0.001571263
1342,0.0012656849084628952,0.001262230369158917,6.909075278953323e-05,0.0013345421
1343,0.001387406357874473,0.0013841307062345245,6.55129689928597e-05,0.001448443
1344,0.001238290975905127,0.0012356833192623323,5.2153065325910575e-05,0.0014434322
1345,0.0013100895668483443,0.00130660093208361,6.977267426634249e-05,0.0017018144
1346,0.001292175020919078,0.0012889498598977096,6.450324409369804e-05,0.0014181125
1347,0.0012191213253471586,0.0012170740506715245,4.094559687596681e-05,0.0015117483
1348,0.0011970689882420831,0.0011949056694801482,4.326642160397872e-05,0.0015303785
1349,0.0012791295509992375,0.0012771454924303625,3.968127888644486e-05,0.0016625521
1350,0.004592486608049108,0.004585386129717032,0.00014201038824642373,0.0041320664
1351,0.002202817535079602,0.002195050678629842,0.00015533691883291568,0.0016435403
1352,0.0014644638816308645,0.0014606748552372058,7.578046336978636e-05,0.0014287035
1353,0.0013739092159084977,0.0013702851021662355,7.248212425374274e-05,0.0013251001
1354,0.001319925692708542,0.001316933143728723,5.9850974122986774e-05,0.0013337547
1355,0.0012291917913696832,0.0012265120943387349,5.359377171758853e-05,0.001285722
1356,0.0011837539715795881,0.0011813338871838317,4.840159721576735e-05,0.0014370406
1357,0.001253515083549751,0.001250347307521022,6.33554937691214e-05,0.0014737522
1358,0.001243285398878571,0.0012409322610538868,4.7062664503351295e-05,0.001317112
1359,0.0012294141355798476,0.0012250971398316325,8.633988341208246e-05,0.0013396242
1360,0.00121335824046077,0.0012099118528163268,6.892777986092903e-05,0.001418945
1361,0.0013005623800887002,0.0012966812963390517,7.762172565024785e-05,0.0015877921
1362,0.001406279053642518,0.0014010251072856287,0.00010507890412220099,0.0021467109
1363,0.001603534874609775,0.0015996173580384088,7.835029759901444e-05,0.0013539059
1364,0.001175257427773128,0.0011731206090189517,4.27364441571222e-05,0.0014314707
1365,0.0011936660131646527,0.0011915858615086311,4.160297641659618e-05,0.001586793
1366,0.0012922445363882514,0.0012895498217807876,5.3894349201755175e-05,0.0013884488
1367,0.001188624813221395,0.0011866951710544527,3.859276036356126e-05,0.0014710403
1368,0.0012783005135133863,0.0012752737216134037,6.053587177221844e-05,0.0014449705
1369,0.0011830313182953332,0.001181135102847798,3.792423987194482e-05,0.0014080224
1370,0.0011730682091890938,0.0011710870234916608,3.962365379444837e-05,0.0014933448
1371,0.0012006942635505564,0.0011975617781798873,6.26496939866112e-05,0.0015558222
1372,0.0013285240365399254,0.0013242331993145247,8.581693472855533e-05,0.0014232568
1373,0.001225195654357473,0.0012214964346235824,7.398447031540122e-05,0.0013071743
1374,0.0012265800964087249,0.0012238887397365437,5.3827179101399264e-05,0.0017811712
1375,0.0012774944809886316,0.0012728208960551355,9.347164425466619e-05,0.0013315397
1376,0.0011961979455211097,0.0011938764325653513,4.643019251615341e-05,0.0012984052
1377,0.0012065032393568092,0.0012041910422138041,4.624396024408068e-05,0.0013145186
1378,0.0012673056438668735,0.001264611934311688,5.3874155748524625e-05,0.0014902705
1379,0.0012719883880991903,0.0012692831935257548,5.410372489475574e-05,0.0015745513
1380,0.001243790964751194,0.0012408420029613708,5.8979219106605444e-05,0.0015340968
1381,0.0012833504859978953,0.0012803454029684266,6.010162536856317e-05,0.0015553697
1382,0.0012624564541814228,0.0012596036229903498,5.7056539019938334e-05,0.0014987293
1383,0.0012258667951553232,0.00122202572464529,7.68212832775743e-05,0.0014625445
1384,0.0012170879545414614,0.001214526530303475,5.122863334084589e-05,0.0013279851
1385,0.0011964587326575484,0.0011933750240132213,6.16740988791954e-05,0.0015192846
1386,0.0012668404844589532,0.0012639510251271227,5.7789094074717836e-05,0.0014322681
1387,0.001288347243745294,0.001284204563125968,8.285348561037273e-05,0.0013854398
1388,0.0011786841502827074,0.001175823440361354,5.7214237868821426e-05,0.0014722614
1389,0.0013052085259308418,0.001300900833060344,8.615383209063213e-05,0.0017658342
1390,0.0014127513096253905,0.0014077060571354297,0.00010090490647169443,0.0014059228
1391,0.001382468969354199,0.001379396474092371,6.145002155327638e-05,0.0013564009
1392,0.0012976387425118851,0.001295178298217555,4.920897991698641e-05,0.0014248558
1393,0.001244607059440265,0.0012419648895350595,5.284349922302706e-05,0.0013280672
1394,0.0012441983200713164,0.001240957514124198,6.481617809015461e-05,0.0016280276
1395,0.0012858592930974232,0.0012827292007083694,6.260187163217919e-05,0.0014093223
1396,0.0011998868508574863,0.0011959735743908419,7.82654551459119e-05,0.0018077785
1397,0.0012066722912196484,0.0012047171334011687,3.9103207974659306e-05,0.0013230862
1398,0.0013264308489548662,0.0013232582804953885,6.345134995976073e-05,0.0013784935
1399,0.0012090023257769645,0.001206227745084713,5.549167482278171e-05,0.0013956429
1400,0.001262185343592945,0.0012594870847856834,5.396514725867342e-05,0.0013884208
1401,0.0012445591027951902,0.0012415148615319697,6.0884884502951684e-05,0.0016069952
1402,0.001276567358420127,0.0012744718813337385,4.1909444808362216e-05,0.0014122478
1403,0.0012996683776792552,0.0012960357850210534,7.265185527861225e-05,0.0018359515
1404,0.0014163626810639268,0.0014124482171609999,7.828914079726326e-05,0.0013950738
1405,0.0012534834548003143,0.001250884293889006,5.1983057195078196e-05,0.0013451269
1406,0.001159870936276598,0.0011578603440688716,4.0211834164639705e-05,0.0013100628
1407,0.0011677803407009277,0.001165511429361585,4.537833678834128e-05,0.0013121231
1408,0.0012028762915482123,0.001198927708901465,7.897152866986643e-05,0.0014442244
1409,0.0012556436510446172,0.0012527462974604633,5.794702823954544e-05,0.0013885242
1410,0.001178915091117637,0.001175895214287771,6.039760953500364e-05,0.0014971711
1411,0.0012630152464326884,0.0012607528491773538,4.524796575166887e-05,0.0014789277
1412,0.0012985316247472332,0.0012952461179035406,6.571017547953614e-05,0.001409868
1413,0.0011786012056594095,0.0011752777888129156,6.646834846530207e-05,0.0013179516
1414,0.001283837778545502,0.0012815511798382633,4.5731986126106174e-05,0.0014031756
1415,0.0013187808631401922,0.001315148683109631,7.264358772450427e-05,0.0014185937
1416,0.001225918332218296,0.0012229390752812226,5.9585013170722806e-05,0.0013471544
1417,0.0013240098629871177,0.001321187433010588,5.6448388021913664e-05,0.0017516753
1418,0.001271585137065914,0.0012687153687390188,5.739541190526628e-05,0.0013273398
1419,0.0012145885900180372,0.0012116560039834843,5.8651851298287104e-05,0.0018461908
1420,0.0013466856895118125,0.0013427200597814389,7.931265326509439e-05,0.0012944543
1421,0.0012579550074102977,0.0012549692389762237,5.971533248106829e-05,0.0017159561
1422,0.0012819967607760594,0.0012776433606632054,8.706799669969061e-05,0.0013280889
1423,0.0013932762486446235,0.0013881569391944342,0.00010238615369518003,0.0014266259
1424,0.0012308189399643905,0.0012273198808543384,6.998119161778504e-05,0.0016334035
1425,0.0012353229931452209,0.0012323270474250117,5.991897705383862e-05,0.0013920923
1426,0.001293596079469555,0.0012907657267836232,5.6607130887995384e-05,0.0015083305
1427,0.001279024729349961,0.001276720250542793,4.6089441310136355e-05,0.0017637576
1428,0.0012948957634054952,0.0012917665971650017,6.258325429623963e-05,0.0014373678
1429,0.001246012564903746,0.0012437465626539456,4.532008869723035e-05,0.001414456
1430,0.0011940288370371694,0.0011915369618994494,4.9837544911213175e-05,0.0014258209
1431,0.001252611057781097,0.0012492558298011621,6.710449148512351e-05,0.0014283409
1432,0.0012267597808709575,0.0012234586032314433,6.602342687579544e-05,0.001494402
1433,0.0012594763163684144,0.0012569457344296907,5.061159512251834e-05,0.0014763057
1434,0.0013816168945696618,0.0013785616675805715,6.11045750095703e-05,0.0014558106
1435,0.0011585157946683467,0.001156265203220149,4.501181573207052e-05,0.0014514611
1436,0.0012721416941430005,0.0012690044202220937,6.27455558565594e-05,0.0014680958
1437,0.0013656854978762567,0.0013619608362205327,7.449310959752135e-05,0.0017578917
1438,0.0012732963038918873,0.001270078742204027,6.435127253073208e-05,0.0014085983
1439,0.0011626311965907614,0.0011606307829626732,4.000826806197387e-05,0.0014112785
1440,0.0012282521528605786,0.0012242999742738902,7.904360663846748e-05,0.0014487169
1441,0.0012389686023299065,0.0012355142260073787,6.908732590584776e-05,0.0014072801
1442,0.001335761961268468,0.0013335251042412388,4.473704519393588e-05,0.0012993852
1443,0.001230056120807098,0.001226235104776505,7.642032809182334e-05,0.0014052768
1444,0.0012376350389483074,0.0012345157227375441,6.23861586891255e-05,0.0013463509
1445,0.00132816886374106,0.0013242386902372041,7.860346875961315e-05,0.0014386915
1446,0.010248741748121877,0.010236456506471666,0.0002457025779933354,0.013399917
1447,0.003917979042873615,0.003908173874434498,0.00019610375096148244,0.0015823666
1448,0.001407368710109343,0.0014027293797375428,9.278666785171987e-05,0.0012915795
1449,0.0011742095980379317,0.001171780633740127,4.857930524116859e-05,0.0012384248
1450,0.0011407729781543216,0.0011379046908890208,5.7365763926655844e-05,0.0014194822
1451,0.0012144138958926002,0.0012115525948401126,5.7225904171155483e-05,0.001347379
1452,0.0011593540548346937,0.0011565201928735607,5.667736561210606e-05,0.0013324255
1453,0.0012166963398663533,0.0012130514796202382,7.289725484472203e-05,0.0012789189
1454,0.0012125390167865488,0.0012090277288936907,7.022569957371161e-05,0.0014418102
1455,0.0011907870415598155,0.0011875869007781149,6.400278591808868e-05,0.0013300119
1456,0.0011801115431201955,0.0011770028038881719,6.217495441353588e-05,0.0012828677
1457,0.001126519560865644,0.0011237479539381134,5.5432033791981265e-05,0.0012951767
1458,0.0011805934068332944,0.0011779437255528239,5.2993611242769926e-05,0.0012887876
1459,0.001148647747726904,0.0011457041358678705,5.88723221931215e-05,0.0016114623
1460,0.0012615653311109378,0.0012595341191627084,4.062425746585379e-05,0.0014741124
1461,0.0011553200375702647,0.0011529746879306104,4.6907045429852205e-05,0.0013589152
1462,0.001210529057102071,0.0012078779684897099,5.30218291487472e-05,0.0015801849
1463,0.001240215947230657,0.0012378200526452726,4.791778840028235e-05,0.001305501
1464,0.001166388124693185,0.001163857177986453,5.061896689287298e-05,0.0014071156
1465,0.0012058414738728767,0.001203205080754641,5.272799460587723e-05,0.0014101034
1466,0.0011434476757939491,0.0011411017828827931,4.6917863746090105e-05,0.0012604033
1467,0.0012004120249508156,0.001197700475394312,5.423098589479499e-05,0.0014430688
1468,0.0011742087883046932,0.0011705303021396199,7.356984277369823e-05,0.0013689044
1469,0.0011964772866728405,0.0011933753305735687,6.203907034382104e-05,0.0013109504
1470,0.0011869245273475018,0.0011845144831265013,4.820088478737618e-05,0.0014289148
1471,0.0011580577042574684,0.0011557352793816892,4.6448404056952264e-05,0.0012551901
1472,0.0011311650897065798,0.0011283800005912781,5.570164250406783e-05,0.0013641515
1473,0.0011635501468036738,0.0011613510406783057,4.398194394228641e-05,0.00137906
1474,0.0012045789755777353,0.0012011398561298848,6.87825333765583e-05,0.0013584757
1475,0.0011960594151686464,0.0011935326969251038,5.0534446053054594e-05,0.0012859206
1476,0.0011748684712478683,0.0011718501647313437,6.036611260654659e-05,0.0014618201
1477,0.0012774190580886271,0.0012743313615727755,6.175405273564947e-05,0.0013881902
1478,0.0012617066088649962,0.0012582812975678178,6.850618422191702e-05,0.0012999262
1479,0.0011332988273352385,0.0011306522478763427,5.2931671378549555e-05,0.0012242127
1480,0.0012622841426895724,0.0012593954529923697,5.7773679312352515e-05,0.0017608198
1481,0.0012027783047718307,0.0011993941876830326,6.76823800985302e-05,0.0013241543
1482,0.001320403136519922,0.00131738100381982,6.044263565200146e-05,0.0015049437
1483,0.00123472324727724,0.0012316868407651782,6.072798890572421e-05,0.0015070408
1484,0.0011684178749823736,0.0011659221154534155,4.99152555865597e-05,0.0013045997
1485,0.001215193533183386,0.0012118941755034029,6.598718350877182e-05,0.0014331888
1486,0.001200150926080015,0.0011967051101641523,6.891613320729246e-05,0.001496422
1487,0.0012494744137964316,0.0012449068909821412,9.135051734827155e-05,0.0015515749
1488,0.0012814481005383035,0.0012785544153302909,5.787371526872044e-05,0.0013419358
1489,0.001252275526834031,0.001248180726543069,8.189587866335539e-05,0.0016896223
1490,0.0012582784647949868,0.001255644993701329,5.266942588331898e-05,0.0014341164
1491,0.0011898660075126423,0.001187249972847187,5.2320731424515546e-05,0.0014316085
1492,0.0013309724628925324,0.0013282973668538034,5.3501841123369965e-05,0.0014563977
1493,0.0011714944913465944,0.0011688094806029566,5.370019886059809e-05,0.0013524243
1494,0.001206035539507866,0.0012027551303617657,6.560805791371552e-05,0.0013941743
1495,0.001231890261018028,0.0012291587410598165,5.463039687698925e-05,0.001297631
1496,0.0011544975814306074,0.0011514925462607708,6.0100658209864356e-05,0.0013754186
1497,0.0011909603270598584,0.0011873230726147691,7.274512483029917e-05,0.0013028721
1498,0.0011420351660086049,0.0011396091069198317,4.852109309183561e-05,0.001393582
1499,0.0013129173713322315,0.0013105867663398385,4.6612124227370565e-05,0.0013523926
1500,0.0011843451622149182,0.0011816985245483617,5.2932692500462505e-05,0.0013298021
1501,0.0011981335184019473,0.0011944357577400903,7.395516654974522e-05,0.0014802144
1502,0.0011849184145426585,0.001181792410918408,6.25200890179182e-05,0.0013922997
1503,0.001188392126156638,0.0011854636845075421,5.856885392113832e-05,0.001521386
1504,0.0012674586342958114,0.001263895959386395,7.125331947956207e-05,0.0013828231
1505,0.001257311727385968,0.0012539417508782612,6.739953296677944e-05,0.0013823912
1506,0.0012269619438383314,0.0012233928738472363,7.138123606638618e-05,0.0013208154
1507,0.0011432030496911871,0.0011406881540703276,5.029788860224649e-05,0.0013828954
1508,0.0012288529878585702,0.0012254907633177936,6.72444718884218e-05,0.0014281769
1509,0.0011838398382274641,0.0011809278628788888,5.823951223057961e-05,0.0013525267
1510,0.00122268255153257,0.0012197372684669163,5.890574480215744e-05,0.0020252052
1511,0.0013383745629754332,0.0013342751629857553,8.198808899793322e-05,0.0013445405
1512,0.001185193130125602,0.0011818733260345955,6.639596806255415e-05,0.0013856846
1513,0.0012188706171905829,0.001216028895901723,5.683450657569564e-05,0.0015518466
1514,0.0012748544725279013,0.0012718040496110916,6.100844049667684e-05,0.0014082482
1515,0.001146622899816268,0.0011434639183183512,6.317974887477046e-05,0.0013474191
1516,0.0012361645633872185,0.001233604042014728,5.121031973271714e-05,0.0015635479
1517,0.0013352259514956839,0.0013304594283302625,9.533045697228065e-05,0.0013369955
1518,0.0012964662539565728,0.0012932956697315806,6.341183210183646e-05,0.0014873879
1519,0.0012093815279917584,0.001206162298977789,6.438460617472528e-05,0.0014533917
1520,0.0012245068197242089,0.0012212345687051614,6.544498361209763e-05,0.0013512017
1521,0.0012427290461750494,0.001240782664778332,3.8927594919795856e-05,0.0016020762
1522,0.0013487727174328434,0.001346674589957628,4.196258929817355e-05,0.0015419157
1523,0.0012055694888759819,0.0012029860582616595,5.1668739296120396e-05,0.0014742985
1524,0.0012393612802649538,0.0012360761537113124,6.570253793256598e-05,0.0013904897
1525,0.0012326259993844563,0.00123023455703838,4.782884815944676e-05,0.0013282183
1526,0.0012655725120566785,0.0012620102575359245,7.124515073763228e-05,0.0016770631
1527,0.001249905999025537,0.0012473120845647322,5.1878242972868015e-05,0.0014607157
1528,0.0011340275432707536,0.0011314473101972705,5.1604843995139364e-05,0.0014982661
1529,0.001150581117771152,0.0011475280509330333,6.106126704802743e-05,0.0015495215
1530,0.0012718572695222165,0.0012686388605895142,6.436827224480308e-05,0.0013122141
1531,0.0011958691058680416,0.0011931259663672082,5.4862876434529854e-05,0.0014427513
1532,0.0012473141140718427,0.0012446795784247418,5.2690782090615406e-05,0.0013350025
1533,0.0011543082513122095,0.0011507993240633774,7.01786705835477e-05,0.0014035902
1534,0.001225448072525776,0.0012213097096213865,8.276715836675268e-05,0.0013278382
1535,0.0012539691511645086,0.001251484846903218,4.9686101546184444e-05,0.0013643623
1536,0.001244075416535553,0.0012411055970005691,5.939644037829971e-05,0.0014443047
1537,0.0012310713658937149,0.0012277687654002672,6.605206365293271e-05,0.001443067
1538,0.0011831897103952037,0.001180285375772251,5.808658953709609e-05,0.0012318033
1539,0.001259956436438693,0.0012569406302645803,6.031613087366784e-05,0.0013808548
1540,0.0013543384046190315,0.001350087328400049,8.502165545094284e-05,0.0015060658
1541,0.0014190145975185764,0.0014133949492437143,0.00011239291364972814,0.0014917321
1542,0.0012347461966176827,0.0012312340123268465,7.024377532426722e-05,0.0017378209
1543,0.001257296226039115,0.001254199278385689,6.193891158040464e-05,0.0014003427
1544,0.0011759516511422893,0.0011733659349071482,5.171437325099701e-05,0.0014295978
1545,0.0011447493711279498,0.0011423676016016138,4.763550416429199e-05,0.0012940216
1546,0.0012622246169485152,0.0012589365981208781,6.576027590136215e-05,0.0017172219
1547,0.0012820031377486884,0.0012775854647366536,8.835358009693866e-05,0.001405005
1548,0.0012285424900862077,0.00122586853750464,5.3479020815908974e-05,0.0016463523
1549,0.0012903064463494552,0.0012866071257222858,7.39863424440854e-05,0.0015209608
1550,0.001273107420032223,0.0012699654571608537,6.283928552193174e-05,0.0013798254
1551,0.001166986242040164,0.0011643336581376692,5.305165703804151e-05,0.0014016391
1552,0.0011790466960519552,0.0011752439598138962,7.605465574079694e-05,0.0014502251
1553,0.0012009318685159086,0.0011972030495396918,7.457615338321628e-05,0.0012907943
1554,0.001209989889887058,0.001205906992416001,8.16579658422572e-05,0.0014645142
1555,0.0012608258752152325,0.0012578758087733555,5.900130008100746e-05,0.0015228611
1556,0.0012591512964314057,0.0012565952661033307,5.112064814909445e-05,0.001357766
1557,0.001284946758662247,0.0012823039394182464,5.285621816110759e-05,0.0015074739
1558,0.0013015330989017255,0.0012982585570878453,6.549098501946244e-05,0.0014467204
1559,0.0012576871810273992,0.0012548187230196264,5.7369245215261385e-05,0.0014272535
1560,0.0012052124560189743,0.0012029832177278068,4.458483347414462e-05,0.0013880288
1561,0.00119299475207097,0.001190275149161203,5.439208573763368e-05,0.0013958652
1562,0.0012439760263077914,0.0012409169679611094,6.11811560557069e-05,0.0013993026
1563,0.001232227905549937,0.0012294462765567004,5.563265316534209e-05,0.0012892213
1564,0.0011971741035166714,0.0011944929474136895,5.3622992052421774e-05,0.0013018539
1565,0.0012889555202693576,0.00128298258383034,0.00011945858070016395,0.0015606633
1566,0.0012191477645602492,0.0012156749946168727,6.945529928038417e-05,0.0012807356
1567,0.0011464329578706788,0.0011437458296616873,5.374248184609619e-05,0.0014569862
1568,0.0011538929525866277,0.0011506221218345067,6.541679553243462e-05,0.0014074884
1569,0.0012063655885867774,0.0012026321893143985,7.46681286816258e-05,0.0014737352
1570,0.001215461657072107,0.0012127578737110727,5.407568914456028e-05,0.0013076314
1571,0.00120650201699593,0.0012039891845132742,5.025670309003595e-05,0.0014615542
1572,0.0011650760438189738,0.001162768905568454,4.6142742502297554e-05,0.0012500674
1573,0.0011629386610972384,0.001160674022200207,4.52927826469502e-05,0.0013766792
1574,0.001263552676472399,0.0012610826667191254,4.940030826337723e-05,0.0014270574
1575,0.001238858538110637,0.0012358023992015256,6.112271452896796e-05,0.0013373281
1576,0.0012882545991386805,0.001285443367022607,5.6224754949251045e-05,0.0013202929
1577,0.0012265877979290155,0.0012242951365705166,4.58533014100087e-05,0.0013818076
1578,0.001208783699096077,0.0012067088107061055,4.1497650662078754e-05,0.0013381481
1579,0.001149484321164588,0.0011472579751474162,4.4526861192335015e-05,0.0014178097
1580,0.001295129344281223,0.001290972858098232,8.31297022810102e-05,0.0014494447
1581,0.001286577595035649,0.0012837363057769835,5.682575245392248e-05,0.0020047878
1582,0.0013270024274889794,0.0013238156085006066,6.37364909658168e-05,0.0013735971
1583,0.0011793625243525538,0.0011760427823497188,6.639488248069765e-05,0.0013385022
1584,0.0012408814638749594,0.0012383710618855226,5.020818409017617e-05,0.0014646751
1585,0.001347167258306096,0.0013441054719603724,6.123578201469273e-05,0.0013666129
1586,0.001318907846386234,0.0013145164056267175,8.782893443992634e-05,0.0013094821
1587,0.0012625823340689142,0.0012588698934349748,7.424885465019157e-05,0.0014271465
1588,0.0012044903110816248,0.0012012482504360378,6.484125090756699e-05,0.0013509231
1589,0.0011753283557482063,0.0011723886218128932,5.879465587920802e-05,0.0013759513
1590,0.0012031846990187963,0.0012004121465401516,5.545110408730933e-05,0.0013653245
1591,0.0012103411847622031,0.001206650957465172,7.380446579771969e-05,0.0014927135
1592,0.0012564279397742615,0.0012529699843273395,6.915906790538884e-05,0.0014876253
1593,0.0011928997067217199,0.0011898480084103842,6.103385524151387e-05,0.0012848132
1594,0.0012150781384358802,0.0012121149571612476,5.92635475959903e-05,0.0014183815
1595,0.0011355968075804413,0.0011332552867113716,4.683030436025446e-05,0.0012630398
1596,0.0012553702729443709,0.001252626370276428,5.4878169579650505e-05,0.0018056467
1597,0.001401401207678848,0.001397786162690156,7.230088230016917e-05,0.0016178067
1598,0.0012242727641326686,0.0012208464477832118,6.852633070543056e-05,0.0014608987
1599,0.001305057730577472,0.0013018810966362556,6.353265664781955e-05,0.0013443884
1600,0.00120484562487238,0.0012025383909025954,4.6144648488145714e-05,0.0013616263
1601,0.0011773367890984647,0.001174886462589105,4.900654505996095e-05,0.0013594634
1602,0.0012153403096211454,0.0012124203313659463,5.839964393317132e-05,0.0016274228
1603,0.0013894033631206386,0.0013851690921001137,8.468531908042543e-05,0.0014653645
1604,0.001224358550583323,0.0012215494035950137,5.618305964232049e-05,0.0013229958
1605,0.0012613382837217714,0.0012582458465153145,6.184886996720706e-05,0.0014095368
1606,0.0012265960634168652,0.0012228773570516042,7.43740241513851e-05,0.0013553174
1607,0.001179779919847432,0.0011772970151570107,4.965800101691305e-05,0.0014904798
1608,0.0011933508148002955,0.0011902455900174877,6.210443730733713e-05,0.0013545901
1609,0.0011994055123068393,0.0011970231231922905,4.764786029561997e-05,0.0016134889
1610,0.0012528713986588022,0.0012498174367162088,6.107919213816062e-05,0.0015846511
1611,0.0012798353175943096,0.0012771209456130033,5.428729835270158e-05,0.0013161844
1612,0.0012550014692048232,0.001251050701830536,7.901530435895488e-05,0.0014455192
1613,0.0011896200465141898,0.0011870271215836208,5.18585379733199e-05,0.0013779848
1614,0.0012229769361308878,0.001219522660701639,6.908549400558665e-05,0.0014314983
1615,0.0012695900319765012,0.0012654233141802251,8.33344407453751e-05,0.0013678283
1616,0.0012266058254883521,0.0012245020078909066,4.2076446596168224e-05,0.0013005213
1617,0.001174321029490481,0.0011716668571655948,5.308350198373921e-05,0.0014681392
1618,0.0012230558346750008,0.0012178134897516833,0.00010484686579780424,0.0012969547
1619,0.0011930226710521513,0.0011902168289654785,5.611682640657515e-05,0.0014649908
1620,0.0012299052724200818,0.0012265933742229309,6.623781833796885e-05,0.0015942334
1621,0.001332936919708219,0.0013295964635391202,6.680907521262232e-05,0.0014703673
1622,0.0012090362129836447,0.0012066362774930894,4.799865415887123e-05,0.0013351736
1623,0.0011982068238365982,0.0011956479232240883,5.117814118330936e-05,0.0013164851
1624,0.0012469531825950576,0.0012441349565051496,5.6364399209643225e-05,0.0013272248
1625,0.0012788952871536216,0.0012746669313249488,8.456710051133835e-05,0.001460703
1626,0.0012371436977345082,0.0012346984728032516,4.8904594912831574e-05,0.0012559324
1627,0.0011562819838420385,0.001153832351944099,4.899264489116225e-05,0.0013338709
1628,0.0012582536023627554,0.0012559167316390407,4.6737499400251184e-05,0.001414966
1629,0.0012451694023588465,0.0012416679787242578,7.002847495445824e-05,0.001461536
1630,0.0012280420089761416,0.0012253581779077649,5.3676629145013436e-05,0.0014228343
1631,0.0012690551708348923,0.00126579942750848,6.511487518613042e-05,0.0013862994
1632,0.0012467301929266089,0.0012427834884470535,7.893434670348901e-05,0.0015460089
1633,0.0011826263753593796,0.0011791763555568954,6.900036988402766e-05,0.0014818159
1634,0.0011801119221167432,0.001177921764449113,4.380311122278929e-05,0.001364966
1635,0.0011519239646279149,0.0011490528769273725,5.742170239179482e-05,0.0014874486
1636,0.0012956480430956516,0.0012921766649621228,6.942754050290509e-05,0.0013664145
1637,0.0012156495824456215,0.0012126877541757293,5.923650258507804e-05,0.001400486
1638,0.0011887013123163747,0.0011864252116841575,4.552197162992242e-05,0.001256869
1639,0.0012292529676213033,0.0012265824790423116,5.340975604010762e-05,0.00140499
1640,0.0012928364811361664,0.001289281501279523,7.109951349093535e-05,0.0014220637
1641,0.0012108404551529222,0.00120676188574483,8.157136693272251e-05,0.0013351933
1642,0.0011167369123237828,0.001113937206618074,5.599413958887251e-05,0.0013199735
1643,0.0011820126467177437,0.0011787376482971013,6.549992289153452e-05,0.0013793588
1644,0.0011931038396950397,0.0011899616258839766,6.284412609905607e-05,0.0013389654
1645,0.0011212616602683232,0.0011189443395576543,4.634640540107032e-05,0.0012965018
1646,0.001178858986693538,0.0011759853883025547,5.747207542378242e-05,0.0014219186
1647,0.0012233319433612956,0.0012197358249169258,7.192241537773548e-05,0.0015130794
1648,0.0012567166070867745,0.0012532432809368604,6.946661180307561e-05,0.0016267935
1649,0.0012246884599638483,0.001221127157461726,7.122589938014635e-05,0.0013520003
1650,0.0012356464958025348,0.0012315615326062672,8.169912656812686e-05,0.001487415
1651,0.0011996221961453556,0.001197168646225085,4.9070962476586524e-05,0.0013149851
1652,0.0011908326375608643,0.0011882353134246336,5.194647573632712e-05,0.0013993032
1653,0.0011826591165218917,0.0011798733302081624,5.571566262163843e-05,0.0014901508
1654,0.0011933510321088963,0.0011903856027250489,5.930859759328339e-05,0.0012870026
1655,0.0011691972328763869,0.0011654132938322922,7.567881659535185e-05,0.0013682346
1656,0.0012232072793671655,0.0012204483513616853,5.5178585249551464e-05,0.0014949328
1657,0.0012385016022663977,0.0012346144933770929,7.774215669083477e-05,0.0013922265
1658,0.001156674581579864,0.0011527906805794271,7.767810330802958e-05,0.0016347112
1659,0.0012179959746491578,0.0012146066227513882,6.778706387977864e-05,0.0014577403
1660,0.001221994758169684,0.0012187752950315674,6.438940243419388e-05,0.001645659
1661,0.0012016986044020288,0.0011990194907411933,5.3582242934011344e-05,0.0013723688
1662,0.0011964189600095982,0.0011930760177266268,6.685861716909535e-05,0.0013132561
1663,0.0012023635713073115,0.00119967647931642,5.3741792327678517e-05,0.001653841
1664,0.0012362587718396552,0.001233296449451397,5.924642814660628e-05,0.0016141752
1665,0.0012398277965581252,0.001237097962035073,5.459663001374793e-05,0.0013057801
1666,0.0012618115922022196,0.0012586193702494104,6.384452744138495e-05,0.0013563697
1667,0.00129558604158875,0.0012915097241703835,8.152650987211827e-05,0.0014043151
1668,0.0012758023855793806,0.0012720237149753504,7.557343603568572e-05,0.0014347258
1669,0.0012904079113569525,0.0012858914845209155,9.032851192469277e-05,0.0013943143
1670,0.001221571720412208,0.001217799858811001,7.543729469227224e-05,0.0013374607
1671,0.0011171044574843512,0.001114690155049579,4.8286068650011455e-05,0.0012503588
1672,0.0012046080897562205,0.001201366796158254,6.482583231651122e-05,0.0016209056
1673,0.001317185739107016,0.0013133588518636921,7.653780586302567e-05,0.0013633474
1674,0.0012675925636560553,0.0012616670470581286,0.00011851037682441125,0.001399277
1675,0.0011489984514709147,0.0011470175568117863,3.961793359445033e-05,0.0013590993
1676,0.001211702832693441,0.001208077038690034,7.251601549859031e-05,0.0013803128
1677,0.001207804748426295,0.001204326646661179,6.956187975346338e-05,0.0013703217
1678,0.001191799399546451,0.0011886694468557835,6.259919360521357e-05,0.0015010054
1679,0.0012069440343313747,0.0012039740026618044,5.9400740316364574e-05,0.001455037
1680,0.0012972447891823119,0.0012926979805342853,9.093606510204052e-05,0.0014716105
1681,0.0012849361014862855,0.001281001660067381,7.868875636758174e-05,0.0013412
1682,0.0011461488695608244,0.0011434997625959416,5.298208781773105e-05,0.0013404546
1683,0.0011431014475723107,0.001139748131390661,6.706634230155828e-05,0.0013736846
1684,0.0011872008378203543,0.0011836961364477044,7.009399691624039e-05,0.0013203395
1685,0.0012971358257345856,0.0012933984554062286,7.474748004518972e-05,0.0015827063
1686,0.00128067805716354,0.0012780815621631014,5.1929990826869875e-05,0.00140306
1687,0.001275236911735394,0.001271065232059401,8.34336503544364e-05,0.0012892286
1688,0.0011868319047304491,0.0011837546493754618,6.154514707519512e-05,0.0013224995
1689,0.0012244650576677587,0.0012213000988898178,6.329915420495682e-05,0.0014319571
1690,0.001259313382777489,0.0012571126002714865,4.401553698571487e-05,0.0015597552
1691,0.0011938639515493479,0.0011910118447202775,5.70422773989776e-05,0.0014034352
1692,0.0011775453684903267,0.001174794527469203,5.5016774391939784e-05,0.0014397303
1693,0.0012129903965008755,0.0012097872923024827,6.406209703517303e-05,0.0013491226
1694,0.001123824315921714,0.0011207470127070943,6.154606269951223e-05,0.0013166914
1695,0.0012050254218694237,0.0012009258653658131,8.1991187270584e-05,0.001477301
1696,0.0011276100244787003,0.0011250498911572827,5.120262976782265e-05,0.0013574022
1697,0.0012459166231565178,0.001242242033024215,7.349170791402947e-05,0.0013953366
1698,0.0012278436553767986,0.001224587242015534,6.512820402219985e-05,0.0014714217
1699,0.0011244803524783089,0.0011223697996077437,4.2211017304384494e-05,0.0015156571
1700,0.0012682794062938128,0.0012654848914179537,5.589030932861129e-05,0.0013231349
1701,0.001136155654158857,0.0011336349946860639,5.0413150529730424e-05,0.0012413284
1702,0.0012121323690128824,0.001208596163067139,7.072395951673737e-05,0.0014644479
1703,0.0011786492437952094,0.0011756609413876302,5.9765951726199594e-05,0.0013695277
1704,0.0011539093296354015,0.0011515057697478268,4.807111371229035e-05,0.0014616633
1705,0.001196739193983376,0.0011940637331766387,5.3509394437393594e-05,0.001290013
1706,0.001176419376861304,0.001172382727317098,8.073304969810933e-05,0.0013672223
1707,0.0012258301217419405,0.0012226678340488838,6.324573293123118e-05,0.0016251734
1708,0.0011835662078940206,0.0011804093024693429,6.31381102750418e-05,0.001269495
1709,0.0011486711187495126,0.0011450404378895958,7.261366637736601e-05,0.0014734976
1710,0.001142123804634644,0.001139197937057664,5.8517268812489455e-05,0.0013768264
1711,0.0011517341701417333,0.00114919724356797,5.073855380588712e-05,0.0012661384
1712,0.00112928122204418,0.0011268370577858554,4.888329073430163e-05,0.0013413212
1713,0.0012712357449345291,0.0012682267658722898,6.0179457490347784e-05,0.0017070222
1714,0.0012516865674923692,0.0012484010464201372,6.571054390810281e-05,0.0013568084
1715,0.0012648554609364106,0.0012611471220023102,7.416682014107007e-05,0.0015865241
1716,0.0011959068179647956,0.0011933546914305124,5.1042466914926384e-05,0.0012394655
1717,0.0011049213573440081,0.0011025155053680969,4.811700651872444e-05,0.0013478748
1718,0.001250395181381868,0.0012477131159458724,5.3641289403256246e-05,0.0015896326
1719,0.0013422637233614094,0.0013380622180799643,8.403026407507575e-05,0.0014518357
1720,0.0011994883793199228,0.0011963429951315952,6.29076745907595e-05,0.0013618674
1721,0.0013472014559536344,0.0013439509901218116,6.500909007627343e-05,0.0015104759
1722,0.0012749788170266483,0.0012717069721677238,6.543693129793897e-05,0.0015047765
1723,0.0012245391443785694,0.0012208303992843463,7.417485643499176e-05,0.0013612251
1724,0.0011499857749893434,0.00114737266752248,5.226222952564462e-05,0.0014266133
1725,0.001189175995791124,0.0011864882829185162,5.3754354157970536e-05,0.0012552781
1726,0.0011026809768130382,0.0011000467671288385,5.268421429241875e-05,0.0013048333
1727,0.0011292059841151866,0.0011266382061876357,5.1355337198325894e-05,0.0013579495
1728,0.0012957027117307814,0.0012929396419268516,5.526146379369755e-05,0.0018907472
1729,0.0012574140305837824,0.0012535685776836343,7.690906109145444e-05,0.0013787727
1730,0.0012368435880893635,0.0012335670788565444,6.553025034147848e-05,0.00136222
1731,0.0012475055383725298,0.001243296883896821,8.417313579875284e-05,0.0013630979
1732,0.0011520009643087785,0.0011491268394618398,5.748240765489261e-05,0.001305638
1733,0.0011721456190571188,0.0011695397306337124,5.211770000954876e-05,0.0013988878
1734,0.0011374139809049665,0.001134612582003077,5.602808180900828e-05,0.0013880517
1735,0.0011949190132630367,0.0011914838506426248,6.870318148533746e-05,0.0013047614
1736,0.001203426745875428,0.0012014996726065874,3.8541490605818275e-05,0.0012820011
1737,0.0011246929307364756,0.0011223146135711836,4.756641518118462e-05,0.0013515996
1738,0.0011542264734291368,0.001150608616363671,7.235717701645526e-05,0.0014325099
1739,0.0012011020444333553,0.0011979883743657006,6.227327594135405e-05,0.001456345
1740,0.001259910184631331,0.0012570008389755256,5.81868913033961e-05,0.0013705516
1741,0.0012439417613980671,0.0012407157350228064,6.452060148850099e-05,0.0013253505
1742,0.0012289050384424627,0.0012248670190779698,8.076041238549929e-05,0.001350609
1743,0.0011721380352456537,0.0011683817823520965,7.512520887000088e-05,0.0013289015
1744,0.0011869785311217937,0.0011838780405620734,6.200978356072856e-05,0.0015528458
1745,0.0012657816935744551,0.0012618234989026354,7.916395625792284e-05,0.0013297865
1746,0.0011780235366637094,0.001174730020445875,6.587040706575761e-05,0.0014713785
1747,0.0011705901008099318,0.001168855257694506,3.4696757222008046e-05,0.0012961964
1748,0.0011409291803526382,0.0011387951413376464,4.2680791005346284e-05,0.0013299187
1749,0.0012256848418878185,0.001222784175641007,5.801332480864908e-05,0.0013813027
1750,0.0011889024197848307,0.0011861443519592286,5.51612232129628e-05,0.0013541052
1751,0.001172111480910745,0.0011685958442588648,7.031284034913673e-05,0.001360419
1752,0.001223583232300977,0.0012199820071044896,7.202444539618429e-05,0.0014749244
1753,0.0014093362415830294,0.001405027017204298,8.618444922878036e-05,0.0014360496
1754,0.0012113697852732406,0.0012083937051809495,5.9521517144073896e-05,0.0014395263
1755,0.0011544143975091477,0.0011516436223044163,5.5415706690493176e-05,0.0014748669
1756,0.0011923794738120503,0.0011896984211893545,5.362110335806531e-05,0.0012817803
1757,0.001195564371947613,0.0011929344191836814,5.259908573059925e-05,0.0013401927
1758,0.001161731532516165,0.0011588546770831777,5.753716398654913e-05,0.0013235065
1759,0.0011600655374220676,0.0011577123530312544,4.706363014139983e-05,0.0013906445
1760,0.0012115647395451864,0.0012074909548068211,8.147562401961498e-05,0.0012773274
1761,0.001160215622641974,0.0011572012056907017,6.028826366133444e-05,0.0013819769
1762,0.0011990451810157134,0.0011966238884876172,4.842585544532577e-05,0.0013325958
1763,0.0011729800245828099,0.0011702563419627647,5.447369505959023e-05,0.0012937086
1764,0.0011823878157883883,0.001179802957146118,5.1697267366535016e-05,0.001336241
1765,0.0011726592770881124,0.0011683650224262642,8.588520332750705e-05,0.0015590253
1766,0.001205819607194927,0.0012027591169397865,6.120981693699679e-05,0.0013384653
1767,0.0012084763949840433,0.0012051397973361115,6.673197010892788e-05,0.0012871668
1768,0.0012218780595705742,0.0012186506323309408,6.454866763508309e-05,0.0014143178
1769,0.0012608412329831885,0.0012551745684403512,0.00011333316779200686,0.0013845431
1770,0.0011855994545233747,0.0011829482921813098,5.3023237269498066e-05,0.0013867186
1771,0.0012096787285473612,0.0012067712157861226,5.81502511825723e-05,0.0013770295
1772,0.0011735283562706576,0.0011713757205547557,4.3052569218104964e-05,0.0013236684
1773,0.001179982543302079,0.001176873589348462,6.217899461652286e-05,0.0013459679
1774,0.001139831246756431,0.0011371312404258383,5.4000151769249984e-05,0.001334359
1775,0.0011691280563051502,0.0011653823596942756,7.491393198001282e-05,0.0013443617
1776,0.0011616784367813832,0.0011593830978704823,4.590679483903336e-05,0.0013253446
1777,0.0012007207195791933,0.0011981988726701173,5.043686729021927e-05,0.0012263067
1778,0.0011557512502703403,0.0011533077935584717,4.8869284445646815e-05,0.0012832165
1779,0.0012668297664883237,0.0012641253518975444,5.4088204677782414e-05,0.0014001033
1780,0.0011546725407242775,0.0011511068092659115,7.131459975400705e-05,0.0014731211
1781,0.0011981001886953082,0.0011954853324116104,5.229707607365223e-05,0.0015272667
1782,0.001199049573753857,0.0011961328111485476,5.833534667848047e-05,0.00151983
1783,0.0012588198801192145,0.0012562583006607989,5.123159766892766e-05,0.0013943576
1784,0.0012363516505704158,0.0012327167968679633,7.269703334916105e-05,0.0014316313
1785,0.0012048158691161208,0.0012022267393250433,5.178264434283856e-05,0.0013939603
1786,0.0011539423126830824,0.0011516159465019074,4.6527288082308534e-05,0.0013779907
1787,0.0011952243926417496,0.0011924306616290575,5.587452476700289e-05,0.0014742501
1788,0.0012223539356556203,0.0012197274016216397,5.253065446046732e-05,0.0015430754
1789,0.0011474708353893625,0.0011444427693883578,6.05613711234317e-05,0.001326221
1790,0.0011781691340729595,0.0011749623395088647,6.413582630355247e-05,0.0015075066
1791,0.0012422681617964473,0.001238164398819208,8.207523769164659e-05,0.001450366
1792,0.0012912728319255014,0.001288785822948234,4.9740203966269155e-05,0.001555701
1793,0.001139126769784424,0.0011363049658636253,5.6436164092272315e-05,0.0013169013
1794,0.0012357953302044836,0.0012329820116671424,5.626636618414091e-05,0.001378264
1795,0.0011412805593055155,0.0011382907926518885,5.97952462088516e-05,0.0013328457
1796,0.0011555255791689787,0.0011528270875310732,5.396985540452685e-05,0.0012472644
1797,0.001162087910860363,0.001159050382880701,6.0750530168244646e-05,0.0014822838
1798,0.0011518623822161721,0.0011491727083921433,5.379342546589783e-05,0.0014869564
1799,0.001169916485539741,0.001166780230899652,6.272514869275862e-05,0.0014474263
1800,0.001187063039590915,0.00118413417496615,5.857723714718254e-05,0.0012964916
1801,0.001234751331826879,0.001230780667780588,7.941325072301374e-05,0.0013298742
1802,0.0013225464641840922,0.0013189207296818496,7.251469460622199e-05,0.0012936847
1803,0.0012001985502946707,0.0011969966852727035,6.403737725515254e-05,0.0013975529
1804,0.0012123032938688993,0.0012092368340947562,6.132921688014726e-05,0.0014021271
1805,0.0011873354449764722,0.001184663402899686,5.3440904062224744e-05,0.0013678598
1806,0.0011916640072336627,0.0011884254843203559,6.477044365927516e-05,0.0014819559
1807,0.0012540694364967446,0.001251388819784754,5.361237713985803e-05,0.001362432
1808,0.001249653150120543,0.001246300682477239,6.704931272531036e-05,0.0015141786
1809,0.0012068706241229342,0.001203985113857521,5.771007932682753e-05,0.0014055714
1810,0.0011658165629746186,0.001163134564800809,5.363996477775067e-05,0.0014368136
1811,0.0012151849003405207,0.0012124906539813512,5.3884908001617445e-05,0.001381619
1812,0.0012505409126687382,0.0012466205633245408,7.840697134548059e-05,0.0014088266
1813,0.0012081117019988596,0.0012050859888808594,6.051431597626839e-05,0.0012928881
1814,0.0011142701958306133,0.0011113003750021259,5.939641626465036e-05,0.0013535642
1815,0.0011292632281159362,0.0011256043320625193,7.317802119865115e-05,0.0014510428
1816,0.0011754920835503275,0.001173284917604178,4.4143167639834307e-05,0.0012726082
1817,0.0011038883421052661,0.0011017205128963624,4.335659217047865e-05,0.0013325548
1818,0.0011350264126021002,0.001131757423799071,6.537980802047766e-05,0.0012998625
1819,0.0011462261822695534,0.0011441616820067994,4.129009767931772e-05,0.0014409249
1820,0.0011749982833862305,0.0011721624643541873,5.6716474012811584e-05,0.0012748969
1821,0.001144173192895121,0.0011416881189992031,4.970153672477156e-05,0.0013761799
1822,0.0011542956021407412,0.0011510664351387983,6.458337720245153e-05,0.0017686276
1823,0.0012100659802349078,0.0012077249392556646,4.6820766360471884e-05,0.0013797402
1824,0.0012751829150753717,0.00127035935745678,9.647115275110233e-05,0.001564938
1825,0.0012911018268722627,0.0012870570101464788,8.089622356742944e-05,0.0015123442
1826,0.001231077156909224,0.0012274747546244826,7.20480380778099e-05,0.0013106284
1827,0.0012510546107983424,0.0012488807254056964,4.347776343788862e-05,0.0013807475
1828,0.0012155423083135652,0.0012110277247201237,9.02917552568599e-05,0.0014077516
1829,0.0011891797611800333,0.0011869934969581664,4.372523876112508e-05,0.0013702301
1830,0.0011798057834514313,0.001176416287974765,6.77899620768585e-05,0.0014185131
1831,0.0011750374351524645,0.0011717463028617203,6.58227191340504e-05,0.0013098529
1832,0.0011592955923535758,0.0011566109114533496,5.369358590441051e-05,0.0013731702
1833,0.0011281741343231665,0.0011256137875736588,5.12068480601455e-05,0.0013142867
1834,0.0011760589821885028,0.0011735473474901584,5.0232563204291285e-05,0.0012628323
1835,0.001135780056938529,0.0011336771460870902,4.2058301763405994e-05,0.0014025538
1836,0.0012394391698762775,0.0012365427644302448,5.7928104528394266e-05,0.001458024
1837,0.0011774828256521789,0.001174564795413365,5.8360574950987675e-05,0.001403886
1838,0.0012287767177137235,0.0012252075300138029,7.138391085593159e-05,0.0015645514
1839,0.0011795706684804624,0.0011769069630342226,5.327405659095853e-05,0.0013000827
1840,0.0011520450171600613,0.0011493829467023413,5.324147594873491e-05,0.0013638238
1841,0.0012544713099487126,0.0012507765165840586,7.38958731695284e-05,0.0014935362
1842,0.0011620418078059124,0.0011600036730265452,4.0762680848476726e-05,0.0013352681
1843,0.0011506581963557337,0.0011478320333278842,5.652326630077988e-05,0.0014622384
1844,0.0011917096187567546,0.0011896047993407894,4.2096410522241e-05,0.001343688
1845,0.0011717127235088911,0.001168418581235326,6.588278009393496e-05,0.0012876911
1846,0.0011590848431094654,0.0011561858377212451,5.798009907904442e-05,0.001361102
1847,0.0012405843267010318,0.0012377878185361624,5.5930237436611444e-05,0.0017460359
1848,0.0011929329251870514,0.0011903034393779106,5.2589655440568906e-05,0.0013095945
1849,0.0012615162374762197,0.0012581403548311855,6.751767670437737e-05,0.0013192135
1850,0.0011524001550343302,0.0011499114269908103,4.977447191407691e-05,0.0013651962
1851,0.0011780978969505264,0.0011747424244984157,6.710932093735916e-05,0.001413789
1852,0.001145605242345482,0.00114315735667737,4.8957707229470136e-05,0.0012929079
1853,0.0011922285710978839,0.001189510779093123,5.435590856062649e-05,0.0012946037
1854,0.0011768024945114223,0.0011732368458372852,7.131286989241235e-05,0.0013732834
1855,0.0011576347389361924,0.0011549711007521385,5.327282302055715e-05,0.0014205151
1856,0.0011730943418418367,0.0011706805619825093,4.8275645010109615e-05,0.0015773796
1857,0.001226493405799071,0.0012234241533507076,6.138516840223929e-05,0.0013872854
1858,0.0011809858131325906,0.0011783475250316162,5.276583049749206e-05,0.0013523303
1859,0.0011671953330126901,0.0011644227546639741,5.5451734656802245e-05,0.0015425123
1860,0.0013220796076994802,0.0013182164389743574,7.72632783969761e-05,0.0015389555
1861,0.0011200712256443997,0.0011169006220168537,6.341215948323746e-05,0.0013397232
1862,0.0011289709001883036,0.0011262005841773416,5.5406299185318316e-05,0.0012479669
1863,0.0011392594560877317,0.0011366454367008475,5.228050131351993e-05,0.0013541254
1864,0.0011179038517487546,0.0011153211998235848,5.165301408385719e-05,0.0013005699
1865,0.001139997624947379,0.001136812032200396,6.371187111903333e-05,0.0013432326
1866,0.0011714675657761595,0.0011687959893606603,5.3431515900431096e-05,0.0013318565
1867,0.0011942700780410733,0.0011909839218585856,6.572307048522655e-05,0.0013416717
1868,0.00120051180322965,0.0011971272114250395,6.769184528063002e-05,0.0013781992
1869,0.0012271547224372626,0.0012226501001148587,9.009236441038916e-05,0.0012556319
1870,0.0012343134782794448,0.0012318501016125084,4.926737951475641e-05,0.0015476983
1871,0.001267034309502277,0.0012637454576583372,6.577689107400728e-05,0.0015060905
1872,0.0011877542529772553,0.0011843284035825896,6.851688174091603e-05,0.0013583075
1873,0.0011495991519445347,0.001147266999921865,4.664300823264966e-05,0.0012826753
1874,0.0011054089254078766,0.0011026699147704574,5.4780224706342374e-05,0.0012899438
1875,0.0011450247179406385,0.0011426891226114498,4.6712032464392275e-05,0.0013242848
1876,0.0011825344059616326,0.0011796572116307086,5.7543853424569926e-05,0.0013684131
1877,0.0011519133630726072,0.0011488789395015272,6.068837320375072e-05,0.0014032698
1878,0.0011794333591953747,0.0011763915238488052,6.083669198788913e-05,0.0013150558
1879,0.0012048852228973474,0.0012017810807770325,6.208273650890483e-05,0.0015007607
1880,0.001328678138088435,0.0013244600863092475,8.436103445193213e-05,0.0014324515
1881,0.0012252645398904052,0.001222052921851476,6.423235250707648e-05,0.0015018593
1882,0.001145504914327628,0.0011420601202795902,6.889571945123407e-05,0.001371806
1883,0.0011691927017333608,0.0011671749318742917,4.03552550842e-05,0.0013096875
1884,0.0011349548171791766,0.0011318673146888613,6.175004875975295e-05,0.0013150972
1885,0.001166491581696189,0.00116382101809399,5.341128509002146e-05,0.0013345432
1886,0.0012019862989998526,0.0011992244929489163,5.5236118416562225e-05,0.0013601695
1887,0.0011876058635405368,0.001184394823697706,6.422086005591786e-05,0.0013597244
1888,0.0011624692344210214,0.0011600596222302152,4.819227223341234e-05,0.0015281832
1889,0.0011918671092846327,0.0011889457831987076,5.842645756865118e-05,0.0013712394
1890,0.0012119201865668098,0.0012088448844022222,6.150608197496392e-05,0.0012608997
1891,0.001199164823628962,0.0011965758943309386,5.1778722812893345e-05,0.0013899459
1892,0.0012648582186860343,0.0012624449756306908,4.826484853816105e-05,0.0013637628
1893,0.0011980092049472862,0.0011952423322428433,5.533748201468964e-05,0.0014113357
1894,0.0011303372655270829,0.0011275774721677104,5.519578280023375e-05,0.0015520239
1895,0.0011935175034321016,0.0011908049708128803,5.42507597111176e-05,0.0014130353
1896,0.0011455859186955625,0.0011426861798908147,5.7994735185692056e-05,0.0012560324
1897,0.0011121999847495722,0.0011100134980450902,4.372971374459035e-05,0.0013075571
1898,0.0012058058908830085,0.001203349625898732,4.912527585171726e-05,0.0013654643
1899,0.001152162973044647,0.0011497643866783215,4.7971773671583326e-05,0.0014932102
1900,0.0012215129643057784,0.0012192216300819484,4.582664851285519e-05,0.0012949188
1901,0.0012368400904556943,0.0012330939152484966,7.4923525734347e-05,0.0013372897
1902,0.0011960020754486322,0.0011935243693490824,4.9554154365852004e-05,0.0013647326
1903,0.0012236841799070437,0.0012198666382270554,7.635093778718577e-05,0.0013277692
1904,0.0011199843358351952,0.0011174696652839582,5.029331080600564e-05,0.0015971961
1905,0.001159043496267663,0.001155474761293994,7.137462300098226e-05,0.0015756851
1906,0.0011678205272700223,0.0011650163719120125,5.608310882176208e-05,0.0013169686
1907,0.0011215443697033657,0.0011188595025386247,5.369735062509386e-05,0.0014922126
1908,0.0011653732314395409,0.001162647305884295,5.451841967105193e-05,0.0013659749
1909,0.0011384430108591914,0.0011357254840226637,5.435053571139924e-05,0.0014063732
1910,0.0011848267077261376,0.0011810654580282668,7.52249513946405e-05,0.001320638
1911,0.0011389144049543474,0.0011365744556921223,4.6799073361904046e-05,0.0013290214
1912,0.001202463556546718,0.0011994190798658463,6.0889510745533295e-05,0.001314295
1913,0.0011149515501326984,0.0011123913883542022,5.120330747536706e-05,0.0014508578
1914,0.001194422270378305,0.001192077548087885,4.6894450863632645e-05,0.001383935
1915,0.0011867978920539221,0.001182592049654987,8.411692305677497e-05,0.0013474362
1916,0.001152289065066725,0.0011491601950385504,6.257745844178729e-05,0.0012936377
1917,0.001240892867402484,0.0012379592012924452,5.867335578228803e-05,0.0016988025
1918,0.001185335354724278,0.0011820063201917542,6.658072597013466e-05,0.0012935624
1919,0.0011627582600340248,0.0011598520291348298,5.812462930947504e-05,0.0013682401
1920,0.0011368848771477738,0.0011338822517750992,6.005259483724422e-05,0.0013563997
1921,0.0011736687880733775,0.0011711621825169357,5.013206411735243e-05,0.0014026457
1922,0.001167638487337778,0.0011646473741469285,5.982221794869563e-05,0.0014634263
1923,0.0012462032376788557,0.0012428516793685654,6.703112991538597e-05,0.001416099
1924,0.0011587951371135811,0.001156111983841078,5.3663100106859926e-05,0.0013194311
1925,0.001241887240515401,0.0012375691996162964,8.636073290506394e-05,0.0012808564
1926,0.0011340521638178163,0.0011314215798241397,5.261168546984626e-05,0.0013256541
1927,0.0012033472122210595,0.001201188887676431,4.3166337729556086e-05,0.0015041401
1928,0.0012497761183314854,0.0012463096154129339,6.933002243288102e-05,0.0014310185
1929,0.0011599454162124958,0.0011567219910729263,6.446852804692248e-05,0.0013677233
1930,0.0011803403380326928,0.0011773774620249039,5.925754653676544e-05,0.001387686
1931,0.0011476936659568714,0.001144859704395963,5.667934754031773e-05,0.0012710339
1932,0.001122426858637482,0.001119772634572453,5.3084480179599325e-05,0.001428008
1933,0.0011636500337368085,0.0011609159086623953,5.468242733412707e-05,0.0012400304
1934,0.0012207303002166252,0.0012172394445062512,6.981699131090283e-05,0.0014362788
1935,0.0012150809673282007,0.0012124654539446863,5.2310088257614655e-05,0.0013114841
1936,0.0010852385170033408,0.0010831001680344343,4.27670661388725e-05,0.0012796278
1937,0.0011449659683017267,0.0011426780903194514,4.575752183579122e-05,0.0012660718
1938,0.0011785106267780065,0.001175550590010567,5.9200714525628785e-05,0.0013769357
1939,0.001224651129450649,0.0012220576405525207,5.186982385683652e-05,0.0013759503
1940,0.0011110463412478567,0.0011087666692522664,4.5593386327036356e-05,0.0013305497
1941,0.0011465870930502811,0.001143915983589573,5.342222431547534e-05,0.0013406419
1942,0.001144960813689977,0.0011426558950915933,4.609850089399477e-05,0.0013804204
1943,0.0011318891930083433,0.00112943577243843,4.906857194650153e-05,0.0013330335
1944,0.0011565446271561085,0.0011546031765950224,3.882908834024571e-05,0.0014450344
1945,0.0011447047362000578,0.0011418257710627384,5.757927599508624e-05,0.0013576107
1946,0.0011561495200213458,0.0011525321480197212,7.234749279329359e-05,0.0014929178
1947,0.0011755874354599251,0.0011729815690260795,5.211719106657458e-05,0.0013762859
1948,0.0011762614297266636,0.001173360617313948,5.801627574884252e-05,0.0013926552
1949,0.0011893236065386899,0.0011856874722676973,7.272273955760195e-05,0.0012668982
1950,0.0012441604023074938,0.0012415545837332804,5.2116496116620205e-05,0.0013473739
1951,0.0011808369981331957,0.0011780091108650797,5.6557728572038794e-05,0.0013836215
1952,0.0011848569369047053,0.001181744073983282,6.225729731947164e-05,0.0013824385
1953,0.0011635981189707914,0.0011597973139335712,7.601611853679123e-05,0.0014436996
1954,0.001137922274776631,0.0011349240305005676,5.996500164858137e-05,0.0013850464
1955,0.001230805290914658,0.001228476460609171,4.657664726824211e-05,0.0014190288
1956,0.0011393109905636972,0.0011359539568527705,6.71406234073308e-05,0.0013839805
1957,0.0011280808119206792,0.0011246685559550922,6.824516138597877e-05,0.0012844059
1958,0.0011274664727453556,0.0011251142403731742,4.70448134736993e-05,0.0014218759
1959,0.0011814809404313564,0.001179146527364436,4.668822895881577e-05,0.0013655102
1960,0.0011411310302921467,0.0011388163341002331,4.6293928789332816e-05,0.0013874966
1961,0.0011746052516779552,0.0011718379508238285,5.534602306245991e-05,0.0013664169
1962,0.0011516822864198022,0.001149123517744657,5.1175614179202156e-05,0.0014022413
1963,0.0011610676042942537,0.0011580599019200438,6.015404430981006e-05,0.0013408355
1964,0.001247965587147822,0.0012440859107300639,7.759342776504733e-05,0.0016450413
1965,0.001161442130493621,0.001158477483679437,5.929291191932862e-05,0.001393625
1966,0.0011602534433930284,0.0011577744541379313,4.957982884188854e-05,0.0013347465
1967,0.001149898116839015,0.001147066550846729,5.6631201368873006e-05,0.0012946088
1968,0.0011902743368409573,0.001186892822281354,6.763027393566922e-05,0.0013878339
1969,0.001132985670119524,0.0011298849506096707,6.20144698265632e-05,0.0012866165
1970,0.001142272402325438,0.0011398264892502792,4.891836031409487e-05,0.0014330149
1971,0.001144618384488341,0.0011420257169649833,5.185328711579334e-05,0.0013365044
1972,0.0012028499273583292,0.0012008559540845453,3.9879462903197946e-05,0.0015830524
1973,0.001262150513422158,0.0012579955134747758,8.310007588797753e-05,0.0015743248
1974,0.0012056894729741746,0.0012015897987617387,8.199352531998253e-05,0.0014272445
1975,0.0011414839976674153,0.0011387571032779912,5.4537952195864315e-05,0.0015310792
1976,0.0011477785223784546,0.001145066786557436,5.423469731308867e-05,0.0015622157
1977,0.0011944585324575503,0.0011905413056309852,7.834461746748881e-05,0.0013127673
1978,0.001122640594581349,0.0011202730238437653,4.735141568453906e-05,0.0012261203
1979,0.0011161382193677128,0.001113704458758649,4.867520155021528e-05,0.001280487
1980,0.001172206056718197,0.0011689822758651441,6.447569851641472e-05,0.001326969
1981,0.0012139580639389655,0.0012104573452638256,7.001435344370243e-05,0.001446035
1982,0.0011250174384460682,0.0011226892303158012,4.656421754497665e-05,0.0013796705
1983,0.0012058932101354004,0.001202116320685794,7.553773437072309e-05,0.0014082415
1984,0.0011447705470749902,0.001140615561356147,8.309970644815065e-05,0.0013606256
1985,0.0012012717391674717,0.001197691616188321,7.160252952947606e-05,0.0013662048
1986,0.001192901331362211,0.001189495771864636,6.81114260550607e-05,0.0013722914
1987,0.0011658034701314238,0.0011624109659654398,6.784996455419585e-05,0.0014849296
1988,0.001156657372808291,0.0011538284209867318,5.6579034448607976e-05,0.001360835
1989,0.0011641536257229745,0.0011614491205869449,5.409007858140234e-05,0.0013453126
1990,0.0011190454604932004,0.0011170132874718142,4.064338938923761e-05,0.0013161905
1991,0.0011317332197601597,0.0011293314125699302,4.803610022210907e-05,0.0014903329
1992,0.0011868210923340586,0.0011844020737852487,4.838027693065467e-05,0.0013046735
1993,0.001338297373149544,0.0013350417151943676,6.511313522423734e-05,0.0015075232
1994,0.001203139131474826,0.0012003684571633736,5.5413479477313864e-05,0.0013252754
1995,0.0011736642103642226,0.001171070624453326,5.187169444111659e-05,0.0014103646
1996,0.0011667018846815659,0.0011618180562638575,9.767657269637514e-05,0.0015111538
1997,0.0012928601315555473,0.001289353771911313,7.012721592979511e-05,0.0015333556
1998,0.0011946588159642286,0.0011916381811412672,6.04128446433489e-05,0.0013550163
1999,0.0011949028897409637,0.001192020491645154,5.764820560772124e-05,0.0016312678
2000,0.0012427345539132754,0.0012396228357425165,6.22344246767486e-05,0.001406345
2001,0.0011746185922270847,0.0011726819224552147,3.873354003142519e-05,0.0012886849
2002,0.0011680752323526475,0.0011643699473804898,7.410564397396513e-05,0.0012406727
2003,0.001193027243587292,0.0011903297440666292,5.3949801245936313e-05,0.001459005
2004,0.001196792999851621,0.0011940119781583133,5.562044096905083e-05,0.0015124108
2005,0.0011788656792810393,0.0011761072751445075,5.516811343157081e-05,0.0013989131
2006,0.001185888156760484,0.001182659496811943,6.457310398862622e-05,0.0013715375
2007,0.0011273287508326271,0.0011239692284208205,6.719046736836592e-05,0.0012395593
2008,0.0011519087297427986,0.0011495085135619673,4.800421954769263e-05,0.0014078266
2009,0.0011010048833365242,0.0010989181684433586,4.173426561998718e-05,0.0012844618
2010,0.0011098012755004069,0.0011074496808254884,4.703181198427349e-05,0.001346529
2011,0.0011418894204931955,0.0011390966764237317,5.58550091867005e-05,0.0014570703
2012,0.001117050765444421,0.0011143356419375373,5.430246625084894e-05,0.0013073734
2013,0.0011151438372002708,0.0011125168206894563,5.254044200329291e-05,0.0012805368
2014,0.0011676697642542422,0.001165053204426335,5.233131051277774e-05,0.0012912363
2015,0.00114166260852168,0.0011394906219922834,4.343969924320845e-05,0.0014083816
2016,0.0011838983744382858,0.0011807608275881244,6.275085276396592e-05,0.001546454
2017,0.0012047784972108073,0.001202307666082763,4.9416573405222964e-05,0.0014682981
2018,0.001178378138380746,0.0011758733618383607,5.0095431134246204e-05,0.0013707959
2019,0.0011538938528651164,0.0011509249750007357,5.937754431640426e-05,0.0013531186
2020,0.0011322765093710687,0.0011296105441740817,5.331931363604288e-05,0.001312854
2021,0.0011826925264257523,0.0011800160489252045,5.352951263310541e-05,0.0014943223
2022,0.001147174396707366,0.001144068012945354,6.212770340064585e-05,0.0013414357
2023,0.0011341201671813098,0.0011312474936453832,5.7453382314933936e-05,0.0013486508
2024,0.0011691690539009868,0.0011668494294604494,4.639238058983523e-05,0.0013395426
2025,0.0010919566162758403,0.0010892682902825376,5.37663704786695e-05,0.0012559392
2026,0.0011462404211569164,0.0011434245337214736,5.6317736788634596e-05,0.0013320195
2027,0.0011115216352562938,0.0011086107917233474,5.8217021639903365e-05,0.001268205
2028,0.001176088758640819,0.0011717378032497234,8.701903502017987e-05,0.0014862687
2029,0.0011588584127215048,0.001156400138926175,4.9165607808592744e-05,0.0012860657
2030,0.0011258477125213379,0.001123092004046258,5.511420263767756e-05,0.0014537997
2031,0.0011743494969171783,0.001171191678278976,6.315616195327797e-05,0.001297733
2032,0.0011931568591131104,0.0011906555814978977,5.0025464508015226e-05,0.001305681
2033,0.0010998925245884392,0.0010974824312143029,4.820193124841252e-05,0.0012487674
2034,0.001128131894963897,0.0011253943058869076,5.4751765583407574e-05,0.0012596978
2035,0.0011442998631132973,0.0011392585984948609,0.00010082537910168159,0.0012564933
2036,0.0011946757207624615,0.0011921849800273776,4.981475291484578e-05,0.0013736865
2037,0.0011607527836329408,0.001158209676699092,5.0862164812315314e-05,0.0015398979
2038,0.0011432609430307315,0.0011410464817244146,4.428908058745012e-05,0.001403742
2039,0.0011264674274975228,0.0011235170260382196,5.900805049377696e-05,0.001295927
2040,0.0011454445284066928,0.0011417146008979116,7.459852409081375e-05,0.0013565597
2041,0.0011254901415668427,0.0011223016190342605,6.377045335549761e-05,0.0013620314
2042,0.0010971942114540272,0.0010952195398406023,3.949362209141327e-05,0.0014507283
2043,0.0013096967893135216,0.0013065694546740916,6.254668805820214e-05,0.0014822981
2044,0.0012373802627229857,0.0012332514820930858,8.25756212702237e-05,0.0014725721
2045,0.0011771240284562938,0.0011745604311323,5.127191868976095e-05,0.001298165
2046,0.0011383471622442205,0.001135651031250341,5.392266825765546e-05,0.0013521757
2047,0.0011303109259137678,0.0011266875714581045,7.246708373023861e-05,0.0012899066
2048,0.0011377289671347373,0.001134519487257219,6.418934378492244e-05,0.0013460742
2049,0.0011344835369123353,0.0011312261870544819,6.514698671556592e-05,0.001318855
2050,0.0010964288945413299,0.0010931038569348553,6.650075985845661e-05,0.0012751748
2051,0.0011574369363693726,0.0011549060439897908,5.0617815762264244e-05,0.0015673052
2052,0.0011909666755754087,0.0011888335148493448,4.266320290405979e-05,0.0015517584
2053,0.001203737309616473,0.0012004902560470833,6.494114844118018e-05,0.001427266
2054,0.0011655956325638626,0.0011625510937948193,6.089082698900307e-05,0.0013238298
2055,0.0011290259969731172,0.0011266970411977833,4.6579201013704125e-05,0.0012648859
2056,0.001143687786275728,0.0011407376331691113,5.900306185775293e-05,0.0015067495
2057,0.0012051075399439368,0.0012029850247523024,4.24502580056638e-05,0.0013081924
2058,0.0010933398126831485,0.0010908342509840926,5.011106634040314e-05,0.0012602322
2059,0.0011236677696514462,0.0011207952060633235,5.745116563010318e-05,0.001317145
2060,0.0011339701673326393,0.001130524927025868,6.890471802307729e-05,0.0015551732
2061,0.001217264988614867,0.0012143771280534565,5.775713150302724e-05,0.0013596177
2062,0.0011168671681338715,0.0011144404648803174,4.853400420144791e-05,0.0015890243
2063,0.0011619016062468291,0.0011583758673320214,7.051472994924602e-05,0.0014737521
2064,0.001161601338794248,0.0011578313501862188,7.539981825175346e-05,0.001330696
2065,0.0011376643812076913,0.0011351285230678818,5.0717195058109295e-05,0.0012933146
2066,0.0011196857020776304,0.0011163065197049744,6.758356291116898e-05,0.0012344264
2067,0.001138166150647319,0.0011353358277119696,5.660645966006289e-05,0.0013197596
2068,0.001099313337666293,0.0010968589974153372,4.9086818161312195e-05,0.001317154
2069,0.001102212791900254,0.0011000001078678501,4.425362514079249e-05,0.0013563315
2070,0.0011244034459297028,0.0011214169000999794,5.9730801585070976e-05,0.0014494588
2071,0.0011282502544215983,0.0011257665956185925,4.967320699557199e-05,0.0012864328
2072,0.0011377002862799498,0.0011352442308432526,4.9121180045909164e-05,0.0013825507
2073,0.0011010633471111456,0.0010984311992716458,5.264296799952896e-05,0.0012392912
2074,0.0011087341906709804,0.0011060996834809582,5.269020373991474e-05,0.0012700323
2075,0.001148525986354798,0.0011457059506533875,5.6400806082024245e-05,0.0014593479
2076,0.0012605991964745854,0.0012574753426532778,6.247712388850838e-05,0.0014671914
2077,0.0011955123407662743,0.0011917718737903568,7.480936451816294e-05,0.001367246
2078,0.0011959253073049088,0.0011922057433467771,7.439127620172157e-05,0.001296849
2079,0.001066210778016183,0.0010638653326572644,4.690894649874464e-05,0.0013092093
2080,0.001085766536804537,0.001082817315020495,5.8984398813461466e-05,0.0013496907
2081,0.0011155905667692423,0.001113412318389035,4.35649839447352e-05,0.0012960148
2082,0.0011249686229146188,0.0011224592803046108,5.018676308484121e-05,0.0013577363
2083,0.0011294904436605672,0.0011267150131364664,5.55084686870143e-05,0.0012842328
2084,0.0011618224593500297,0.0011596377990725968,4.369319187465711e-05,0.0013091168
2085,0.0011334327101293537,0.00113050259080612,5.860229721365388e-05,0.0012825237
2086,0.00114985286232291,0.0011469861790020432,5.733356587504327e-05,0.0013594718
2087,0.0012261313632027143,0.0012235935622205336,5.075586981130679e-05,0.0013535013
2088,0.0011870991774938172,0.0011842919423037932,5.614463389223248e-05,0.0016803913
2089,0.0011585753449859719,0.0011553010347092317,6.548632167727596e-05,0.0015211978
2090,0.0011834165766938694,0.0011795898407904637,7.653471676923749e-05,0.0014668438
2091,0.0011641624875159727,0.0011618717353687519,4.581511009268032e-05,0.0012995773
2092,0.00111623515193868,0.0011135957320220768,5.278843897826846e-05,0.001479476
2093,0.0011443840417390068,0.0011417951227890122,5.177820457093042e-05,0.001304946
2094,0.0011064807599824335,0.0011035582787978153,5.844970247481898e-05,0.0013322757
2095,0.0011582434681865076,0.0011559754791152146,4.535976003757646e-05,0.0013632564
2096,0.001193890574439946,0.001189869863446802,8.041430640158215e-05,0.0013822454
2097,0.0011561292158957157,0.001153318777990838,5.620868769792903e-05,0.0013947213
2098,0.001184385299630877,0.0011819264101278451,4.9177829736082556e-05,0.0014024056
2099,0.0011136695225205686,0.0011107099190768269,5.919207226017736e-05,0.0012889322
2100,0.001109344547148794,0.0011067471337608166,5.194826590329487e-05,0.0013416079
2101,0.0011483564028619891,0.0011458504957974785,5.011815643519589e-05,0.0014408729
2102,0.0012206358511725234,0.0012172508519142865,6.769993047094482e-05,0.001268233
2103,0.0011393210359124674,0.0011374523009484013,3.7374583259166786e-05,0.0012908076
2104,0.001256939697648502,0.00125349760055542,6.884201480177568e-05,0.0013772551
2105,0.001074453791241265,0.0010720555683494443,4.796434990676131e-05,0.0012681569
2106,0.0011642343726836974,0.0011611904703184134,6.08779610502097e-05,0.0012656765
2107,0.0011384729684020083,0.001135807375734051,5.3311871964941324e-05,0.00130462
2108,0.0011219887399218148,0.0011202382298910784,3.5010248214304184e-05,0.0013706066
2109,0.0011161758512672451,0.0011131164889472227,6.118719028928392e-05,0.0014653598
2110,0.0012484269643512865,0.001245443456961463,5.967020372842512e-05,0.0012696398
2111,0.0011244960155131088,0.0011218140587314135,5.3639108755810915e-05,0.0013141566
2112,0.0011840884069291254,0.0011802200835922525,7.736651834117462e-05,0.001382957
2113,0.0010861572809517384,0.0010828573489561678,6.599870936901829e-05,0.0014054863
2114,0.001162096306992074,0.001159328372321195,5.535875066717081e-05,0.0013556649
2115,0.0011504786593529086,0.0011482383344425923,4.480668495590281e-05,0.001347862
2116,0.0011181561754912965,0.0011143850046209992,7.542337827525595e-05,0.0013582861
2117,0.0011062680226233271,0.001103703422834062,5.1292017648431175e-05,0.001284642
2118,0.0011230349191464484,0.0011191797649694813,7.710313915746762e-05,0.0014461403
2119,0.0011529585281904373,0.0011501640818702677,5.588899650452974e-05,0.0013372216
2120,0.001141428452036861,0.0011381630358907084,6.530830457241639e-05,0.0013802453
2121,0.0011958716734726397,0.0011932629380478627,5.217456317892931e-05,0.00133023
2122,0.0011726458155963983,0.0011700577568262815,5.176102411875346e-05,0.0013829954
2123,0.0010870854835957288,0.001084648978172077,4.873030000756747e-05,0.00124994
2124,0.0010689765460685724,0.0010671154440691074,3.7222032733197355e-05,0.0013432612
2125,0.0011114148862866892,0.0011088503084869849,5.1291687370938475e-05,0.0013148673
2126,0.0011662804508685237,0.001163939180939148,4.682531048464019e-05,0.0013221317
2127,0.0011944200727157296,0.001191130752623495,6.578640169815722e-05,0.001308562
2128,0.0011482770438306033,0.001145376294799563,5.801493096408119e-05,0.0014170985
2129,0.0011247956064633197,0.0011220605319572819,5.470146033322484e-05,0.0012762942
2130,0.001145197501561294,0.001142604722796629,5.185545728336491e-05,0.0012533071
2131,0.0011579327427575158,0.00115586577837045,4.1339297994406425e-05,0.0013173136
2132,0.001093275048252609,0.0010907277141490744,5.094678690764138e-05,0.0013197701
2133,0.0011573495213977165,0.0011550376838487056,4.6236644898881946e-05,0.00147842
2134,0.0011081953623539044,0.001105548401311454,5.293923974769083e-05,0.0013647937
2135,0.0012144575167136887,0.0012123655385544731,4.183938965019883e-05,0.0014646697
2136,0.0011462958219150702,0.0011433472029036946,5.8972335563210896e-05,0.0015674175
2137,0.0010966239574675758,0.0010937118605296645,5.824199870908665e-05,0.0013557624
2138,0.0011329524425996674,0.001129896346376174,6.112187261603847e-05,0.0014147061
2139,0.0011343386929689183,0.0011317537411943907,5.169894769778694e-05,0.0013805538
2140,0.0011391276545408698,0.0011369235671332312,4.40816812960697e-05,0.0015668613
2141,0.0011371211756745147,0.001134232104393757,5.7781577867091175e-05,0.0012443605
2142,0.0010946609855939946,0.001092585154239916,4.151663230877271e-05,0.0013006547
2143,0.0010859524585410125,0.001083802813405378,4.299281382592489e-05,0.0012374589
2144,0.001093455762343688,0.0010904699279409315,5.9716814263942475e-05,0.0013410526
2145,0.001104351310318129,0.0011018213324455752,5.059952917209497e-05,0.0013683523
2146,0.001163993281726208,0.0011612867005169392,5.4131546129888695e-05,0.0012881518
2147,0.0011634873523790803,0.0011607926765767236,5.3893593278154916e-05,0.0013741859
2148,0.0011470062942761513,0.0011443795261180236,5.2535355417009874e-05,0.0015348614
2149,0.0011302016326226294,0.0011273602657537493,5.682723633897682e-05,0.0013854232
2150,0.0011719192287677693,0.0011686005758949451,6.637310256161458e-05,0.0013478243
2151,0.0011107803826841216,0.0011080022358025113,5.556291207508619e-05,0.001479927
2152,0.0011069872403620847,0.0011045685387216508,4.8374140986753544e-05,0.0013589022
2153,0.001092274509008146,0.0010900470583389203,4.454906603099415e-05,0.0013004963
2154,0.0010944871943340533,0.0010920285299006436,4.9173300048162706e-05,0.001281403
2155,0.0010989115599335897,0.001095624018408772,6.575084971321606e-05,0.0013384299
2156,0.0011427842287553682,0.0011397564279225965,6.055597587501577e-05,0.0013358912
2157,0.0011199183826748696,0.0011179463575697608,3.944056820475655e-05,0.0012247178
2158,0.0011203129323095911,0.0011160153805071281,8.595100173604603e-05,0.0013713655
2159,0.0011345592806012265,0.0011317860516202119,5.5464425233648427e-05,0.0013557778
2160,0.0011065361465120481,0.0011043627319547037,4.346829103762199e-05,0.0013398051
2161,0.0011682621526738835,0.0011660528951324522,4.418503374918398e-05,0.001329179
2162,0.001121001591026369,0.0011183164211817913,5.370342149907022e-05,0.0013555748
2163,0.0011751339020621445,0.0011729679135088291,4.33199307786304e-05,0.0012961841
2164,0.0010828467215307884,0.0010805024532601238,4.688539421782896e-05,0.0012536305
2165,0.0011515234014950692,0.0011471757186680203,8.695372848873795e-05,0.0013142668
2166,0.0011347636852102976,0.0011316153337247669,6.296695627681586e-05,0.0013325674
2167,0.001252549847898384,0.0012500954365047316,4.908827117952165e-05,0.0013456052
2168,0.0011440842089036273,0.0011408143883777989,6.539632757570264e-05,0.0016405503
2169,0.0012402869748055108,0.0012356646734082864,9.244613495158975e-05,0.0013381088
2170,0.0010858790263430112,0.001082885463256389,5.987128305579385e-05,0.0013495125
2171,0.001129844377283007,0.0011265033532658385,6.682044311977128e-05,0.0014095278
2172,0.0012161326775741246,0.0012117760100712378,8.713316856022107e-05,0.0015985033
2173,0.0011821691050297684,0.00117941694204799,5.504339547878582e-05,0.0012939395
2174,0.0011166118809746372,0.0011143310293037858,4.5617004326281575e-05,0.001307694
2175,0.001177469247745143,0.00117458363270594,5.771235509226042e-05,0.0013328877
2176,0.001160352961677644,0.0011569032393809822,6.899449549627611e-05,0.0013242146
2177,0.0010909859349744187,0.0010887513894380794,4.4690847465902705e-05,0.0013707255
2178,0.0011109679342351025,0.0011084907313084437,4.9544087070153684e-05,0.0013384065
2179,0.0011657196653282477,0.0011633749495053457,4.6894184386777245e-05,0.0013133684
2180,0.0011079138351811303,0.0011051497008237575,5.5282666736249866e-05,0.0012483562
2181,0.001099230627167142,0.0010963268526312379,5.807551106068824e-05,0.0014441478
2182,0.0011551435131372677,0.0011520774491752188,6.132123706995193e-05,0.001348049
2183,0.0011253906194017165,0.0011229542122843364,4.872822097349664e-05,0.0012568419
2184,0.0010919931499908367,0.0010896989674721326,4.5883708511003835e-05,0.0012952945
2185,0.0010695357729370396,0.0010665412267876996,5.9890910613565514e-05,0.001289698
2186,0.0010990510060865846,0.0010965318884700536,5.038256021079077e-05,0.0013436817
2187,0.0010719977694356607,0.0010698741276024117,4.247297447316593e-05,0.0013225402
2188,0.0010639800567231658,0.001061735720658261,4.48865639024613e-05,0.0014027809
2189,0.0011023133980213769,0.0011001598115803466,4.307178820479349e-05,0.0012607513
2190,0.0011045842017564508,0.0011024955026288,4.1773926174649826e-05,0.0014187867
2191,0.001157512625731114,0.0011545351654705075,5.9549208597470875e-05,0.0013781155
2192,0.0011615645011059112,0.0011587280288545621,5.672943871870315e-05,0.0013762094
2193,0.001251588813546631,0.0012480685694350136,7.040488131000444e-05,0.0016658389
2194,0.0012393099527495603,0.001235672089064287,7.27573402520597e-05,0.0012392685
2195,0.0011420007238888907,0.0011392226235734091,5.55620321215934e-05,0.001298747
2196,0.001132623326136834,0.001129240853091081,6.764934613272544e-05,0.0013103267
2197,0.0010820460738614202,0.0010797300595893628,4.6320280258053496e-05,0.0013621971
2198,0.001108575654992213,0.0011060547497537402,5.041819703690307e-05,0.0012612185
2199,0.001066193697301464,0.001063788939629578,4.809514614999936e-05,0.0013430489
2200,0.00114337990914161,0.001140248018782586,6.263778484433639e-05,0.0014960769
2201,0.0011052918672147724,0.0011027815195524858,5.020680565550606e-05,0.0012966839
2202,0.0011383158374681241,0.001135943650216278,4.74437621549997e-05,0.0013647682
2203,0.0010934793998280334,0.0010909747888541055,5.0092222850000525e-05,0.0013208544
2204,0.001079942135968142,0.001077847039171805,4.190193050668256e-05,0.0012755141
2205,0.0011186478310264646,0.0011152714904811647,6.752685933801357e-05,0.0013549497
2206,0.0011396454543703132,0.0011373725267023677,4.545862961266146e-05,0.0013128811
2207,0.0011380608154771229,0.0011349880434055296,6.145540502618334e-05,0.0013753773
2208,0.0011371349385525618,0.0011348089966405597,4.651881340969055e-05,0.0012867339
2209,0.00114095893352189,0.0011381245774423911,5.668704166686843e-05,0.0013732924
2210,0.001117858773149136,0.00111524550916834,5.226544190009008e-05,0.001287135
2211,0.0011348938789322144,0.0011320018933879004,5.7839809758814594e-05,0.0012553637
2212,0.001137883354547537,0.0011352291472980546,5.308417956264824e-05,0.0015400602
2213,0.0012106819233546654,0.0012076321627116865,6.09950869268911e-05,0.001358452
2214,0.0011397946794103418,0.001137334819779628,4.91971518063868e-05,0.001484269
2215,0.0011842395554089711,0.001181519581263678,5.4399582902280804e-05,0.001363573
2216,0.001118747227721744,0.0011165471501751907,4.4001567642718936e-05,0.0012931827
2217,0.0011050262307334276,0.0011026417577846182,4.768949481785967e-05,0.0012635223
2218,0.0011546223566660451,0.0011522154453107052,4.813813219786627e-05,0.0014334726
2219,0.001130380930327293,0.001127741771698412,5.278312334893546e-05,0.0014102467
2220,0.0011202142780853642,0.0011181456825902893,4.1371854499929996e-05,0.0012979137
2221,0.001151184141377194,0.001148809749995255,4.7487875267949855e-05,0.0013845586
2222,0.0012033399194478988,0.0011997679119101828,7.144003631967481e-05,0.0013703384
2223,0.0012832481530494987,0.001280171393106381,6.153524325949177e-05,0.0015131895
2224,0.0011187241529114545,0.0011153292596443659,6.789784610595638e-05,0.0012590294
2225,0.0011325934617262747,0.0011294132473671603,6.360427745196122e-05,0.0013192048
2226,0.0010838184893752138,0.0010810389597382811,5.559044281287444e-05,0.0014277936
2227,0.0011080430186767545,0.001104988404808359,6.109218194509936e-05,0.0013771616
2228,0.0011031094679815902,0.0011007275613438752,4.763807077034067e-05,0.0012966479
2229,0.001120423282393151,0.0011180382920429111,4.769962773002333e-05,0.0013816232
2230,0.0011807369676211641,0.001178246502402342,4.980929360382586e-05,0.0013333649
2231,0.0010921939819430312,0.0010894861408612794,5.41569303599153e-05,0.0013181565
2232,0.0011266411980614065,0.0011230911749104658,7.100054118483159e-05,0.0012943378
2233,0.0011044488391942448,0.0011015325435437262,5.832588467392775e-05,0.0014252624
2234,0.0010872373745466272,0.001084839680697769,4.7953855916678854e-05,0.0013028354
2235,0.001095978195209884,0.0010928650179670917,6.226353014161153e-05,0.0012444182
2236,0.0010765252880648606,0.0010739770368672907,5.096515062103574e-05,0.0015646935
2237,0.001091110086741133,0.0010886381820051207,4.943806485281736e-05,0.0014092089
2238,0.0011646642078024646,0.0011606774874962865,7.973443387483156e-05,0.0012991695
2239,0.0011107207457017568,0.0011077562877390948,5.928903786601343e-05,0.0013247954
2240,0.001200640584445662,0.0011980373153669967,5.206537403460566e-05,0.001309504
2241,0.0011508775241155591,0.0011482068311630023,5.341386405335571e-05,0.0012956872
2242,0.0010945945460763243,0.0010924751844464077,4.23870979365088e-05,0.0013289991
2243,0.0011292880116444495,0.0011260160296741458,6.543969047223541e-05,0.001407929
2244,0.001099560571472264,0.0010965520179727012,6.017119015003421e-05,0.0012451936
2245,0.001128262554347101,0.001125141304348492,6.242502342092868e-05,0.0012693254
2246,0.0011133009011650252,0.0011104768426674935,5.648116889523812e-05,0.0013156954
2247,0.0010995725842399729,0.0010973751363861893,4.394899190624832e-05,0.0013319661
2248,0.0010781332928066452,0.0010757214984753066,4.8235836496799164e-05,0.0012537879
2249,0.0010999625923836397,0.001097305942999406,5.313298587444769e-05,0.0014908126
2250,0.0011726308536405365,0.001170556785331832,4.1481461663453144e-05,0.0013279498
2251,0.0011236787747798695,0.0011211738352560334,5.009884034296647e-05,0.0013303931
2252,0.0011291884480872088,0.0011271950969886449,3.986694133316525e-05,0.0013341734
2253,0.0011320959530874259,0.001129013036067287,6.165832895782665e-05,0.00135513
2254,0.001088818651624024,0.0010859932349477376,5.650835502453649e-05,0.0013135149
2255,0.00110724809864122,0.001104002259671688,6.491671484935877e-05,0.0012670057
2256,0.001105033637334903,0.0011016768416286342,6.713586368588172e-05,0.001319601
2257,0.0011244478868320585,0.0011218935846247606,5.108600585338586e-05,0.0013627181
2258,0.0011393203542360828,0.0011362719362498159,6.096849045762711e-05,0.0012935725
2259,0.0010939199904290338,0.0010918962963235876,4.047388459386495e-05,0.0012531517
2260,0.0010616426640707585,0.0010592143827428421,4.856558004854664e-05,0.0012801129
2261,0.0010979331163172093,0.0010955585322032372,4.74915787772861e-05,0.0012855178
2262,0.0011050321536863017,0.0011030274430393345,4.009424780046326e-05,0.0013184486
2263,0.001100612497733285,0.0010973409853047794,6.543029160026335e-05,0.0013047187
2264,0.0010968119863213764,0.0010940478817145858,5.528216479701895e-05,0.0012850092
2265,0.001132159063126892,0.0011295034653610652,5.311192512677655e-05,0.0013841891
2266,0.0011817567037521964,0.0011779274830284218,7.658447326674731e-05,0.0013073528
2267,0.001082522634209858,0.0010802219272591173,4.601414340091499e-05,0.0012365668
2268,0.0010667849422639443,0.0010635221338210006,6.52560831485596e-05,0.0013667211
2269,0.0010815245125235782,0.0010793354426924552,4.3781501710680765e-05,0.0012437023
2270,0.0011466457883620427,0.0011432155565772619,6.860470480963461e-05,0.0013644801
2271,0.0011173307856855294,0.0011147478077974584,5.1659293850687186e-05,0.0013418682
2272,0.0011223742078679303,0.0011191135324123832,6.52134891012679e-05,0.0013201425
2273,0.0011512335195826987,0.0011486964494300386,5.0741214223560936e-05,0.0017647567
2274,0.0011902370813509657,0.0011868205037899315,6.833145585447811e-05,0.001396058
2275,0.0011622882383461627,0.00115984998539918,4.876492173401124e-05,0.0013297145
2276,0.0011517142864047652,0.0011493665968171423,4.695384289763953e-05,0.0013330737
2277,0.0011030796656592025,0.0011003623380222254,5.43465059512095e-05,0.0012116574
2278,0.0010753938928246497,0.0010733964801248577,3.994829282242386e-05,0.0013263093
2279,0.0011239033528707093,0.001121238754907002,5.329193094427451e-05,0.0014815849
2280,0.0011385315718750158,0.0011348017245634563,7.459689668235885e-05,0.001267456
2281,0.0011123597130386366,0.0011091036851414377,6.51205923348799e-05,0.0013329702
2282,0.0011707066752326986,0.0011672497507081263,6.913829066977289e-05,0.0013310972
2283,0.0010870021276382937,0.00108480809463395,4.3880570529669034e-05,0.0013281896
2284,0.001110539682364712,0.0011074983269079692,6.082712548691009e-05,0.0012388906
2285,0.001083787489268515,0.001081531832460314,4.511310067982777e-05,0.0013254511
2286,0.0010739988543921046,0.0010712723778043356,5.452946862760655e-05,0.0013145182
2287,0.0010842668293561373,0.001081884142735766,4.76537152887128e-05,0.0012692682
2288,0.0010920456972801024,0.0010890912898402247,5.908824202012713e-05,0.0012776856
2289,0.0011158282027786805,0.0011126769150400328,6.302569676266658e-05,0.0015747871
2290,0.0011500097927637399,0.0011471883044578135,5.6429605503025315e-05,0.0015134133
2291,0.0011722286839762495,0.0011702652102232808,3.9269410941263534e-05,0.0013470645
2292,0.0011083881939864821,0.0011054643028829661,5.847790660280023e-05,0.001366733
2293,0.0011136399957144426,0.001110711532075786,5.8569216117297806e-05,0.0012764266
2294,0.0011018195952702727,0.001099096091153721,5.447013015277157e-05,0.0013552456
2295,0.001102385616913024,0.001100355221165551,4.0607996195281736e-05,0.0013164376
2296,0.0010723703631406857,0.0010696171123224,5.506514871692995e-05,0.0012470747
2297,0.0011285575960452358,0.001126338791153911,4.437616510510149e-05,0.0012748366
2298,0.001139357462266667,0.0011367826968327992,5.149526655553337e-05,0.001340489
2299,0.0011076453258283437,0.0011055553474256562,4.179955151168239e-05,0.001304088
2300,0.0011161991188095677,0.0011139494198788371,4.499380546323866e-05,0.0014018457
2301,0.0011287510679620835,0.0011256216378468607,6.258862320057309e-05,0.0014143218
2302,0.0011100278986204,0.0011076953236220611,4.6651530258006664e-05,0.0013309947
2303,0.0010917548232504892,0.0010887386199707786,6.032409750294695e-05,0.0012571638
2304,0.0011360429317897392,0.0011335374968540338,5.010865443475016e-05,0.0015056033
2305,0.0011575700171912709,0.0011527183789035512,9.703272216307191e-05,0.0012830116
2306,0.0010904277144517336,0.001087787737035089,5.279955549152899e-05,0.0012922678
2307,0.0011141956667415798,0.0011118917764785389,4.607777272111788e-05,0.0013208888
2308,0.0011039093641253808,0.0011013455119811826,5.127702751855799e-05,0.0013744922
2309,0.0011701668560918834,0.0011672906098990805,5.75248953345585e-05,0.0013293903
2310,0.001100447943382379,0.0010978373142683671,5.221256611832222e-05,0.001264097
2311,0.0011078006025248518,0.0011056289633011652,4.343267773852706e-05,0.0013059885
2312,0.0011226830628907514,0.0011197542500061294,5.8576308745826746e-05,0.0012941182
2313,0.0010885846322505838,0.001085827838526004,5.51358256504702e-05,0.0012708834
2314,0.001085588487330824,0.0010825068754557934,6.16321735751472e-05,0.0013562652
2315,0.0011557064950466155,0.0011534902163677745,4.432566979932773e-05,0.0012551883
2316,0.0011727564360222054,0.0011702612223517563,4.990427298542007e-05,0.0013405186
2317,0.0011021032101578183,0.0010999495629221202,4.30728910632499e-05,0.0013122552
2318,0.0011437878905174632,0.0011412358752244877,5.104030587174988e-05,0.001332241
2319,0.0011267134415296218,0.0011242194385785195,4.988009460677271e-05,0.0012540492
2320,0.0011178599127257864,0.0011143609208779204,6.997990340001555e-05,0.0013319876
2321,0.0011466098444846769,0.0011443106625746522,4.59837407466542e-05,0.0012857277
2322,0.001121265662368387,0.0011181194969038996,6.292331245726738e-05,0.0013141759
2323,0.0011299468434622718,0.001127315214317706,5.263257182637204e-05,0.0014036176
2324,0.0011349480987216036,0.0011321907384424573,5.514735046795573e-05,0.001372829
2325,0.0010858685036914217,0.001083606052108937,4.5249096789727146e-05,0.0012971647
2326,0.0010718690334922737,0.0010690431679702466,5.6517347153809776e-05,0.0012724764
2327,0.0011455765550231769,0.0011429662570460802,5.220590177575307e-05,0.0014974246
2328,0.0011769832008414799,0.0011745948137508498,4.7767747694157e-05,0.0013485681
2329,0.0011022644078669448,0.001099780160519812,4.968497220640226e-05,0.0012988576
2330,0.0011289413216420347,0.0011266237784487505,4.635094811015329e-05,0.0012679284
2331,0.001175862998287711,0.0011721007448310652,7.52450816965696e-05,0.0014449593
2332,0.0011435356211020715,0.0011403796017273433,6.312029885483147e-05,0.0013090925
2333,0.001106090592737827,0.001103584439907637,5.0123075182758234e-05,0.0014965881
2334,0.0011632406217460002,0.0011603233572613034,5.834528816398195e-05,0.0014206113
2335,0.0011254426880946589,0.0011230682850711876,4.748794360804393e-05,0.0012698846
2336,0.001076403403809915,0.0010732531974402568,6.300408498031769e-05,0.001371038
2337,0.0010789859470807844,0.001076377432845119,5.217042732749576e-05,0.0013340897
2338,0.001089098849075122,0.0010861865684597028,5.824548923349937e-05,0.00132229
2339,0.0010773791026117074,0.001075143901269055,4.470395520951421e-05,0.0012952674
2340,0.0011185118773331245,0.0011161388143793576,4.746140641600505e-05,0.0013464125
2341,0.001088827248248789,0.0010861130470099548,5.428413774097862e-05,0.0013081596
2342,0.0011320152746823926,0.0011281507426045008,7.729072579031203e-05,0.0013579733
2343,0.001107338518421683,0.0011044718286332986,5.733373411910887e-05,0.0012639044
2344,0.0011197100690979924,0.001117091686723547,5.23675921310011e-05,0.0012805634
2345,0.0010758773371991185,0.0010735706465008358,4.6133842114512746e-05,0.001252321
2346,0.0011328237286458412,0.0011305665105788244,4.514430257876888e-05,0.0012607032
2347,0.0011110519059002399,0.001108420773461047,5.2622648026069544e-05,0.0012701186
2348,0.0011093407455417845,0.0011070225853472948,4.6363184805563325e-05,0.0012895896
2349,0.0011486321377257506,0.0011462120649715264,4.84014946917139e-05,0.001449265
2350,0.0010905758788188299,0.0010881456675835783,4.8604196479671045e-05,0.001311502
2351,0.0010856749502838486,0.0010832030752984186,4.943739198068897e-05,0.0013429985
2352,0.0011318509363465838,0.001129209100165301,5.2836700572860764e-05,0.001600015
2353,0.0012024728464893996,0.0011985966871078644,7.752309910402902e-05,0.0013604534
2354,0.0010840067420051329,0.0010811505321827199,5.712401813677085e-05,0.0014772306
2355,0.0011056796117271813,0.0011034023534092637,4.5545172741236054e-05,0.0014908984
2356,0.0012207342078909278,0.0012188449631341629,3.778481646905776e-05,0.0012786911
2357,0.001180813222243968,0.0011773871788237657,6.852076839594347e-05,0.0012258599
2358,0.0010732916080289417,0.0010706990556274023,5.185113291001168e-05,0.0014549372
2359,0.0011196445686639184,0.0011164581933472719,6.372744899670755e-05,0.001271821
2360,0.0010732979875885777,0.0010705787947194443,5.438386284184718e-05,0.0012405678
2361,0.0011046161823388603,0.001102601432810641,4.0295067596060917e-05,0.0013154426
2362,0.0010757255354999669,0.0010729191061626705,5.612864410165446e-05,0.0013275053
2363,0.0011195603473525908,0.001116925991502487,5.268705861820106e-05,0.0013084067
2364,0.0011090711936251156,0.00110613631679573,5.8697649393085134e-05,0.0012586267
2365,0.0010605260471089019,0.0010585212704932523,4.009546641532907e-05,0.0014239005
2366,0.0010558411388451026,0.0010531188273388478,5.444624755494626e-05,0.0014536621
2367,0.0011365308232295017,0.0011339628422218893,5.135944455771677e-05,0.0012616167
2368,0.0010851138349001607,0.0010824540565307769,5.319555788609259e-05,0.0013034632
2369,0.001056248677842733,0.001053665699954662,5.165943880764227e-05,0.0013159388
2370,0.001111015130300075,0.0011082883342169226,5.4536017892638076e-05,0.001329692
2371,0.0010752130881883204,0.0010726350838214987,5.1559933919836314e-05,0.0012823323
2372,0.001116420868008087,0.0011129447595319814,6.952217025539338e-05,0.0015056991
2373,0.0011554829142470327,0.0011531168323320646,4.732167381417993e-05,0.0012770712
2374,0.0010639459127560259,0.001061469855873535,4.9521207594792494e-05,0.0012830297
2375,0.0010739159796179997,0.0010706616229274207,6.508703623006163e-05,0.0013257458
2376,0.001115848548296425,0.0011130500830606454,5.5969352758861786e-05,0.0013395075
2377,0.0011167646489209598,0.001113805231741733,5.918838806001821e-05,0.0013644906
2378,0.001116815892358621,0.001113941863230947,5.748065635964552e-05,0.0013992907
2379,0.001085915089222706,0.0010830304973448316,5.7691878458854263e-05,0.0012753881
2380,0.0011558442467099262,0.0011521825269382032,7.323451817519021e-05,0.0012459345
2381,0.0010557396609025696,0.0010536017931169935,4.275743343973046e-05,0.0013007544
2382,0.001067384755394111,0.0010649508240425753,4.8678647880567246e-05,0.0013170769
2383,0.0010873353341594339,0.0010847752758612235,5.1201103946772894e-05,0.001254944
2384,0.001148768341065281,0.0011454030599755546,6.730566918678152e-05,0.0014770605
2385,0.00111193827405158,0.001109294364384065,5.2878297347231436e-05,0.0012920799
2386,0.0010834327071077294,0.001080851655246483,5.162105396973655e-05,0.0013897255
2387,0.0011420894388316405,0.0011390512214145727,6.07642383531331e-05,0.0012677669
2388,0.0011016243253834546,0.0010986096212743884,6.029413187320642e-05,0.001279085
2389,0.0010344830820233457,0.0010320521140885022,4.8619158122973106e-05,0.0013269045
2390,0.001106157200410962,0.001103032058260093,6.250296140327312e-05,0.0013303196
2391,0.0011046951222750876,0.001102230968212502,4.9283145729361876e-05,0.0013605822
2392,0.0010955654731434252,0.0010923015833314922,6.527788273034377e-05,0.0013555391
2393,0.0011490836454969313,0.0011456609315549334,6.845430786728773e-05,0.0013766092
2394,0.0011332607000238365,0.0011299685148211816,6.584381076816865e-05,0.0013307206
2395,0.001108587203392138,0.0011060286403840615,5.1171285815440924e-05,0.0014065538
2396,0.0011741289558509986,0.0011713295670536658,5.598785361371483e-05,0.0014730217
2397,0.0011791694353127644,0.0011766439096795188,5.051049784911616e-05,0.0013783427
2398,0.001164507401537978,0.0011616106326174404,5.793524634422435e-05,0.0013340559
2399,0.001094277222485592,0.001091555180028081,5.444082889880519e-05,0.0013013587
2400,0.0010774165042676032,0.001074384490493685,6.064026479306348e-05,0.0012895011
2401,0.0010327463335771528,0.0010305479531072907,4.3967620957848415e-05,0.0013949345
2402,0.0011008245133173962,0.0010986204453123114,4.4081349290871055e-05,0.0013258818
2403,0.0010434262842560808,0.001041386894778245,4.078762857443093e-05,0.0013337624
2404,0.0010711622385618587,0.00106882660701457,4.671263161411964e-05,0.0014507518
2405,0.0011137033670416308,0.001111039136432939,5.328467320756166e-05,0.0012916513
2406,0.001088436918022732,0.001086302845376647,4.268151156073448e-05,0.0013029064
2407,0.0011351092925502193,0.0011315442388877273,7.130119426474519e-05,0.0013181182
2408,0.0010922494564308887,0.0010898729941497245,4.7529196403001744e-05,0.0012738024
2409,0.0011042920005921689,0.0011019279171402255,4.728174850837791e-05,0.001314563
2410,0.001073579685503824,0.001071164339211666,4.8306806591035135e-05,0.0012411491
2411,0.0010397273788435592,0.001037383605984764,4.687552329427389e-05,0.0015318283
2412,0.0011209791940119532,0.0011177135657312143,6.531243910248778e-05,0.0012827829
2413,0.0011489187134429812,0.0011464242771681813,4.9888589269506435e-05,0.0013639823
2414,0.0010708647508484621,0.0010686629050825206,4.403706267718614e-05,0.001328056
2415,0.001055880213001122,0.0010535954575364788,4.5695209383314305e-05,0.0012863711
2416,0.001076995320100751,0.0010742515312611228,5.487568992824284e-05,0.0013193043
2417,0.001095068716030154,0.001092569899952246,4.9976322722184504e-05,0.0013788249
2418,0.0011091712344851758,0.0011067688180547621,4.8048220199663975e-05,0.0012744423
2419,0.0010901308967731893,0.001088006063623147,4.249665325062324e-05,0.0013163293
2420,0.0011138567494021522,0.0011114838170922464,4.745858535525492e-05,0.0013561486
2421,0.0011029008116262655,0.0011000739733895493,5.653682161760937e-05,0.0013007445
2422,0.0010705425753258168,0.0010682287147372133,4.627728964755483e-05,0.0012930089
2423,0.0010930754205522438,0.0010902686587845286,5.6135194881790085e-05,0.0013567788
2424,0.0011438549612648786,0.0011408754430400829,5.95903264307967e-05,0.0014049805
2425,0.001115521029310508,0.0011131728921706479,4.696262852929875e-05,0.0012441585
2426,0.0010990210989904072,0.0010966611857939925,4.719824089814355e-05,0.0013198857
2427,0.0010615242140678068,0.0010590773813116054,4.893660984357167e-05,0.0012883865
2428,0.001104504595665882,0.0011017407251832387,5.527737450595143e-05,0.001235162
2429,0.001068039419543412,0.0010647898074239493,6.499230294960196e-05,0.0013122724
2430,0.001125127083570179,0.0011227971201555596,4.6599277848595e-05,0.0013169056
2431,0.0010725014079879555,0.0010698556162727377,5.291582235966214e-05,0.0012958959
2432,0.001110166991646919,0.0011066768085584045,6.980351376013358e-05,0.0013520722
2433,0.0011052889645927482,0.0011024341478736864,5.709627049397012e-05,0.0012569166
2434,0.0011171205189182526,0.0011144709165415002,5.299199811032748e-05,0.0012330669
2435,0.0010732821214737163,0.001070320153505438,5.923930537947955e-05,0.0013418401
2436,0.0010894618630926643,0.0010863679008454913,6.187926286129494e-05,0.001285497
2437,0.0010853677302495473,0.0010833688830542895,3.997689250284776e-05,0.0013260628
2438,0.0010766749787661765,0.0010745128758976028,4.3242131663924335e-05,0.0013079699
2439,0.0011277478886768221,0.0011249146294883556,5.6665163545390996e-05,0.0012701901
2440,0.0010932533083380096,0.0010909055954673225,4.6954288218062045e-05,0.001309324
2441,0.0010925546262620224,0.001089413559788631,6.282134120630822e-05,0.0012790838
2442,0.0010992722831562989,0.0010966859525069594,5.1726704823648914e-05,0.0014073175
2443,0.001124325895216316,0.0011222815943054028,4.0886200462746874e-05,0.0014030057
2444,0.0011412252012329798,0.00113767128981029,7.107818374826201e-05,0.0015179589
2445,0.0011441018807494805,0.0011413102710826528,5.58321445615838e-05,0.0013209293
2446,0.001143655916934626,0.0011411750624473725,4.96170828979656e-05,0.0014538411
2447,0.0011350038125076227,0.0011320846556271945,5.838315052560322e-05,0.0012437402
2448,0.001065523943139447,0.0010621205360318224,6.806805289822175e-05,0.0014296157
2449,0.0010756882140412927,0.0010721187559991248,7.138914737273202e-05,0.0012512567
2450,0.0010962467563028137,0.001093787993563132,4.917523499025202e-05,0.001229674
2451,0.001081462315697637,0.0010790948536143535,4.734934320233345e-05,0.0013986204
2452,0.0010566168813966215,0.0010536703242299457,5.893114450851537e-05,0.0012747274
2453,0.0010672474357609947,0.0010651324849782718,4.229895459215211e-05,0.0012839686
2454,0.0011477321062961386,0.0011436753324232996,8.113547337814787e-05,0.0015381172
2455,0.0010912142823346787,0.001088652843868153,5.12288306111941e-05,0.0014296523
2456,0.0011000305323654578,0.0010975305469603175,4.999966245122778e-05,0.0013044748
2457,0.0010856561556768915,0.0010829980381660991,5.316232233730666e-05,0.0012994735
2458,0.0011142849805764854,0.0011119354762033455,4.6990161296405705e-05,0.0014279267
2459,0.0011259615460100273,0.0011230999836698175,5.723126773710242e-05,0.0012565728
2460,0.0010264977942117386,0.0010241206515476935,4.754283887330581e-05,0.0012914124
2461,0.001069340461658107,0.0010666030368560717,5.474850757791503e-05,0.0013019162
2462,0.0010676306685329312,0.00106528327257062,4.6947988860463534e-05,0.0012612474
2463,0.001066488630345298,0.001064111689467811,4.75387090290269e-05,0.0012255731
2464,0.00110365279769111,0.0011010017931564814,5.3020153949350715e-05,0.0013412163
2465,0.0010859933487760525,0.0010834239927741387,5.138715160657941e-05,0.0013487381
2466,0.0010704434800168706,0.0010676610412903957,5.564885707119376e-05,0.001282564
2467,0.001094795017141021,0.0010923433557359708,4.903313479474036e-05,0.0014379013
2468,0.0011538134758464164,0.0011508266325108707,5.973673678411432e-05,0.0012614788
2469,0.0010615968572286268,0.001058639495426582,5.914725713596327e-05,0.0012969488
2470,0.0010539073626407319,0.0010514775601526102,4.859611555768516e-05,0.0013561306
2471,0.001080022274982184,0.0010771571322240763,5.730289704014445e-05,0.001249307
2472,0.0010751403376667037,0.001072522455878142,5.23577999788453e-05,0.0015219153
2473,0.001074750246738808,0.0010729979801302155,3.5045143950066894e-05,0.0013011101
2474,0.0010999252541094191,0.0010968238374011385,6.20283057262188e-05,0.0012717398
2475,0.0010942780128162769,0.001091145435606854,6.26515287649454e-05,0.0012606162
2476,0.0010397674321817854,0.0010379172977991401,3.7002746434774046e-05,0.0012372701
2477,0.0010815925339961218,0.001079441825600548,4.3014174811340484e-05,0.0014441257
2478,0.0011033039358961914,0.0011008743597711954,4.859153330427388e-05,0.0013806648
2479,0.0010617780266329647,0.0010597707794254853,4.01450369054146e-05,0.0013086032
2480,0.001104186670595987,0.0011019416683767404,4.48999485732947e-05,0.0012941328
2481,0.0010728985291077859,0.0010709378674315909,3.921311654693227e-05,0.0014869522
2482,0.00111478643052073,0.0011117860222131842,6.0008125182914936e-05,0.001294872
2483,0.0010606715940715125,0.0010583883267827332,4.566539318331151e-05,0.0012214701
2484,0.0010592150075050691,0.0010563503886159096,5.729248218775653e-05,0.0012997666
2485,0.0010627265812622176,0.0010600936650815938,5.265842650601371e-05,0.0012634404
2486,0.001117523266778638,0.0011153814861447446,4.2835648493009e-05,0.0013684765
2487,0.0011261006623196105,0.0011233393904856509,5.5225425296928026e-05,0.0013683349
2488,0.00113987035325004,0.0011374512907221085,4.8381375760679174e-05,0.0012724763
2489,0.0011035597107062736,0.0011006134898505276,5.892446528340164e-05,0.0013257458
2490,0.0010693843929200537,0.001066543004061613,5.682784526470641e-05,0.0013328771
2491,0.001077468034863058,0.0010747304018069472,5.475274205220476e-05,0.0013171866
2492,0.0010721817250467008,0.001069484896854394,5.3936503061101524e-05,0.0012587883
2493,0.001070690045081493,0.0010686574969440699,4.065085204779785e-05,0.0012813023
2494,0.0010889144523793626,0.0010863787507534855,5.071394416905011e-05,0.0013791746
2495,0.001121110955460204,0.0011189497075974942,4.322496570239309e-05,0.0014433174
2496,0.001076155599568867,0.0010737975826486945,4.7160252986739375e-05,0.001303369
2497,0.0011297855888389879,0.0011278473733303447,3.876429952135317e-05,0.001404862
2498,0.0010991094802092346,0.0010958155513637595,6.587858900491344e-05,0.0012824738
2499,0.0010895103099755944,0.0010871161137604051,4.788376205498126e-05,0.0012725954
2500,0.0010922211287025777,0.0010877678144930137,8.906636013787446e-05,0.0012848005
2501,0.0010577799390173621,0.0010553022199827763,4.955436411064692e-05,0.001293601
2502,0.0011292749136272405,0.0011266652326513496,5.2193697312456305e-05,0.0013886663
2503,0.0011158436937775049,0.0011134893905060987,4.7086116422987187e-05,0.0013283546
2504,0.001102956640534103,0.0011007270426489414,4.4592095607972246e-05,0.0013159972
2505,0.0011035792141531906,0.0011011277299581303,4.902960177446403e-05,0.0013553834
2506,0.0010947657813731996,0.0010919224289763305,5.6866989779378074e-05,0.0012277034
2507,0.0010551279966926409,0.0010521753096125192,5.905378798666384e-05,0.0013320888
2508,0.0010797458209304345,0.0010765419458039105,6.40775055804473e-05,0.0013472924
2509,0.001066569932219055,0.0010639082485189042,5.323374783291356e-05,0.0012435247
2510,0.001083615457173437,0.001080055678418527,7.119563667527591e-05,0.001238035
2511,0.0011016808812403017,0.001099277089815587,4.807589243832745e-05,0.0012732338
2512,0.0010743005382311012,0.0010720687064652641,4.4636616017770496e-05,0.0012731791
2513,0.001113834981030474,0.0011105228965688082,6.624165787185473e-05,0.0014842036
2514,0.0011235648119408224,0.0011211308042725755,4.868013849469814e-05,0.001324763
2515,0.0010763638743406369,0.0010743771847854886,3.973388695518073e-05,0.0012770394
2516,0.001121419832472586,0.0011192155432783895,4.4085876403856776e-05,0.0012989423
2517,0.001062594227389329,0.0010603314330283966,4.525589508443457e-05,0.0012928067
2518,0.0010834454261283908,0.0010814943234436214,3.902217227075905e-05,0.0012570706
2519,0.0010448682910969688,0.001042824400226689,4.0877882415695725e-05,0.0012789376
2520,0.0010614948955157565,0.0010594089463767079,4.171903835488896e-05,0.0012287733
2521,0.0010946472951521475,0.0010920324530969891,5.2296811084791746e-05,0.0013560208
2522,0.0010520145154765083,0.001049492380116135,5.044276211063132e-05,0.0012838342
2523,0.0011080045020207762,0.0011054129908896154,5.1830260316402626e-05,0.001242707
2524,0.0010899427010574274,0.0010879000312545234,4.085340488693628e-05,0.0013056294
2525,0.0010686899561228023,0.001066183690757801,5.01252780496644e-05,0.0012899281
2526,0.0011179558971586327,0.0011153589132138425,5.19396438701531e-05,0.0014414606
2527,0.0010933488723821939,0.0010908085128499402,5.0807179437812384e-05,0.0014505341
2528,0.0010927297226670715,0.0010903959059052996,4.667618648986781e-05,0.001298939
2529,0.0010537452193804912,0.001051800341034929,3.8897532969725845e-05,0.0012422102
2530,0.0010585396511790654,0.0010565077937725517,4.063709159716211e-05,0.0012535584
2531,0.0010840378080805143,0.0010817580015605522,4.5596070270271917e-05,0.0013621156
2532,0.0010584828405020138,0.0010564299429663354,4.1058071474352355e-05,0.0012920809
2533,0.0010987447147878507,0.001096142682298604,5.2040784070565374e-05,0.0013586428
2534,0.001093794913807263,0.0010913053824980225,4.9790483185832256e-05,0.00131209
2535,0.0010841765182299746,0.0010819611773412261,4.430690958332977e-05,0.0012669727
2536,0.0010798526513907645,0.001077518278422455,4.6687408430375514e-05,0.0012736446
2537,0.001071084483474907,0.0010685359994466934,5.0969618617556655e-05,0.0013385458
2538,0.0011250822326271898,0.0011225152476173309,5.133961528795478e-05,0.0013927558
2539,0.0010724104449359906,0.001069889517707957,5.041850623889053e-05,0.0013120875
2540,0.001079935320497801,0.0010775213647219869,4.8279119525634287e-05,0.001227408
2541,0.001088067675785472,0.001085383381642815,5.368566692014712e-05,0.0012706211
2542,0.0010373409203667608,0.0010353455242390435,3.990787533797323e-05,0.0012719973
2543,0.0010659644393146866,0.0010639935628407532,3.9417474541399616e-05,0.0013391932
2544,0.0010775071400631632,0.0010750868952729637,4.840490746573778e-05,0.0012862434
2545,0.0010906736987332502,0.001088029820109821,5.28774780033498e-05,0.0012785087
2546,0.0010683753695856365,0.0010661049526081317,4.540825499332139e-05,0.0013565135
2547,0.0010731691986115442,0.0010708018956292007,4.7346088836598536e-05,0.0012507737
2548,0.0010847553339165946,0.0010827154270373284,4.079814220519568e-05,0.0013072857
2549,0.001121811431625651,0.0011191370547749102,5.348755191473881e-05,0.0013251557
2550,0.001077906602424466,0.0010753167055857678,5.179794929230436e-05,0.0013260113
2551,0.001091875364848723,0.0010893176633140279,5.115416111796852e-05,0.0012701218
2552,0.0010837104365540048,0.0010815815754338272,4.2577244832228997e-05,0.001276593
2553,0.001124661127364056,0.001122584413840539,4.1534163600726654e-05,0.0013466027
2554,0.0010745011076020697,0.0010717497013198833,5.502831176518915e-05,0.0012402827
2555,0.0010499597139035663,0.001047319766237504,5.279894252604815e-05,0.001275629
2556,0.0010442328354757693,0.0010415270536517105,5.411551005794182e-05,0.0013141477
2557,0.0010440852816423608,0.0010412665536730654,5.6374467126316414e-05,0.0012757705
2558,0.00108236411275963,0.0010796714819864266,5.3852776940427953e-05,0.0012833131
2559,0.001040153259721895,0.0010374573628521627,5.3917946642438136e-05,0.0013481241
2560,0.0010806968370969925,0.0010771801540007194,7.033374082223215e-05,0.0012955682
2561,0.0010334418724394507,0.0010314420072568787,3.999724052050624e-05,0.0012998672
2562,0.00106931773868079,0.0010666041647911899,5.427154065576663e-05,0.0013068748
2563,0.0010589623086464902,0.0010569955959605674,3.933427088895769e-05,0.0013236041
2564,0.0010655145911085938,0.0010625266883936193,5.975793056368022e-05,0.0012742988
2565,0.0010754524102796698,0.0010725499370083627,5.8049486261148154e-05,0.0012982754
2566,0.0010427597754945359,0.0010406620632339683,4.195432722380815e-05,0.0013359007
2567,0.0010368453261132041,0.001034229397515042,5.2318645821477124e-05,0.0012719091
2568,0.00106423332537007,0.0010617247756777538,5.017092055825678e-05,0.0012442655
2569,0.0010705216412639452,0.001067768764268193,5.505761475003762e-05,0.0013723329
2570,0.0011098471625397603,0.0011070687246198456,5.556872769463755e-05,0.0013399016
2571,0.0010863282756569486,0.0010834637796506286,5.728986700811826e-05,0.001271219
2572,0.0010800148981312911,0.0010777814986391199,4.466812442791321e-05,0.0013166907
2573,0.00114149036946603,0.0011388269097854693,5.326933020926264e-05,0.0013476548
2574,0.001089184450554765,0.001086668446401341,5.031999709596372e-05,0.0013087939
2575,0.0010635582380928098,0.001060961219223423,5.194041027417976e-05,0.0012993411
2576,0.0010498924064449966,0.0010479344494847788,3.9159121459104224e-05,0.0012379203
2577,0.0010609723123100898,0.0010587316976549725,4.4812379215070705e-05,0.0013255662
2578,0.0010786780479571057,0.0010767562793464296,3.843550407762248e-05,0.0012468158
2579,0.0010599887321910096,0.0010573781444691121,5.2211694048212265e-05,0.0013321543
2580,0.0011554866059062382,0.0011519106674111551,7.15187481533677e-05,0.0013303249
2581,0.001069127494055364,0.001066220012338211,5.8149727407178865e-05,0.0013641327
2582,0.0010451281908899547,0.0010427166242152452,4.823122025376689e-05,0.0013022671
2583,0.0010549952431271473,0.001052921689632866,4.147111241366019e-05,0.0012401532
2584,0.0010607281829127008,0.0010578360770725542,5.784227794012824e-05,0.0014098185
2585,0.0011057175760571328,0.0011030243062931631,5.38654965460239e-05,0.0013699651
2586,0.0010995083656679424,0.0010973859578371048,4.244817696859273e-05,0.0013313538
2587,0.0010921996500757006,0.0010895935831488008,5.212136367936814e-05,0.0013091663
2588,0.00105240616766322,0.0010497124852716095,5.387355508919039e-05,0.0013183821
2589,0.0010787500676492023,0.0010763762272997862,4.747704459270431e-05,0.0012192242
2590,0.001076288376417425,0.0010741888040987154,4.199140829162691e-05,0.0012986624
2591,0.0010854282261182865,0.0010828716227681272,5.113208733044969e-05,0.0013570061
2592,0.0010846561791064838,0.0010822014883160591,4.9093828494051195e-05,0.0012971254
2593,0.0010948766799022754,0.001092735988398393,4.28137829961391e-05,0.0013115187
2594,0.0010485159013316862,0.0010459992232628994,5.033357209766917e-05,0.0013320227
2595,0.0010748162180081837,0.0010724056020586026,4.821224357733911e-05,0.0012769124
2596,0.0011031924695190456,0.0010999120086328024,6.56092246469342e-05,0.0013550296
2597,0.0010808321686151126,0.0010787581455790334,4.148051974273888e-05,0.0012289868
2598,0.0010362941525980003,0.0010340619444226225,4.4644058381177525e-05,0.0012714597
2599,0.001089604612853792,0.001087145976877461,4.9172714673773045e-05,0.0012571721
2600,0.0010422042105346918,0.0010398722214934727,4.663987035150462e-05,0.0012710508
2601,0.0010854467646115357,0.0010833115161707004,4.270498954307793e-05,0.0013821448
2602,0.0010921990020304091,0.0010900449279385308,4.308158371202353e-05,0.0013186205
2603,0.0010787814027733273,0.0010766931615459423,4.1764757735525863e-05,0.0012444254
2604,0.001087195942333589,0.0010852093575522304,3.9731691492445657e-05,0.0012644515
2605,0.001091887743677944,0.001089226752648958,5.3219808950820555e-05,0.0012528135
2606,0.0010746480146836903,0.001071793498057458,5.7090443140042325e-05,0.0013404017
2607,0.0010527425264525744,0.001050145076846497,5.194901059139865e-05,0.0013013136
2608,0.0010616118088364601,0.0010590547113679349,5.114185993506659e-05,0.0013597575
2609,0.0011277633486315608,0.0011253648075378604,4.797079783165641e-05,0.0014181018
2610,0.0010793054722146027,0.001076662138156179,5.286675669972713e-05,0.0012622564
2611,0.0010654104886473053,0.0010633758657301465,4.069237996968924e-05,0.0013553067
2612,0.0010501304279185004,0.0010482201262170241,3.8205965882228316e-05,0.0012621296
2613,0.001079037369021939,0.00107656957115978,4.935591089668555e-05,0.0013673813
2614,0.001093846334454914,0.0010907557922311955,6.181084017069023e-05,0.0012863949
2615,0.0011574135511182248,0.0011537442643505833,7.338580765274827e-05,0.0012703988
2616,0.001077965110178209,0.0010758716341418525,4.186948531494434e-05,0.0012680942
2617,0.0010698453186907702,0.0010675737789521615,4.543078493510519e-05,0.0012905583
2618,0.0010627571480452186,0.001060492439298994,4.5294234129439954e-05,0.0012341143
2619,0.0010579284940225382,0.0010554394219070673,4.9781374273215484e-05,0.0013140807
2620,0.0010707569230968754,0.0010680776386935678,5.358558771162178e-05,0.0013875966
2621,0.0010810779730996323,0.00107795249334433,6.250962544258856e-05,0.0013637653
2622,0.0010732131699721019,0.0010710724551851551,4.2814197999203113e-05,0.0012410767
2623,0.0010312359754203093,0.0010283520535772873,5.767843899554413e-05,0.0014026924
2624,0.0010927055302696923,0.001090414950158447,4.5811578296452004e-05,0.0012984371
2625,0.0011426264808202782,0.001139608233804918,6.036489401732107e-05,0.0012534038
2626,0.0010416841328454514,0.0010393580085494452,4.652240849709857e-05,0.0012303751
2627,0.0010741443890664312,0.0010718410537164243,4.606664436374154e-05,0.0012802394
2628,0.0010896848812181916,0.001087561747731848,4.246263542502978e-05,0.001310317
2629,0.0010927026211801502,0.0010891058637450138,7.19351186166111e-05,0.0012856226
2630,0.0010929446046551068,0.001090147246658388,5.594703727511943e-05,0.0013772128
2631,0.0011758597050276068,0.001172016407104416,7.68659794377729e-05,0.0012784788
2632,0.0010643645228507618,0.0010618491124154794,5.0308123736739517e-05,0.0012772655
2633,0.0010645388586757083,0.00106224715968387,4.5833988084176267e-05,0.0012944306
2634,0.0010311837502134343,0.0010285436938930717,5.280108747756332e-05,0.0012371606
2635,0.0010157788573350343,0.0010136008456659814,4.3560201516217805e-05,0.0012785463
2636,0.0010762494820584026,0.0010741210128698084,4.2569165705843814e-05,0.0012733488
2637,0.0010346054448746144,0.0010321620295548604,4.886835404123404e-05,0.001245751
2638,0.001057355437013838,0.001055170533557733,4.3698028666483427e-05,0.0012402314
2639,0.001021028307473494,0.0010187144934510192,4.6276214380213e-05,0.0012268494
2640,0.0010285411663870845,0.0010264742886647582,4.13376027116404e-05,0.0013065982
2641,0.0011033306920176578,0.0011007697774200803,5.121821600874278e-05,0.0013328843
2642,0.0010691695691396792,0.0010670195113764041,4.3001145390418757e-05,0.0013388293
2643,0.001093828618629939,0.001091074688722276,5.507864323893348e-05,0.0013607484
2644,0.001061289278893835,0.0010588444769382478,4.889599925314138e-05,0.0012178547
2645,0.001071465296101653,0.0010684949423496921,5.940704590254124e-05,0.0013206085
2646,0.0010506432542266946,0.001048541449320813,4.203611454000919e-05,0.0012746517
2647,0.0010323089405169918,0.0010297314367360539,5.155021110187816e-05,0.0012275239
2648,0.0010491734060148398,0.0010464140705557334,5.5186662308730974e-05,0.001236834
2649,0.0010531161420254244,0.00105071206861693,4.8081548061418286e-05,0.0013221096
2650,0.0010947282012138103,0.0010921590586399866,5.138286017588219e-05,0.0012460592
2651,0.0010798239084478054,0.001077129039913416,5.3897393710637215e-05,0.0012786617
2652,0.0010775169551682968,0.0010752322372152574,4.569432726787189e-05,0.0012530731
2653,0.001069846279763927,0.0010667573712352248,6.177821686416488e-05,0.0013322354
2654,0.0010657748285060127,0.001062995002656761,5.559654426166263e-05,0.0012324735
2655,0.001040306106571936,0.001038247428368777,4.117356993952449e-05,0.0012457352
2656,0.0010509033312296702,0.0010484988736506138,4.808912395905591e-05,0.0013294134
2657,0.001038818085928344,0.0010365323461074796,4.5714810294662636e-05,0.0012646118
2658,0.0010208888160478738,0.0010187328236901925,4.311987850766425e-05,0.0012965739
2659,0.0010478240463675725,0.001045679042322768,4.2900203408496256e-05,0.0013569907
2660,0.001021378971118894,0.0010192327899858356,4.292359052695045e-05,0.0012810886
2661,0.001071465527638793,0.001069142373226997,4.646312698544837e-05,0.0012607777
2662,0.0010642571025528014,0.0010618947950812678,4.724607740121832e-05,0.0013132202
2663,0.0010495073394849897,0.0010470810734356443,4.852530854009274e-05,0.0013027106
2664,0.0010961168562062084,0.0010930964813774659,6.040750043767831e-05,0.0012967753
2665,0.001099617118274586,0.0010971167603404158,5.000716330209166e-05,0.0012854765
2666,0.0010743460876660215,0.0010721251019276679,4.441967471140945e-05,0.0012361697
2667,0.0010259278073337756,0.001023016199340216,5.823216567954543e-05,0.0013993462
2668,0.0010781257102886836,0.001075334682698465,5.582057546891721e-05,0.0012520886
2669,0.0010609588482313687,0.0010586300670790175,4.657563312504307e-05,0.0013811329
2670,0.0011154688636047972,0.0011128434769084885,5.250759362746117e-05,0.0012511751
2671,0.001092201234617581,0.001088410053246965,7.582352814571684e-05,0.0013196943
2672,0.001057429180946201,0.0010545776949988472,5.7029591155494726e-05,0.0012886559
2673,0.0010519219471866058,0.0010491290466032093,5.5858062458770245e-05,0.0012800414
2674,0.0010544287053764695,0.0010520613752305508,4.734659662264878e-05,0.0014753927
2675,0.0010617485024138457,0.0010591779007679885,5.141208098772646e-05,0.0013385332
2676,0.0010996589669957757,0.0010963045784996616,6.708772908281288e-05,0.0012918274
2677,0.001052004696490864,0.0010494369444333845,5.135522080510984e-05,0.0012869273
2678,0.0010875760435333681,0.0010849231815276046,5.305722951902681e-05,0.0012494666
2679,0.0010419550377668606,0.0010397406799408297,4.4287162294646504e-05,0.0012521206
2680,0.0010653191129676998,0.0010627943052289386,5.049617185006492e-05,0.0012723446
2681,0.001079687238153484,0.0010775719484728244,4.230575845522506e-05,0.0013701172
2682,0.0010779750921453039,0.001075486397732877,4.977387659204327e-05,0.0013155229
2683,0.0010952248212157023,0.00109281380686702,4.822024691798611e-05,0.0012720219
2684,0.0010634965806578596,0.0010604988887078233,5.995370033752402e-05,0.0012484369
2685,0.0010354835734081764,0.0010329744519872797,5.018236178268391e-05,0.0013081091
2686,0.0010534741631191638,0.0010513430293132033,4.26228687571337e-05,0.0012436692
2687,0.001044079810122235,0.0010416592988702986,4.841019731761283e-05,0.0012941869
2688,0.0010408363389109985,0.0010385281218784964,4.616439601205811e-05,0.0013525672
2689,0.0010426543937582108,0.0010403399562670126,4.628876771953906e-05,0.0012623356
2690,0.0010636710134955744,0.0010605357069936063,6.270602807616241e-05,0.0012998545
2691,0.0010447158258304829,0.001042430089890129,4.5714753584194215e-05,0.0012972564
2692,0.0010434840159076783,0.0010415566955796545,3.854641013845139e-05,0.0012470984
2693,0.001071887675465809,0.0010696371991394294,4.500951207045628e-05,0.0012149757
2694,0.001065194941798432,0.001062853602019863,4.682674883031979e-05,0.0014095809
2695,0.0011128858934777478,0.0011097304018524786,6.310988408257698e-05,0.0012728601
2696,0.0010746158129121693,0.0010725597320641908,4.1121658079587874e-05,0.0013585014
2697,0.0010425719561883145,0.001039481734753483,6.180444693256366e-05,0.0012194833
2698,0.0010596809714722136,0.0010569836866731444,5.394571599089836e-05,0.0012853754
2699,0.001061726303305477,0.001059556104398022,4.340395511535829e-05,0.0012501609
2700,0.001054072757768962,0.0010517160071887904,4.713489539653892e-05,0.0012950839
2701,0.0010353183580769432,0.0010327836408072877,5.069427949011798e-05,0.001265804
2702,0.001068427191219396,0.00106624935934734,4.3556637266403995e-05,0.0013503095
2703,0.0010539272140401106,0.0010516243831564982,4.6056673765488335e-05,0.0012700213
2704,0.0010332612967532543,0.0010310750803910196,4.372432781119231e-05,0.0012594942
2705,0.0010522967010426025,0.0010498634591284725,4.8664855011142867e-05,0.0012897052
2706,0.0010649682190786633,0.0010626339599386686,4.668516385966844e-05,0.0012982001
2707,0.0010487509503339727,0.001046847552061081,3.806791505662272e-05,0.0013562861
2708,0.0010585048572263785,0.0010560058975695736,4.99791181812586e-05,0.0012180494
2709,0.0010301784172447191,0.0010282996744434866,3.7574848631583005e-05,0.0012360049
2710,0.001062783892525153,0.001060294116743737,4.979548354337263e-05,0.001268398
2711,0.0010770554473209712,0.0010744565826219818,5.1977322098413954e-05,0.0013326824
2712,0.001053916080854833,0.001050926493998203,5.979167645651589e-05,0.0012911066
2713,0.0010513058372048868,0.0010486056394357647,5.400386726945625e-05,0.001276088
2714,0.001083595517815815,0.0010813977401186194,4.395541529910298e-05,0.0013218493
2715,0.001064765673234231,0.0010625136912696892,4.503951412849637e-05,0.0013079655
2716,0.0010444344305950734,0.001042246588298844,4.3756910612947744e-05,0.0013568385
2717,0.0010773901711218059,0.0010749893741578691,4.8015851760081005e-05,0.0013438558
2718,0.0011466774895476798,0.0011440813476737174,5.192293798930652e-05,0.001334472
2719,0.0010514489012873835,0.0010485667670663032,5.7642668589292296e-05,0.0012439378
2720,0.0010597991860575146,0.001057660587442418,4.277210141860147e-05,0.0012776639
2721,0.0010416428765488996,0.001038589082761771,6.107588175154887e-05,0.0012874157
2722,0.0010576292225677106,0.0010552918137465086,4.674812965990643e-05,0.0013523552
2723,0.0010668319300748408,0.0010645272093825042,4.609433960816034e-05,0.0013067712
2724,0.0010591468618561825,0.001056477153259847,5.339409142506055e-05,0.0012336482
2725,0.001098367460589442,0.001095672478226738,5.38997182073015e-05,0.0013438195
2726,0.001027904463828438,0.00102595068488477,3.9075537587349475e-05,0.0012007602
2727,0.0010201204982068803,0.001018184171213458,3.8726576707877784e-05,0.0012410114
2728,0.0010312754311598837,0.0010292371747911803,4.0765196454215255e-05,0.0013199206
2729,0.00103370660993581,0.0010314801293942663,4.4529577481316415e-05,0.0012929378
2730,0.0010659619532008139,0.0010636651189997793,4.593664203487909e-05,0.0012438984
2731,0.0010852491198521522,0.0010825318827604254,5.434477332547279e-05,0.0013746154
2732,0.0010593376911452246,0.0010563574847765266,5.9604056824487844e-05,0.0012303079
2733,0.0010582381083319584,0.001055742282834318,4.991650156074402e-05,0.0013417206
2734,0.0010578331343519191,0.0010555398378831644,4.586595136173186e-05,0.0013039646
2735,0.0010392955633708172,0.0010368700656625959,4.850985837001116e-05,0.0013533464
2736,0.0010773256084778242,0.0010743146050824887,6.022015998673346e-05,0.0013124822
2737,0.0010231614785475864,0.0010209375850131941,4.4477895830436546e-05,0.0012696486
2738,0.0010574082365363009,0.001054519083764818,5.778298711271014e-05,0.0012958198
2739,0.0010374250433718166,0.001035604522460037,3.641041588669699e-05,0.001270778
2740,0.0010453103239544564,0.0010428984274363352,4.8237932917475726e-05,0.001268631
2741,0.0010222371331312591,0.0010195393555073274,5.3955665143550705e-05,0.0012422083
2742,0.0010159514624521965,0.0010130249817545216,5.852974979537369e-05,0.0012859749
2743,0.0010629591376831134,0.0010604489374802344,5.0204039232918755e-05,0.001307968
2744,0.0010754522828695676,0.0010734697221778332,3.965130794512106e-05,0.0013234641
2745,0.0011052916589606968,0.0011029239304156768,4.7354484552730725e-05,0.001236755
2746,0.001051670915654136,0.0010487881152787142,5.76560303029636e-05,0.0012596514
2747,0.0010691268046179579,0.0010670578469418818,4.13792466828353e-05,0.0012001737
2748,0.0010789786801776952,0.0010760165582824912,5.924236594536423e-05,0.0012486409
2749,0.001066145978661047,0.0010636658653513425,4.960219552974839e-05,0.0013243584
2750,0.001075698484459685,0.0010725459536641009,6.30506005202215e-05,0.0012235706
2751,0.0010482805328340167,0.0010460816944638889,4.397671919088945e-05,0.0012468955
2752,0.0010487892147567537,0.001045929277057035,5.7198730553547565e-05,0.0013049043
2753,0.0010766297527071503,0.0010737863964297705,5.686713407347573e-05,0.0013588635
2754,0.001121923305456423,0.0011200195023169121,3.807607250722908e-05,0.0013156006
2755,0.0010356580359964734,0.0010334714083001018,4.373260314499324e-05,0.0012542991
2756,0.0010201990177544455,0.0010179139350333976,4.570164401450762e-05,0.0012626053
2757,0.001020870721226351,0.001018857645491759,4.0261445909411323e-05,0.0012398317
2758,0.0010705638845037255,0.0010678098963884015,5.507976477916701e-05,0.0012727111
2759,0.001097345616047581,0.0010950054585312805,4.6803198025852707e-05,0.001229668
2760,0.0010730309502428605,0.001070195833583259,5.6702260652249e-05,0.0012837857
2761,0.0010610488139920764,0.0010588415549136697,4.4145147577268065e-05,0.0013258817
2762,0.0010327930225887232,0.0010306715745375388,4.242898573162771e-05,0.0013164253
2763,0.0010839859334131083,0.0010816477517235196,4.676355421552437e-05,0.0012538237
2764,0.001035869764422791,0.0010333206931439538,5.098146991429075e-05,0.001320932
2765,0.0010484007458823423,0.0010463853107972277,4.030861685275037e-05,0.0012697066
2766,0.0010432270083886883,0.0010405695609127482,5.314893785247755e-05,0.0012730921
2767,0.0010192513685776956,0.0010169780515651736,4.546620424621395e-05,0.0012740365
2768,0.0010178297460596594,0.0010157155881946286,4.228312908417643e-05,0.0012293942
2769,0.0010928938915539118,0.0010901341628697183,5.519460282812361e-05,0.0012837067
2770,0.0010371526806718773,0.001034797316727539,4.710730978937742e-05,0.0012436283
2771,0.001030977334206303,0.0010291077623454234,3.739147914861481e-05,0.0015410878
2772,0.0010693666046588785,0.001066474694137772,5.7838336316409466e-05,0.001262189
2773,0.0010254626938452323,0.0010227913489668733,5.3426868830936456e-05,0.0012905321
2774,0.0010545238128138912,0.0010521947846023573,4.6580598478406106e-05,0.0012605647
2775,0.0010261008580629196,0.0010238889009795255,4.4239196587941226e-05,0.0012162232
2776,0.0010551658381397525,0.0010528035785278512,4.724531212841517e-05,0.0013250164
2777,0.0010973913569210304,0.0010949351876560186,4.912341008270636e-05,0.001224276
2778,0.0010846540474125908,0.001081814464285142,5.6791689106224413e-05,0.0013777184
2779,0.0010373704626949298,0.0010347841799052226,5.172563096367513e-05,0.0013181041
2780,0.001030670878632615,0.001028633402246568,4.074953619676888e-05,0.0012384306
2781,0.0010338131493578355,0.0010312170721590518,5.192150826537222e-05,0.0013047861
2782,0.0010465982188988063,0.0010443330406107836,4.530359237736469e-05,0.0014358105
2783,0.0010798908084527486,0.0010776246406344905,4.532333866033393e-05,0.001292018
2784,0.001017828246889015,0.0010151697186908373,5.3170561896622974e-05,0.0012647456
2785,0.001077208852964557,0.0010747627096457614,4.892288696996477e-05,0.0013196236
2786,0.0010224588040728122,0.0010197329807043489,5.451643730423308e-05,0.0013040886
2787,0.0010536082257102761,0.001051259884196851,4.6966837837203455e-05,0.0013270181
2788,0.0010566387467810677,0.0010543511029229395,4.5752843880207824e-05,0.0013078069
2789,0.0010656624126972425,0.001063361137898432,4.6025400576491886e-05,0.0012438477
2790,0.0011052455766023034,0.0011026947629741496,5.101636413182102e-05,0.0012816689
2791,0.0010782632045447827,0.001075101815836711,6.322775032637414e-05,0.0012532392
2792,0.0010850312071852386,0.0010829083000620206,4.245818918964991e-05,0.001247025
2793,0.0010476071633295052,0.0010449137279970777,5.386883340684613e-05,0.0012759126
2794,0.0010464605720092853,0.001044256712258276,4.407721977359971e-05,0.0012607257
2795,0.0010401683613761432,0.0010380745994754963,4.187528037612588e-05,0.0012879319
2796,0.001081065629195008,0.0010782794017965595,5.572451759658432e-05,0.0012581463
2797,0.001071478787343949,0.0010689240854440463,5.1094048382872696e-05,0.0013590351
2798,0.0010817083956984183,0.001079098093840811,5.220594263305579e-05,0.0015290135
2799,0.0011015441216942338,0.0010992310397947827,4.626162431564909e-05,0.001269522
2800,0.0010542714877778457,0.00105154723342922,5.448520092335861e-05,0.0012427804
2801,0.0010295021089000835,0.0010269322924108969,5.139629857322032e-05,0.0012631612
2802,0.0010363690555095673,0.001034267134188364,4.203847753103673e-05,0.0012398678
2803,0.0010202577415232858,0.0010179482917818759,4.618896449536515e-05,0.0013173653
2804,0.0010416535143223074,0.001038704687056856,5.8976686760716904e-05,0.0012499151
2805,0.0010353214844750862,0.0010330480872653425,4.546801770794041e-05,0.0012409055
2806,0.0010738341797453662,0.0010717911762185394,4.086005688527116e-05,0.0012478065
2807,0.0010244516151336333,0.0010223213298660185,4.260586278203644e-05,0.001303252
2808,0.0010091104557634228,0.0010068273132977387,4.566294788269766e-05,0.0014344846
2809,0.0011037280084565282,0.0011017507653579943,3.954497789651315e-05,0.0012851413
2810,0.0010582592778114808,0.0010559602136102815,4.5981194235324e-05,0.0012401952
2811,0.0010119023694035907,0.0010092943570473127,5.2160268247310644e-05,0.0012807725
2812,0.0010585516122066313,0.0010562915135071509,4.520197156333931e-05,0.0012764966
2813,0.0010180785049063465,0.0010156369380032023,4.883136016234049e-05,0.0012406847
2814,0.0010062231669305927,0.0010039430641983118,4.560205876850255e-05,0.0012249235
2815,0.0010364326156882776,0.001033687022411161,5.491188072876222e-05,0.0012852915
2816,0.0010467835598521763,0.0010443633189424872,4.840470513782533e-05,0.0012781342
2817,0.0010233148311575254,0.0010209446346076826,4.740396739432779e-05,0.001310761
2818,0.0010293622837505407,0.0010273637663986948,3.997027831472464e-05,0.0012678009
2819,0.0010319140338752833,0.0010299116191971633,4.0048270000644e-05,0.0013324284
2820,0.001038068163001703,0.0010351108581138154,5.914604892827135e-05,0.0013275595
2821,0.0010121587573343682,0.0010101710795424879,3.975363939119347e-05,0.0012175592
2822,0.0010483880514382488,0.0010461325032843484,4.511083484304537e-05,0.0012305548
2823,0.001045909896492958,0.001043271045717928,5.277705823570776e-05,0.0012978314
2824,0.0010807291410552958,0.001078182170426266,5.09394550584198e-05,0.0014079473
2825,0.0010723459586087201,0.0010697806060003738,5.130693603487341e-05,0.0012367249
2826,0.00107537785726082,0.0010725261307218009,5.7034552010924875e-05,0.0012533899
2827,0.0010502731647445923,0.0010481482539843353,4.249836318498031e-05,0.0013476441
2828,0.0010218242752469248,0.0010196560825635162,4.3363765674718654e-05,0.0012717
2829,0.0010456467901046077,0.0010431791345278422,4.9353171445432056e-05,0.0012525643
2830,0.001064811000186536,0.001062314959967302,4.992075099423923e-05,0.0012909656
2831,0.0010228654990593591,0.001020632018076463,4.466963072849871e-05,0.001216887
2832,0.0010376963065937162,0.0010352980410162774,4.7965290235691463e-05,0.0012340595
2833,0.0010288440583584209,0.0010269032028089795,3.8817138884657726e-05,0.0012819023
2834,0.0010482477153547936,0.00104600726109412,4.4809017814826136e-05,0.0012946047
2835,0.0010327114361441798,0.0010304344507555167,4.553990120754747e-05,0.0012446496
2836,0.0010390980660708415,0.001037220491303338,3.7551610819362856e-05,0.001259164
2837,0.0010140962575355338,0.0010119029864047965,4.3865497379632266e-05,0.001240366
2838,0.0010305421931358675,0.001028362774134924,4.358846197760613e-05,0.0013483693
2839,0.0010329759770279956,0.001030298132294168,5.355674176144021e-05,0.001338431
2840,0.0010306434537697997,0.0010283761942345235,4.534516292361938e-05,0.0012428669
2841,0.0010091844131238758,0.0010071035396928588,4.161747877240194e-05,0.0012532833
2842,0.0010437776916660368,0.0010418519494123756,3.8514764153418925e-05,0.0012673634
2843,0.0010305328307569856,0.0010279251042649977,5.215445400068575e-05,0.0013155158
2844,0.0010546611389145254,0.001051438048792382,6.446179410583379e-05,0.0012603618
2845,0.0010088753718365399,0.0010068791245834694,3.99248754080064e-05,0.0013765752
2846,0.0010537755947249631,0.0010507755524789295,6.0000851324796636e-05,0.0013190295
2847,0.0010404796831102836,0.0010381051352144116,4.7490973706014e-05,0.0013168585
2848,0.0010716222537060578,0.0010692533571273089,4.737798892556889e-05,0.0012951188
2849,0.001064156001019809,0.00106190401646826,4.503976817083415e-05,0.001251084
2850,0.001031972313972397,0.0010297117884167366,4.521049009061547e-05,0.0012977673
2851,0.001059132026663671,0.001056662533018324,4.938980048945712e-05,0.0012335182
2852,0.0010813309539419909,0.0010789151199989849,4.831653886127422e-05,0.0012952943
2853,0.00104005642933771,0.0010376316210668948,4.849616044075115e-05,0.0013051069
2854,0.0010526660493471555,0.0010495131317940023,6.305825866219392e-05,0.0012315334
2855,0.001021167488458256,0.0010188681526213056,4.598668542349237e-05,0.0012729268
2856,0.0010254203911042876,0.0010231265798211098,4.5876261513279184e-05,0.0012866686
2857,0.0010371526638563308,0.001034852778280361,4.5997706902293585e-05,0.0013702492
2858,0.0010900920347517563,0.0010872155712503527,5.752929616601084e-05,0.0013647564
2859,0.0010303716123518016,0.0010280008828784856,4.741455826512543e-05,0.0012579581
2860,0.0010470993972073,0.001044616003572527,4.96679539158625e-05,0.0012984074
2861,0.0010308420608958436,0.001028371785974337,4.940556403912271e-05,0.0012523384
2862,0.0010168372291243738,0.001014884975221422,3.9045148011811964e-05,0.0012731504
2863,0.0010405410637354686,0.0010382955247122381,4.491089347627369e-05,0.0012657375
2864,0.0010450057504284712,0.0010420745665517947,5.8623757205269715e-05,0.0012474227
2865,0.0010541722592380311,0.0010523230380689104,3.6984408066362585e-05,0.0013046727
2866,0.0010422096975768605,0.0010397672355692419,4.8849256647069224e-05,0.0012715862
2867,0.001031277693497638,0.0010288755073108607,4.8043741389847125e-05,0.0012464717
2868,0.0010311939908812444,0.001028746062527514,4.8958515294117436e-05,0.001256655
2869,0.0010316633929808934,0.0010290047645361887,5.317258959646804e-05,0.0013536797
2870,0.0010535075756100316,0.001050721266720858,5.5726215295079685e-05,0.0012723596
2871,0.0010447104991827573,0.0010421967250294983,5.027541515813836e-05,0.0012346914
2872,0.001026704917765326,0.0010241519271706541,5.105980172730698e-05,0.0012605728
2873,0.0010199964175828628,0.00101755224297651,4.888347772147799e-05,0.0012802085
2874,0.0010488623610904646,0.001046505235394256,4.7142557797978193e-05,0.0012375218
2875,0.0010406938666063879,0.0010384070014374123,4.5737276378174686e-05,0.0012836424
2876,0.001055436193322142,0.0010529637776522172,4.944832683729435e-05,0.0012998203
2877,0.001042366278771725,0.0010403870669607486,3.958431559441225e-05,0.0012362722
2878,0.0010376638228384158,0.0010355727695342566,4.182100307540774e-05,0.0012900484
2879,0.0010546280381580194,0.0010521161150083775,5.023846804337811e-05,0.0012591218
2880,0.0010282281902618707,0.0010263893054798245,3.6777607131297274e-05,0.0012548988
2881,0.0010400790928138627,0.0010380350105050537,4.088168357914886e-05,0.0012565355
2882,0.0010235285205352637,0.0010215337802138593,3.989481016459548e-05,0.0012489449
2883,0.001028896750520087,0.0010268243184934059,4.144861323740972e-05,0.0012343961
2884,0.0010316325506816307,0.0010296379474716054,3.989200803415669e-05,0.001260931
2885,0.0010336963110603391,0.001030937517579231,5.5175822490127756e-05,0.0012192016
2886,0.0010085635158854226,0.0010065782530647184,3.9705221556513634e-05,0.0012523807
2887,0.001009133785393917,0.0010070745910828313,4.118392887275175e-05,0.0012589628
2888,0.0010035907733254134,0.0010012187852731181,4.743966569446595e-05,0.0012541151
2889,0.0010353410939892961,0.0010327950456283158,5.092101313633653e-05,0.0013148932
2890,0.0010177114680926832,0.001015583090742843,4.256744330722502e-05,0.0012699901
2891,0.0010513686005853944,0.0010492565019780563,4.224212936555381e-05,0.0012316509
2892,0.001081269533218195,0.0010782960737641487,5.9469267283260604e-05,0.0013110559
2893,0.0010573737426764435,0.0010548298234223492,5.08783112566549e-05,0.0012676372
2894,0.0010427104994758137,0.001040275814011693,4.869374914733271e-05,0.0012937277
2895,0.001063460050823374,0.001061311480589211,4.297134193065075e-05,0.001264577
2896,0.0010196001010222568,0.0010173222774432764,4.5556310333141585e-05,0.0012605111
2897,0.001057229046192434,0.0010553130375531813,3.832007949813803e-05,0.0012729953
2898,0.0010323752493908009,0.0010298347087680465,5.0810786657330533e-05,0.00125967
2899,0.0010459032983312177,0.0010436770402722888,4.452519969038665e-05,0.001290482
2900,0.00103830797985817,0.0010358753303686778,4.865302889497257e-05,0.0012558076
2901,0.0010175867226078278,0.0010155678286941515,4.037780912666575e-05,0.0012740836
2902,0.001036959387258523,0.0010348485795677537,4.2216169477063104e-05,0.0012195628
2903,0.0010185943774154616,0.0010158152940372626,5.5581652396874406e-05,0.0012561899
2904,0.0010580876014298862,0.0010553650984851022,5.445000985137622e-05,0.0013098196
2905,0.0010882031909811,0.0010840746444753474,8.257085338125118e-05,0.0012407722
2906,0.0010229528726389012,0.001020618248730898,4.6692341005755764e-05,0.0013203616
2907,0.0010301849998844168,0.0010280054735226764,4.359051921672593e-05,0.0012144194
2908,0.001008292234554473,0.0010062604469971525,4.063567759986755e-05,0.0012281215
2909,0.001060166685945458,0.0010577951027597818,4.743168131248076e-05,0.0012695782
2910,0.0010103298648674456,0.0010077883476494916,5.083039038645943e-05,0.0012645137
2911,0.0010542199209642906,0.0010516281006857752,5.1836403098882835e-05,0.0014226368
2912,0.0010345139333771335,0.001031872214904676,5.283431534992802e-05,0.0012608024
2913,0.0010360749115029143,0.001033036600953589,6.0766148993707245e-05,0.0012382858
2914,0.0010178495871110095,0.0010157197662111785,4.2596427989011544e-05,0.0013418915
2915,0.0010329270890603462,0.0010307530083486604,4.3481575280463545e-05,0.0012671095
2916,0.0010395170577491323,0.0010369870915181106,5.0599384144876954e-05,0.0012870538
2917,0.00106627479997567,0.0010634590237815348,5.631561292815945e-05,0.0012716975
2918,0.0010337501182220877,0.0010314550367183984,4.59016236845855e-05,0.0012383433
2919,0.0010438583235049413,0.0010410417336970568,5.6331851186857624e-05,0.0013845366
2920,0.001045168893566976,0.001042839252234747,4.659296315499735e-05,0.0014005883
2921,0.0010711791472406023,0.0010678134289466672,6.731443430933521e-05,0.0012626089
2922,0.0010168332140892745,0.0010145813627685937,4.503708325821599e-05,0.0012227386
2923,0.0010141718679935567,0.0010119887288763292,4.366283283524631e-05,0.0012439913
2924,0.0010304226682314442,0.0010281548951752485,4.5355465475043704e-05,0.0012565904
2925,0.0010139396401225693,0.0010112467519421545,5.3857756910878785e-05,0.0013076386
2926,0.0010365566976057985,0.0010342794457553989,4.5545051558646165e-05,0.0013085668
2927,0.0010171947392842008,0.0010147433197643194,4.902833506637252e-05,0.0012935863
2928,0.0010099056086296009,0.001007429207675159,4.952808903790166e-05,0.0012273238
2929,0.001045417243666533,0.0010429384898290866,4.957506619859152e-05,0.00122592
2930,0.0010281072890696427,0.0010254933382384478,5.2278954481015875e-05,0.0012060071
2931,0.0010671173351713354,0.0010649593081325293,4.316050173006008e-05,0.0012189295
2932,0.0010299896717899375,0.001026609715902143,6.759912896793846e-05,0.0013368715
2933,0.0010714549920521677,0.0010688848043274549,5.140374654794123e-05,0.0013566519
2934,0.0010356481652706861,0.0010334840717001093,4.3281848875014675e-05,0.0012462763
2935,0.001014716285539584,0.0010124565412600835,4.519482293262816e-05,0.0012391427
2936,0.001007548989986794,0.0010049421249681877,5.213730929875106e-05,0.0012563285
2937,0.0010049780985961357,0.0010025824976360631,4.7912091842287435e-05,0.001226459
2938,0.0009889876961501108,0.0009869387476808494,4.097890354708669e-05,0.0012347765
2939,0.0010491066858068936,0.0010464545830877292,5.3042047948774025e-05,0.0012871461
2940,0.0010394395626563992,0.0010371245249795418,4.630074571486552e-05,0.0012263312
2941,0.001033071848926031,0.0010311870577020777,3.7695783197477796e-05,0.0012764744
2942,0.0010079444657700757,0.0010056944486374656,4.500029826554434e-05,0.0013032369
2943,0.0010479147287292612,0.0010456211968428559,4.5870787489674415e-05,0.0012397231
2944,0.0010192205211044187,0.0010170659127955635,4.309215056537141e-05,0.0012355912
2945,0.001040591555647552,0.001038454989126573,4.273143686772427e-05,0.0012360334
2946,0.0010227726694817345,0.0010202639671559963,5.017398767487672e-05,0.0012821661
2947,0.0010338201614407201,0.0010314486416367194,4.743052865213334e-05,0.0012336835
2948,0.001019948784313682,0.0010180972244900961,3.7031203260312e-05,0.0012934748
2949,0.0010145816318173375,0.0010125011283283432,4.160991621699534e-05,0.0012617687
2950,0.0010310085697306528,0.0010290323032273187,3.952537453212952e-05,0.0012864209
2951,0.0010563244525757102,0.0010537217371165753,5.2054117793663854e-05,0.0012369963
2952,0.0010140568535361024,0.0010118598584085703,4.3939871230552146e-05,0.0013049213
2953,0.001041362314329793,0.001039171485333807,4.3816501630544735e-05,0.001368023
2954,0.0010284590521930821,0.001026361735097857,4.194642166924161e-05,0.0012669077
2955,0.0010326895060845547,0.0010304344766255882,4.510067159912978e-05,0.0012715888
2956,0.001099792917052077,0.0010973720979462894,4.8416411788604956e-05,0.0013342355
2957,0.0010237623394156496,0.0010219158203754988,3.693051313086294e-05,0.0012361968
2958,0.0010191875665138165,0.001016890844847593,4.593441075573739e-05,0.0012728899
2959,0.0010308166849426926,0.00102869266928691,4.24803239140835e-05,0.0012387718
2960,0.0010200327857294016,0.0010175074191970958,5.0507471418212744e-05,0.001217328
2961,0.0010365639722699092,0.001034110219269577,4.9075130658672426e-05,0.0012877862
2962,0.0010816637025628654,0.0010797549181410836,3.817570902810985e-05,0.0012347023
2963,0.0010108054693167409,0.0010088248850984706,3.961166343644764e-05,0.0012517021
2964,0.0010134978944228755,0.0010109074374971291,5.1809181465254124e-05,0.0012694556
2965,0.0010116976970392796,0.0010094251224978103,4.5451522898550443e-05,0.001312924
2966,0.0010045025549415085,0.0010024465905088518,4.111928376164068e-05,0.0012366077
2967,0.001025841504128443,0.0010230153139370183,5.6523825119509435e-05,0.0012702375
2968,0.001014894977884574,0.0010125460736970934,4.697809773051256e-05,0.0012586789
2969,0.0010434100158616072,0.001041022800685217,4.77443010317676e-05,0.0012153924
2970,0.001032593464737551,0.00103050451596371,4.1779037015230203e-05,0.0012349013
2971,0.0010556104191992847,0.0010533787827524874,4.463279438987734e-05,0.0012217462
2972,0.0010522421488227943,0.0010496401434971227,5.2040115183160654e-05,0.0012504319
2973,0.001062488934904751,0.0010603499236620136,4.278027883831075e-05,0.0013340459
2974,0.0010145780720954968,0.0010124652258430918,4.225686414906072e-05,0.0012810085
2975,0.0010179063809725144,0.001016237815686812,3.337128349901124e-05,0.001275719
2976,0.0010287458180553383,0.0010267177376792663,4.056156092373284e-05,0.0012433479
2977,0.0009981660890237738,0.0009959985547336853,4.335066747924227e-05,0.0012176641
2978,0.0010088513256050647,0.0010066445916891097,4.4134772924032796e-05,0.0012230225
2979,0.0010662445410465201,0.0010636405036267306,5.208065207398249e-05,0.0012991494
2980,0.0010380554556225737,0.0010354073847540551,5.296153772683788e-05,0.0013969309
2981,0.0010367712846750187,0.0010340162113101946,5.5101450070319893e-05,0.0012562535
2982,0.0010087349555558628,0.001007022080011666,3.4257548192802764e-05,0.0012657173
2983,0.0010437625201625957,0.001041183426665763,5.1581837858963e-05,0.001226789
2984,0.0009970920147477753,0.0009950997385506828,3.984557636537526e-05,0.001310829
2985,0.001028934267297801,0.001026327734709614,5.213050444012879e-05,0.0012223233
2986,0.001032465552755942,0.0010294715110729965,5.988090555256854e-05,0.0013141615
2987,0.0010293475352227688,0.0010268850950524212,4.92488177668646e-05,0.0012071223
2988,0.0010414262535050512,0.0010395843018260267,3.683907441395857e-05,0.0012603442
2989,0.0010227200174186793,0.0010191580875673228,7.123876528980746e-05,0.0012160568
2990,0.0010191117827263144,0.0010168092027823957,4.605157491429029e-05,0.0012769648
2991,0.0010480541011525526,0.0010457865971451004,4.534998345712261e-05,0.0012528221
2992,0.0010118914664619498,0.0010094493640483253,4.884205514928099e-05,0.0012342599
2993,0.001036083545639283,0.0010338860085337526,4.395077117395433e-05,0.0012686837
2994,0.0010184699992856218,0.0010163440653640362,4.251863677653647e-05,0.0012114316
2995,0.001036553829908371,0.0010338128169274164,5.48202479685579e-05,0.0012384211
2996,0.001016576509250121,0.0010143330191365546,4.4869843376733116e-05,0.0012109899
2997,0.0010282452257039645,0.0010264185166710782,3.653412270316162e-05,0.0012372728
2998,0.0010132310006560551,0.0010109388864495688,4.584234487891889e-05,0.0012291694
2999,0.0009999571096462507,0.0009980253500139547,3.863511171715572e-05,0.001201401
3000,0.001012494957022783,0.0010103564825840294,4.2769468627233844e-05,0.0012791659
3001,0.0010229978089531264,0.001020229872988744,5.535880597786758e-05,0.0012462495
3002,0.0010267973424763314,0.0010245155284388198,4.5636156902951875e-05,0.0012904224
3003,0.0010339436405855749,0.0010311511396947834,5.584997179287004e-05,0.0012977577
3004,0.0010369747877120971,0.001034962187986821,4.0251937162357386e-05,0.0012062985
3005,0.0010231608460243378,0.0010201765987504687,5.968488686455152e-05,0.0013416812
3006,0.0010181698767054413,0.0010161045369588666,4.130685431391612e-05,0.0012413306
3007,0.0010243003644670049,0.0010219997092564073,4.601315814246239e-05,0.0012191173
3008,0.001018201734405011,0.0010155648665709628,5.273740545640572e-05,0.0012185378
3009,0.0010299246124405828,0.0010275627253577113,4.72378537005485e-05,0.0012554486
3010,0.0010136696315991383,0.001011008125108977,5.323007083259452e-05,0.0012716983
3011,0.001036157686677244,0.0010335323801781567,5.250615269602618e-05,0.0012735011
3012,0.0010347040279561448,0.0010323901945311163,4.6276644559147445e-05,0.0012227311
3013,0.0010213136841129098,0.0010189180508152478,4.791270673231275e-05,0.0012784521
3014,0.001002770477336728,0.0010008544893935322,3.831974002047723e-05,0.0012109737
3015,0.0010396049215665294,0.0010376176576957935,3.974525070083877e-05,0.0012775729
3016,0.0010643660996316208,0.0010619554384094145,4.821325447450262e-05,0.0013353146
3017,0.0010340155774934425,0.0010311212714037134,5.788604685766548e-05,0.0012661996
3018,0.0010362007732813558,0.0010335326453463898,5.3362518034797786e-05,0.0012317394
3019,0.0010127126213370099,0.001010417062530501,4.5911303327114993e-05,0.0013467878
3020,0.0010042607551440596,0.001002077838509447,4.3658436172538335e-05,0.0012512442
3021,0.0009928715997375547,0.0009907665054520798,4.2101729837382447e-05,0.0012809513
3022,0.001042439797634466,0.0010398259852081536,5.2276185350308424e-05,0.0012529986
3023,0.0010211941346319185,0.001019084236274163,4.219790769121169e-05,0.001255286
3024,0.001002452719128794,0.0010004449415848488,4.01556382264011e-05,0.0012390733
3025,0.0010165839468956822,0.0010143168619833887,4.534178203859559e-05,0.0012297374
3026,0.0009978497284464539,0.0009958071349602607,4.085188164929655e-05,0.001236702
3027,0.0009941888145274585,0.0009920575604256657,4.2625027013956345e-05,0.0012541441
3028,0.001029705627459205,0.0010271538152462907,5.103616789534884e-05,0.0012376396
3029,0.0010321720723166234,0.0010298934144278367,4.557319549781545e-05,0.0012559107
3030,0.0009878221756985618,0.0009858460695896711,3.952215285620595e-05,0.0012661526
3031,0.0010138021704430382,0.0010114966762355632,4.610972169033624e-05,0.0013895401
3032,0.001024450109495471,0.0010221651742338307,4.569871139842184e-05,0.0012423388
3033,0.0010169835942279962,0.0010143466086851227,5.2739668990398056e-05,0.0012864359
3034,0.0010201093792501423,0.0010178748181917602,4.469120411714458e-05,0.0012348569
3035,0.000998658104799688,0.00099618764490717,4.940926042106892e-05,0.0012592684
3036,0.0010164235524522762,0.0010147180136603614,3.41106681513227e-05,0.0013008784
3037,0.001034874241385195,0.001032651936273194,4.4446111835608205e-05,0.0012670975
3038,0.001034572790376842,0.0010323020241533717,4.5415313312307466e-05,0.0012619942
3039,0.0010121117436534001,0.0010094896980768276,5.244084833933016e-05,0.0012540603
3040,0.0010399894219719702,0.0010374671042275925,5.044633918961002e-05,0.0012728131
3041,0.0010463738788126244,0.0010433781698035696,5.9914185831071935e-05,0.0012834213
3042,0.0010178349666400916,0.0010150255596575637,5.618819650155476e-05,0.0012270755
3043,0.0009978820893189145,0.0009952972552532123,5.1696685484456694e-05,0.0012724033
3044,0.0010056386766437856,0.0010033999492103855,4.477463122422402e-05,0.0012823559
3045,0.0010111780203361479,0.001009052727992336,4.2505833792382143e-05,0.0012754167
3046,0.0010036005353969005,0.0010015013795863423,4.19829937748596e-05,0.0012456593
3047,0.000987313328207367,0.000985116924210969,4.392816405053661e-05,0.0012913991
3048,0.00100586642511189,0.0010034177012534606,4.897454753063357e-05,0.0012270658
3049,0.0010259823977119393,0.0010231445905649,5.675603468123174e-05,0.001262493
3050,0.0010004848293546174,0.0009981767364984585,4.6161683195578006e-05,0.0012600457
3051,0.001019317489893486,0.0010169077030796972,4.819585222940582e-05,0.001250585
3052,0.0009892169476693703,0.000987147093595316,4.1397011352096845e-05,0.0013403771
3053,0.001053871010016236,0.0010513041000295845,5.133820099906138e-05,0.0013185522
3054,0.0010357029205705557,0.001033172756433487,5.060338105269895e-05,0.0012823405
3055,0.0009930529010792573,0.0009910640229160586,3.977754057081661e-05,0.0012345439
3056,0.0010092497169454065,0.0010065611257838705,5.377190270168499e-05,0.0012597361
3057,0.000998549389704648,0.000996267802030262,4.563180197247145e-05,0.0012271097
3058,0.0010258655723494787,0.0010238062111764317,4.11872328857162e-05,0.0012884841
3059,0.0010411032928257353,0.001039023609418008,4.1593735295464286e-05,0.0012675212
3060,0.001036678619372348,0.0010336386440839204,6.0799526195746506e-05,0.0012302112
3061,0.0010188944592502795,0.0010163509138187187,5.08710844517029e-05,0.0012501428
3062,0.0010133330606751972,0.0010111868704876137,4.2923797299475474e-05,0.001222178
3063,0.0009839442312820918,0.000981636437225259,4.615580851981981e-05,0.0012606254
3064,0.0009911356273935073,0.0009891786703115535,3.913900649795071e-05,0.0013252974
3065,0.001024440661745353,0.0010219774765169456,4.9263703581361696e-05,0.0012404913
3066,0.0009978551352914009,0.0009956766204494568,4.357022061562472e-05,0.0012603462
3067,0.001008943293709308,0.0010067957272339198,4.2951455227403634e-05,0.0012571032
3068,0.0010150969688159724,0.0010131261971158287,3.941536425158019e-05,0.0012462847
3069,0.001052493476567583,0.0010502919089049102,4.403144906935571e-05,0.0012620447
3070,0.0010142981307581067,0.0010120066076827546,4.583052229610492e-05,0.0012986431
3071,0.000996990805853986,0.000994548982837134,4.883649406319061e-05,0.0012535305
3072,0.0009989768111457427,0.000996313559719258,5.326501124461992e-05,0.0012452098
3073,0.0010061253728862439,0.0010036518887823653,4.946976642562125e-05,0.001284998
3074,0.0010191878666066462,0.0010167552766183184,4.865178938506613e-05,0.0012284892
3075,0.0010091023053973914,0.0010068035593980716,4.597485038146942e-05,0.0012465648
3076,0.001005591484459324,0.001003309921361506,4.56311624702721e-05,0.0012162835
3077,0.0009889970818120573,0.0009869806326201391,4.0328971840297714e-05,0.0012492436
3078,0.0010278182660436465,0.0010255309597899517,4.5746074301946905e-05,0.0012211819
3079,0.0009930440302317342,0.0009910387814872795,4.010490096738472e-05,0.0012179047
3080,0.0010056895268563595,0.001003755189271437,3.8686748197531215e-05,0.001258974
3081,0.0010318133423829244,0.001029843301512301,3.9400866706509576e-05,0.0012598839
3082,0.0010377636399223572,0.0010354286965189709,4.669891290392217e-05,0.0012173768
3083,0.001019484761895405,0.0010170735793912577,4.822368169191312e-05,0.0012430059
3084,0.0010089876285443702,0.0010066590517655842,4.6571528993884685e-05,0.0012897785
3085,0.0010528991063539354,0.0010504605054544906,4.877210449005058e-05,0.001295744
3086,0.0010319370440103942,0.0010298215797067516,4.230935124382995e-05,0.0012230224
3087,0.0010182756128617459,0.0010160241612336702,4.5028975868414516e-05,0.0012355577
3088,0.0010278485288533071,0.0010254395271961888,4.817987694423209e-05,0.0013010097
3089,0.0010732631819943587,0.001070999702076531,4.526965922701089e-05,0.0013165586
3090,0.0010033265312409236,0.0010009794909920957,4.694091882855547e-05,0.0012771892
3091,0.0010196034602510432,0.0010172147471975122,4.777436751631904e-05,0.0012576726
3092,0.0010194159358636373,0.0010173785021632081,4.0748793500395345e-05,0.0012816086
3093,0.0010067828516993258,0.0010043139660006596,4.937762850482209e-05,0.0012365305
3094,0.0010188438341073279,0.0010166990583659046,4.2895526918427e-05,0.0012287918
3095,0.0010116445120527512,0.001009184440287451,4.920156665219919e-05,0.0012664134
3096,0.0010070114487057758,0.0010046628006320033,4.697295832283288e-05,0.0012432424
3097,0.0010052197561081914,0.0010032904864702788,3.858536657869788e-05,0.001318064
3098,0.0010016566465815735,0.0009995826558830837,4.1479794991201085e-05,0.001247442
3099,0.0009931671394345662,0.0009913416656975945,3.650948396511921e-05,0.0012625586
3100,0.0010251803879833055,0.0010228485295859476,4.6637210227650095e-05,0.0012579918
3101,0.0010142134321439596,0.0010117272613570094,4.9723489279232227e-05,0.0013202155
3102,0.0010309563936769135,0.0010285988760491212,4.7150449642509154e-05,0.0012051305
3103,0.0010070236218679281,0.0010048402059409354,4.36682257110811e-05,0.0012735694
3104,0.0009984296552526454,0.0009960999104401303,4.6594850729341094e-05,0.0012156325
3105,0.0010018217868895994,0.0009997903641002874,4.0628507191008286e-05,0.0013046075
3106,0.0010204400323952237,0.0010181443403578466,4.5913827909297805e-05,0.0013310808
3107,0.0009882503150341411,0.0009855535618650416,5.3935024511196795e-05,0.001287003
3108,0.0010273181807456744,0.001024942454468045,4.751453638505154e-05,0.0012318133
3109,0.0010262368984209995,0.0010237779287207457,4.917939898455693e-05,0.0012422038
3110,0.0010239304948805106,0.0010217258538533416,4.4092785503716905e-05,0.0012179589
3111,0.0010249573659772673,0.0010225323960185051,4.849952689453078e-05,0.0013036068
3112,0.001023654611263838,0.001021350385983371,4.608461947989263e-05,0.0013361167
3113,0.0010086710377234138,0.0010060113608940607,5.319354415481333e-05,0.0012195172
3114,0.0010024469488093422,0.0010003326059733,4.228680628936369e-05,0.0012897019
3115,0.0010423721577454772,0.0010400895145721734,4.5652808621642216e-05,0.0012583869
3116,0.0010091054615461164,0.0010069873843652508,4.2361544295962024e-05,0.0012911117
3117,0.0010359413119860822,0.0010339815790454546,3.91946314910759e-05,0.0013824957
3118,0.0010805182482322884,0.0010781915431531768,4.653407147290838e-05,0.0013053378
3119,0.0010185280620741348,0.001015876322829475,5.3034835183199096e-05,0.001210231
3120,0.0009941883850842713,0.0009921669067504506,4.042958976305676e-05,0.0012092085
3121,0.0010039238983558284,0.0010012292587715718,5.3892820127051284e-05,0.0012608543
3122,0.0010121255155859721,0.0010099983955216077,4.254240359039664e-05,0.0012509817
3123,0.0010159235460580223,0.0010130966832447384,5.6537255123522024e-05,0.0013103622
3124,0.0010101741516134804,0.0010077925321335594,4.76324366559388e-05,0.0012545242
3125,0.00098202851238764,0.0009798219673232073,4.413090393953212e-05,0.0012146913
3126,0.0009986593931292495,0.0009968249360099435,3.668911206931271e-05,0.0012478475
3127,0.000989272956374205,0.000987273996644136,3.997920621969797e-05,0.0012639425
3128,0.0010049743526097802,0.0010029647926179071,4.0191188637884856e-05,0.0012222404
3129,0.000991579596625848,0.000989320628448493,4.517935919171107e-05,0.0012549125
3130,0.0010028576969893443,0.0010008278716769484,4.0596489450845436e-05,0.0012463442
3131,0.0010092029632586571,0.0010068602277897298,4.685473485829385e-05,0.0012166988
3132,0.0010218078542190293,0.001019450480170134,4.7147393495795675e-05,0.001276777
3133,0.0010347877654971348,0.0010323897262828217,4.796074250413716e-05,0.00122658
3134,0.0009769329335540533,0.0009748817201600307,4.102427838630105e-05,0.0012478322
3135,0.0010255584260448814,0.0010230326261888776,5.051594154714678e-05,0.0012904961
3136,0.0010163188627403644,0.0010142980065817634,4.041716813883372e-05,0.001357387
3137,0.0010164999881655805,0.0010142095581007502,4.580863405736737e-05,0.0012288119
3138,0.0009993643797416654,0.000997108211999552,4.512332939575635e-05,0.0012666002
3139,0.0009972204635333684,0.0009952065004553232,4.027919225393362e-05,0.0012003221
3140,0.001011515889937679,0.0010095754107977781,3.880959782694365e-05,0.0012682226
3141,0.0010108876443054114,0.0010080353292222651,5.704627225150539e-05,0.0012166996
3142,0.001060141937341541,0.0010572972552229962,5.6893693485764947e-05,0.0012899551
3143,0.001040081748376704,0.0010381102316185005,3.9430312803132335e-05,0.0012498976
3144,0.0010310301557183265,0.0010290941326982445,3.872055402969939e-05,0.001287055
3145,0.0010032702812976721,0.0010013516804772533,3.837211140004607e-05,0.0012176598
3146,0.0009929097943111426,0.000990644854027778,4.529881655102658e-05,0.0012243458
3147,0.0010047571410218047,0.0010025294601089425,4.455364458589233e-05,0.0012290883
3148,0.0010048000504159266,0.0010027932481736772,4.013596716340039e-05,0.0012155904
3149,0.000997916354228639,0.0009958970502743291,4.0386021214623546e-05,0.0012567661
3150,0.00100240115619575,0.0010006226185295317,3.557069849454327e-05,0.0012091373
3151,0.000981826407627927,0.0009794330780601335,4.78664797509983e-05,0.0012316082
3152,0.0009940005412014822,0.000992074244034787,3.852595287013933e-05,0.0012523872
3153,0.000998938061659121,0.0009965434114241765,4.789294704450084e-05,0.0013066232
3154,0.001033187388545937,0.0010309796301751501,4.41550853212094e-05,0.0012017838
3155,0.0009980251469338933,0.0009957948479697937,4.460602991527038e-05,0.0012245273
3156,0.001018311366594086,0.0010157195566635993,5.1836133671538204e-05,0.0013084329
3157,0.000992314317004962,0.0009902751008566055,4.078439931642919e-05,0.001216837
3158,0.00101964950768484,0.001017115901534756,5.067225873808133e-05,0.001253626
3159,0.001015758413511018,0.001013576477352116,4.363877231949371e-05,0.0013169457
3160,0.0010457824462921255,0.0010433829674083325,4.7989500220385e-05,0.0012151137
3161,0.0009823274087264306,0.000980361457914114,3.931902106333811e-05,0.0012158232
3162,0.0010064361332398322,0.001004443401729481,3.985469810260748e-05,0.0012309274
3163,0.0010060893501051599,0.0010037055847028063,4.7675188911553176e-05,0.0012044929
3164,0.001008148204224805,0.0010059521248978046,4.392171260252869e-05,0.0012475229
3165,0.0010106216029574474,0.0010085565451946523,4.1301169755215815e-05,0.0012885807
3166,0.0010130369802936912,0.0010108103290096754,4.453306416839621e-05,0.0012379908
3167,0.001011485869013187,0.0010093680686420864,4.235587955968691e-05,0.0012047066
3168,0.0010076294847143194,0.0010043036373746064,6.651689746356314e-05,0.0012405819
3169,0.0010015649559338474,0.0009992616089423085,4.6066854562256925e-05,0.0012748577
3170,0.0010052257825413512,0.0010030525859393593,4.346399806599442e-05,0.0012545973
3171,0.00101438053469691,0.0010118923926105102,4.9762750402730184e-05,0.0012343621
3172,0.0009975199716993504,0.0009954771621980601,4.0856135434255394e-05,0.001228544
3173,0.0009907605411070917,0.0009886221934316886,4.276691460079165e-05,0.001261476
3174,0.0010025945362738438,0.0010006243621723519,3.940340829255244e-05,0.0012085739
3175,0.0010146701216904653,0.0010127110057510436,3.91823603030793e-05,0.0012523695
3176,0.0010454905465141766,0.0010424807421966558,6.019610661963289e-05,0.0012239725
3177,0.0010319796546051899,0.0010299345737116205,4.090162491965859e-05,0.001209125
3178,0.001011610862850729,0.0010094948397535418,4.2320457343988e-05,0.0012224584
3179,0.0009919023335290451,0.0009895942859455115,4.616090241648231e-05,0.0012320677
3180,0.0010103812906891107,0.0010080722070092128,4.6181552265680795e-05,0.0012587636
3181,0.0010097652492630812,0.0010075779373033178,4.374628730216854e-05,0.0013823046
3182,0.0010376291155504683,0.0010352375955941775,4.783039231168986e-05,0.0013083251
3183,0.001008619838911626,0.0010065006105125778,4.238455136287536e-05,0.0012334958
3184,0.0010050528993209202,0.0010027918188522259,4.522149849290397e-05,0.001289873
3185,0.0010163501254282891,0.0010140891717229452,4.5219037883567934e-05,0.0012112492
3186,0.0010077999076909489,0.0010054363895000682,4.7270412687794304e-05,0.0013238882
3187,0.0010198795469477772,0.0010178353262340857,4.088449180674007e-05,0.0012545213
3188,0.0009869848313327466,0.0009848166632259057,4.336335685321855e-05,0.0012820874
3189,0.0009802520986542933,0.0009780279929853149,4.448210181635659e-05,0.0012771081
3190,0.0010082240488069752,0.0010060709914089076,4.3061173323621914e-05,0.0012708764
3191,0.0009939434782912334,0.000991654108899335,4.578733519780245e-05,0.001206926
3192,0.001008146445059942,0.001005824970909291,4.642947838951904e-05,0.0012499206
3193,0.0009892755744254423,0.000987097606735511,4.3559397253526794e-05,0.0012583331
3194,0.0009955366064483921,0.000993163769857751,4.7456677147393754e-05,0.0012514524
3195,0.0009904495155852702,0.0009883767808787525,4.145473491361271e-05,0.0012347028
3196,0.0010033001644640333,0.0010003795084129604,5.841298584769758e-05,0.0012134106
3197,0.0009804254255464508,0.0009784461412992742,3.9585640750416926e-05,0.0012790319
3198,0.0010066952232995795,0.001004347181878984,4.696077048025573e-05,0.0012147877
3199,0.00098134825238958,0.0009792242755389047,4.247951142022859e-05,0.0012066654
3200,0.0010259284327427546,0.0010237115383562115,4.433786725333751e-05,0.0012627
3201,0.001002590397062401,0.0009999022508660953,5.3762924315176656e-05,0.0012215751
3202,0.0009872217235776285,0.0009850604188007613,4.322607690014419e-05,0.0012634036
3203,0.0009829982934105726,0.0009809645785329242,4.0674259446316086e-05,0.0012138056
3204,0.0009847978324008485,0.0009830007782309419,3.594101012077072e-05,0.0012671672
3205,0.0010120337828993797,0.0010099187131143278,4.2301281128878966e-05,0.001209985
3206,0.001027678522384829,0.0010259519641598067,3.4531208624836535e-05,0.0012689471
3207,0.0010427300003357232,0.0010404741507954896,4.5116937876501755e-05,0.0012328993
3208,0.0010066829595921768,0.001004265596727944,4.834729353463531e-05,0.0012204153
3209,0.0009976885165087878,0.0009958253474906086,3.726334905549164e-05,0.0011895405
3210,0.0009884285818164548,0.0009862472122121187,4.3627439314756584e-05,0.0012995027
3211,0.00103040204072992,0.0010278518673860365,5.100345689596805e-05,0.0012296691
3212,0.0010163077890562515,0.0010140286344620917,4.5583216410389263e-05,0.0012067051
3213,0.0010008078598831263,0.0009988951069923738,3.8255020801140445e-05,0.001271228
3214,0.0009927700804029074,0.000990839312887854,3.861523468155307e-05,0.0014044605
3215,0.0010039090308257275,0.0010014521669492954,4.913734075947776e-05,0.001249327
3216,0.0009849364921036693,0.0009824088296025164,5.055330463900671e-05,0.0012007111
3217,0.0009861076418827806,0.000983781954790983,4.651372530793828e-05,0.0012781166
3218,0.0010015667506700588,0.0009994302527047694,4.272987611933448e-05,0.0012791435
3219,0.0009980378038663832,0.0009950957235155835,5.8841690710980606e-05,0.0012772478
3220,0.0009970940235588285,0.0009945887490175665,5.0105424445866395e-05,0.0012806793
3221,0.001008179570393016,0.0010059247375465929,4.5096566072070725e-05,0.0012483353
3222,0.0009803431561320193,0.000978621702072107,3.442910180096397e-05,0.0012473724
3223,0.0009917646012682882,0.0009898152810314464,3.898642142590663e-05,0.0012554817
3224,0.0009970885779087741,0.0009952716037837995,3.6339328890156516e-05,0.001278875
3225,0.0009879145240928565,0.000985836661938164,4.1557130962625403e-05,0.0012618841
3226,0.001031926486434208,0.0010288387679287957,6.175436819720265e-05,0.0012251401
3227,0.0009904105914756655,0.0009884528906291558,3.9153965046523355e-05,0.0012201344
3228,0.0009881997713819147,0.0009861592578494715,4.081019191378093e-05,0.0012417765
3229,0.0010014761407445701,0.0009994206393861937,4.1110006067649846e-05,0.001250768
3230,0.0010133568520864678,0.0010112206128218937,4.272484996323082e-05,0.0012425719
3231,0.0009868098526365228,0.0009845360337446133,4.547642693663158e-05,0.0012138413
3232,0.000995007232348952,0.0009922946751531627,5.4251112809172105e-05,0.0012639822
3233,0.0009977158909249637,0.0009951813573328158,5.0690688639686166e-05,0.0012612136
3234,0.0010051127975910074,0.00100291927681408,4.3870392088744364e-05,0.0012359624
3235,0.0009995589032769203,0.000997681654472318,3.7545049305660114e-05,0.0012127236
3236,0.0009927137651377254,0.0009902825165126058,4.862490920092771e-05,0.0012564164
3237,0.0009946412096420924,0.0009928422074558007,3.5980059061863694e-05,0.0012604648
3238,0.0009946100995875894,0.0009925516839656564,4.116836078998808e-05,0.001259799
3239,0.0010219633294683364,0.001019684057165351,4.558540062638746e-05,0.0012179827
3240,0.0009876090696909362,0.000985591703404983,4.034730962100892e-05,0.0013076497
3241,0.000986670515137828,0.000984486584396412,4.367865196469003e-05,0.0012168627
3242,0.0009938002499337826,0.0009916914872721665,4.217525709609365e-05,0.0012005663
3243,0.0009781216917973425,0.0009758578742750817,4.527622681488689e-05,0.0012768588
3244,0.0009898886459672616,0.0009876098302710387,4.5576215487446665e-05,0.0012102955
3245,0.0009673702582303021,0.0009653735996430947,3.993325271396644e-05,0.0012255076
3246,0.0009768334715368433,0.000974611347515343,4.44424091609916e-05,0.0012443737
3247,0.0010003071394748986,0.0009980902476753625,4.433791056897007e-05,0.0012214126
3248,0.0009883267416929205,0.0009861443515142632,4.364794511700786e-05,0.0012152538
3249,0.000988572089570678,0.0009863333168646528,4.4775367076807824e-05,0.0011971726
3250,0.000984968558057315,0.0009827556386072603,4.425835839961441e-05,0.0012257822
3251,0.0010214694788576,0.001019409501976851,4.119957656151622e-05,0.0012870529
3252,0.0009948492709857721,0.000992259008085562,5.1805214019435335e-05,0.0012074317
3253,0.001000520163991799,0.0009980687651679747,4.9027880009412505e-05,0.0012150867
3254,0.0010254597226675185,0.0010229035979136825,5.1122441266166364e-05,0.0012241151
3255,0.0009873276576399803,0.0009846528151279523,5.3496918008022475e-05,0.0012289506
3256,0.0009992811932331986,0.00099735935865384,3.843654840808409e-05,0.0012355273
3257,0.0010030144010670483,0.0010008255084459153,4.377772032502965e-05,0.0012546667
3258,0.0009887543312894801,0.0009865799142668645,4.3488301070561244e-05,0.0012945061
3259,0.0009850701123165588,0.0009829313442524937,4.277544517208298e-05,0.0012494959
3260,0.0010009202549958395,0.0009989746626363032,3.8911861003675265e-05,0.0012474501
3261,0.0009901246780322657,0.000988131466632088,3.986429149838402e-05,0.0012140335
3262,0.0009975111021453308,0.0009953098255209626,4.402554973144864e-05,0.0013106224
3263,0.001012535200506035,0.0010101936240163114,4.68314928001269e-05,0.0012932529
3264,0.0010167423480500779,0.0010147327492530975,4.019212274720808e-05,0.0012504228
3265,0.0009855038990887503,0.0009832073701545596,4.593056397145369e-05,0.0012026363
3266,0.000986675870242632,0.0009844984755747847,4.3547950931384825e-05,0.0011896702
3267,0.0009800839975165824,0.0009781025557054413,3.962894408956351e-05,0.0012437346
3268,0.0009799754725665682,0.0009778764719764392,4.1980008931356375e-05,0.00121855
3269,0.0009762014585754109,0.0009740372666985624,4.328383251393971e-05,0.0012566377
3270,0.000986983493850049,0.0009849917415219048,3.9834900677505734e-05,0.0012448737
3271,0.001000935916737136,0.0009986966382712127,4.4785534165391206e-05,0.0012930346
3272,0.0010204412573431101,0.0010181641762351825,4.5541585990981226e-05,0.0012566051
3273,0.000994340662792739,0.0009922294036692216,4.222524637845658e-05,0.0012173968
3274,0.0010185685668451091,0.0010164548901634084,4.227348819638463e-05,0.0012125303
3275,0.0009823774543797803,0.0009802704457090132,4.2140146260847034e-05,0.0012643668
3276,0.0009968130474185778,0.000994763524633729,4.099052397717647e-05,0.0012133791
3277,0.0009815868624072108,0.0009790220310808056,5.129668735687826e-05,0.0012917278
3278,0.000992263457737863,0.0009900520400454602,4.422830928724074e-05,0.0013069479
3279,0.0009697168354048497,0.0009674566383990977,4.520395530865547e-05,0.0012104359
3280,0.0009953122197960814,0.0009932527357401947,4.1189743696653144e-05,0.0012326856
3281,0.0009862995033876763,0.0009840813659441968,4.43627377957476e-05,0.0012245236
3282,0.0010066923271450732,0.0010046235221024189,4.137607647402579e-05,0.0012600003
3283,0.0010009954722287754,0.0009986990390138495,4.592875878366185e-05,0.0012341851
3284,0.0010094075580127538,0.0010073438377326562,4.127434201879826e-05,0.0012627139
3285,0.0009989651540915172,0.000997163112171822,3.6040786169640646e-05,0.0012523371
3286,0.0010063089081086217,0.001004203377912442,4.2110530509455025e-05,0.0012290378
3287,0.0009945478160969085,0.0009925903364395102,3.9149513312080545e-05,0.0012361358
3288,0.0009901363855331308,0.000988165528461751,3.941725310122971e-05,0.0012297024
3289,0.0010119898826815188,0.001009739169643985,4.501423610337143e-05,0.0012590765
3290,0.0009939626997543705,0.0009919645303549866,3.996350349855978e-05,0.0012557486
3291,0.000980291184451845,0.0009783601491815514,3.862063737132517e-05,0.0012065758
3292,0.0009866113981439007,0.000984565494582057,4.091804859675345e-05,0.001305809
3293,0.0010026877551960447,0.0010007179587975972,3.939588579366197e-05,0.0012121383
3294,0.0010523308417759835,0.0010494560507747035,5.749568539480758e-05,0.0012423999
3295,0.0009930282559556267,0.0009909655006291966,4.125513737213519e-05,0.0012874333
3296,0.0009716966137703922,0.000969332770910114,4.7276833820180605e-05,0.0012440054
3297,0.0010129174346932106,0.0010107936583355897,4.247553286105759e-05,0.0012476913
3298,0.0010048996282017064,0.001002437178976834,4.9249058582113826e-05,0.0012700473
3299,0.0009894516008595625,0.000987003813497722,4.89557109909179e-05,0.0012257175
3300,0.000994838216704213,0.0009924246567404931,4.827120448162642e-05,0.0012471896
3301,0.0009891996160149574,0.0009870405464122692,4.318139071494266e-05,0.0012512151
3302,0.0009886915368648866,0.000986590257121457,4.202551220393345e-05,0.0012054716
3303,0.0009801876006854905,0.0009780081079548432,4.358986145578885e-05,0.0012153216
3304,0.0010042690684915418,0.0010021233103341526,4.2915106617276895e-05,0.0012004628
3305,0.0009831272699456248,0.0009806078638777964,5.038818255861265e-05,0.0011943509
3306,0.0009766489564855066,0.0009746302242597772,4.037457877106792e-05,0.0012872353
3307,0.0009789214521232579,0.0009768201064111457,4.202698854969513e-05,0.0012507555
3308,0.0009904909982449478,0.0009882135782390833,4.554839136186533e-05,0.0012340985
3309,0.000993178990514328,0.0009907775338635677,4.802915346747088e-05,0.0012380722
3310,0.0010208197261413767,0.0010187144675809477,4.210516547434256e-05,0.0012558479
3311,0.0010229407964895169,0.001020659010909084,4.563562543624913e-05,0.0012260539
3312,0.0009724296952804758,0.0009703984341791107,4.062522844429218e-05,0.001210208
3313,0.0010110576662959324,0.0010090053159122665,4.104716313075111e-05,0.0013390643
3314,0.0009957127622328699,0.0009934587274781533,4.5080711850510445e-05,0.0012392211
3315,0.0009794761944148275,0.0009777878540464574,3.376681886319627e-05,0.0012682795
3316,0.0009825545621828902,0.0009806482030803132,3.812727968074291e-05,0.001247993
3317,0.0009930723760690954,0.0009909733509023985,4.1980515439238926e-05,0.0012664223
3318,0.0009780494845472276,0.0009761259321951204,3.847103600275798e-05,0.0012360817
3319,0.0009898779461056822,0.0009877476297939817,4.260629976581893e-05,0.0012032652
3320,0.0009924270704181658,0.0009901501716942423,4.553799901745808e-05,0.001236265
3321,0.0010050868964754044,0.0010031614452600478,3.850903381316723e-05,0.0013453106
3322,0.0009924351535220114,0.0009899133247219854,5.043655676936333e-05,0.0012361916
3323,0.0009955623445825445,0.0009935697954561976,3.985098606630939e-05,0.0012185931
3324,0.0009880216223084265,0.0009858792764134705,4.284693049625174e-05,0.0012306598
3325,0.0009689180684896807,0.0009671549170484974,3.5263121032584147e-05,0.0012124473
3326,0.0009924526766149533,0.0009903516685072747,4.202002979809549e-05,0.0012617089
3327,0.0009936086419555876,0.0009914581237050395,4.301038306005169e-05,0.0013488664
3328,0.0009810690198921496,0.000978506391402334,5.125257825524285e-05,0.0012381262
3329,0.0009803730632281966,0.0009780241706822481,4.697783019950657e-05,0.0012289196
3330,0.0009960050280723306,0.0009934553811844025,5.09929226516369e-05,0.0012243437
3331,0.000978691979414887,0.000976496849519511,4.3902621252477224e-05,0.0012511001
3332,0.0009816392531825436,0.0009794149806516038,4.4485415429562636e-05,0.0012544834
3333,0.000994910423954328,0.0009925018426858716,4.8171585584416085e-05,0.0012679597
3334,0.0009790201645551457,0.0009767363973272344,4.56754026703976e-05,0.0012008331
3335,0.0009799316939380434,0.0009779439197801468,3.975551013581935e-05,0.0012256909
3336,0.0009728415118944314,0.0009708353602844808,4.012302015399014e-05,0.0013354537
3337,0.001007216267235991,0.0010053375606528586,3.757411485854808e-05,0.0012171256
3338,0.0009777170929333402,0.0009756453775076403,4.1434368648691275e-05,0.0012436346
3339,0.0009887787979096173,0.0009866691142734554,4.219361513418581e-05,0.0012139358
3340,0.000988245341512892,0.0009859326036853922,4.625465604980326e-05,0.0012840653
3341,0.000994030377154963,0.000992065362839235,3.930025765165447e-05,0.0012525528
3342,0.0009876401577558782,0.0009854154816518227,4.4493485096255526e-05,0.0012436892
3343,0.0009838059660978616,0.000981803235804869,4.005456475455718e-05,0.0012711503
3344,0.0010100611899462012,0.0010080318781547249,4.0586143670790556e-05,0.0012356377
3345,0.0009809646535561317,0.0009787403538616167,4.4485974264476784e-05,0.0012401751
3346,0.0009956639505819315,0.0009934599808831181,4.407943045284431e-05,0.001322345
3347,0.0010015986614032753,0.0009991600980154341,4.877126855996987e-05,0.001268454
3348,0.000999565396664871,0.0009975590626709163,4.0126742372864e-05,0.0012487133
3349,0.0009781417346352505,0.0009763507896827327,3.581882140729754e-05,0.0012407545
3350,0.0009819008461717101,0.0009800027965361047,3.796093832563309e-05,0.0012368262
3351,0.0009869461853264107,0.0009849749363234474,3.9424978715866625e-05,0.0012052022
3352,0.0010022799458561673,0.0010000211109096806,4.5176647811078715e-05,0.001212434
3353,0.0009736746510801216,0.0009713098587882188,4.729577320047677e-05,0.0013527649
3354,0.0009761652456493013,0.0009738021853586866,4.7261262707603495e-05,0.0012459795
3355,0.0010033825541742973,0.0010006387433451082,5.487629374197272e-05,0.0012598668
3356,0.0010064601510142287,0.0010043793293233547,4.161643633785338e-05,0.001230375
3357,0.0009698774911359781,0.0009679680056352583,3.81897795149497e-05,0.0012202531
3358,0.0009692214830364618,0.000966416382127338,5.6102104708773444e-05,0.0012376735
3359,0.000983955907738871,0.0009818631146724026,4.185589419876123e-05,0.0012859028
3360,0.000996622097833703,0.0009945472986954782,4.149593139825609e-05,0.0012279325
3361,0.0009853481043440601,0.0009832285254055427,4.239156443984389e-05,0.001223237
3362,0.000974564800142414,0.000972246335974584,4.636924132594484e-05,0.0013292652
3363,0.0010011660698283878,0.0009993722326018745,3.58767677931403e-05,0.0012664964
3364,0.0010003315465938714,0.0009981849735292295,4.2931425647828466e-05,0.0012509099
3365,0.0009833127868154811,0.0009813148386052086,3.9959008298437114e-05,0.0012108024
3366,0.000980682868976146,0.0009777632309123873,5.8392733614443586e-05,0.0012386665
3367,0.0009755077810647587,0.0009731962578371167,4.6230445842146414e-05,0.0012262864
3368,0.0009755233173362083,0.0009736222370217243,3.8021632204967814e-05,0.0012816093
3369,0.000993299904641592,0.0009910121754122278,4.575470994817958e-05,0.0012309158
3370,0.0009606246526042621,0.0009588636082804037,3.5220787822570146e-05,0.0012485898
3371,0.0009741620173574322,0.0009718740423623886,4.575945609216111e-05,0.0012221305
3372,0.000971779229843782,0.000969687493569735,4.183474505781406e-05,0.0011997013
3373,0.0009808813157077465,0.0009784749152863192,4.812812888125172e-05,0.0012265837
3374,0.0009948087080071369,0.0009927355800755321,4.14625207292987e-05,0.0012252126
3375,0.0009878065721649263,0.000985304430489325,5.004277007982536e-05,0.0012139276
3376,0.0009898990573775437,0.00098756891157892,4.660304286466675e-05,0.0012439195
3377,0.0009783134187778665,0.0009760691473881404,4.48854303639538e-05,0.0012271472
3378,0.0009777273879283004,0.0009752939041290018,4.8669639537971915e-05,0.0012242245
3379,0.0009755608703320225,0.0009736047656689253,3.912216099150909e-05,0.0012324803
3380,0.000985778812577741,0.0009840235631499025,3.510499524455529e-05,0.001280117
3381,0.0009959823969337676,0.000993506547011849,4.951701750254895e-05,0.0012906856
3382,0.0009940884218344259,0.000991484648289366,5.2075324967258186e-05,0.001204929
3383,0.0009744685751179027,0.000972290553100821,4.3560572032674826e-05,0.0012010487
3384,0.0009631398289153974,0.0009612727017762761,3.73426184195422e-05,0.001214723
3385,0.0009863386085877815,0.000983944420133614,4.788378702045293e-05,0.0012249298
3386,0.0010063015222032037,0.0010041009673538307,4.4011126016761814e-05,0.0011871317
3387,0.0009819122393512063,0.000979565716503809,4.6930503605974786e-05,0.0012949113
3388,0.0009895559801306162,0.0009877098659570847,3.6922285389293405e-05,0.0012287342
3389,0.0010088400177968046,0.001006652022867153,4.375991714924668e-05,0.0013331005
3390,0.0010270817347595262,0.0010249841621973448,4.1951400916515364e-05,0.0012764767
3391,0.0009621117251097328,0.0009599934319137699,4.2365891514843196e-05,0.0012171983
3392,0.0009742207566483153,0.0009720449698054129,4.3515713056172274e-05,0.0012243062
3393,0.0009770407276745471,0.0009751271469415062,3.8271633718601887e-05,0.0012438047
3394,0.0009777445798843272,0.0009757868777443137,3.915411936961593e-05,0.0012280121
3395,0.0009949865854448742,0.000992785607619832,4.401957907159076e-05,0.00124172
3396,0.0009904730987424651,0.0009883669541320868,4.212283600332335e-05,0.0012328294
3397,0.0009660608937136001,0.0009637828036728833,4.5561809887888984e-05,0.0011924938
3398,0.0009881371050141751,0.0009852456006531915,5.783001699355787e-05,0.0012189738
3399,0.0009813842622356283,0.0009789236950584583,4.921135188358979e-05,0.0012242777
3400,0.0009665311883307165,0.0009647766076442268,3.5091635563352e-05,0.001299279
3401,0.0009690991421747539,0.000967074671967162,4.048953249448712e-05,0.0012413154
3402,0.0009639934170991183,0.0009620575518864724,3.8717372637759376e-05,0.0011886947
3403,0.0009875111204261581,0.000985370901051081,4.2804344100962526e-05,0.0012343313
3404,0.0009859444211340613,0.0009841614454570743,3.565957811171059e-05,0.0012299129
3405,0.0009724895133533412,0.0009706785048668583,3.6220180418114166e-05,0.001246481
3406,0.00098879378185504,0.000986561822032349,4.463904412096061e-05,0.001290342
3407,0.0009709995809114642,0.0009689409932535555,4.117173673516087e-05,0.0012469246
3408,0.0010055916746043497,0.001003289055855324,4.605234089088602e-05,0.0012593046
3409,0.0009695248251470426,0.0009676214773207903,3.806684086732225e-05,0.0012030442
3410,0.000977208136787845,0.0009751006663363013,4.214923857293545e-05,0.0012778436
3411,0.0010137267242599692,0.0010113172181364562,4.81901330507147e-05,0.001255487
3412,0.0010350014600488875,0.0010322650286575985,5.4728590878718975e-05,0.0012296237
3413,0.0009975886528587176,0.0009951066872518923,4.9639273505953776e-05,0.0012219581
3414,0.0009758224219290747,0.0009735209569852385,4.602935095716138e-05,0.0012198626
3415,0.0009933966069689227,0.000991175328898761,4.442564151673089e-05,0.0012255172
3416,0.000974066682263381,0.000971840574250867,4.452225742915693e-05,0.001296663
3417,0.0009761842420428163,0.000973782879817817,4.802722988550556e-05,0.0011831616
3418,0.0009778225981992566,0.0009759693212496738,3.706556436194022e-05,0.001234124
3419,0.0009636656562280324,0.000961467182625913,4.3969368138934646e-05,0.0012245819
3420,0.0009720354612606267,0.0009701167828299934,3.83735494952791e-05,0.0012344876
3421,0.0009805183404953115,0.0009783152969450586,4.406083271217337e-05,0.0012570139
3422,0.0009711566394091481,0.0009693222534325387,3.66876315340751e-05,0.001260462
3423,0.0009778595037965312,0.0009758046737665104,4.1096532870356206e-05,0.0012325242
3424,0.0009693215006134576,0.0009672644328222507,4.11412428672659e-05,0.0012494395
3425,0.0009657099364428884,0.0009630388425042232,5.3421828168135715e-05,0.0012712341
3426,0.000978503646587746,0.0009764095302671194,4.1882257865526956e-05,0.0012069474
3427,0.000998517908414619,0.0009957566960818237,5.522418926604544e-05,0.0012269354
3428,0.0009674600092694164,0.0009652560266355674,4.407978117571234e-05,0.0012227509
3429,0.000982815684336755,0.000980618011413349,4.395358659286962e-05,0.0012342989
3430,0.0009719616319570276,0.0009698885764616231,4.146112529623578e-05,0.0012082788
3431,0.0009563122229236695,0.0009544109899757637,3.802456099637968e-05,0.0012197309
3432,0.0009819276242827375,0.000979555222309298,4.7447913407773335e-05,0.0012409899
3433,0.0009520021991597282,0.0009500654918762545,3.8734165409140234e-05,0.0012453676
3434,0.0009629899946351846,0.000961233284841809,3.513417887772461e-05,0.0013001608
3435,0.0009767670973411036,0.0009745578449736866,4.4185226506164734e-05,0.0011909456
3436,0.000978299965047174,0.0009760319048331843,4.5361179546590494e-05,0.0011966919
3437,0.0009615487962340315,0.0009597499777252475,3.597643531823754e-05,0.0012860384
3438,0.001017053435660071,0.0010151609817209343,3.7849114323762476e-05,0.0012006761
3439,0.00097766402306863,0.0009753649006597698,4.598240340543371e-05,0.001222867
3440,0.0009803085924229688,0.0009783168012897174,3.983594696011197e-05,0.0012400232
3441,0.00098926379190137,0.0009868363306547205,4.854925481063945e-05,0.0012148039
3442,0.0009774100578700503,0.0009746676905908519,5.4847350257129315e-05,0.0012238997
3443,0.0009734511362492211,0.0009711233213440412,4.655620655995563e-05,0.0012261755
3444,0.000977182098560863,0.000974935125042167,4.493950302298562e-05,0.0012619918
3445,0.0009677100693807006,0.0009656013597527311,4.21742310444352e-05,0.0012794331
3446,0.0010081956305334138,0.001006116064834512,4.159131574770214e-05,0.0012477044
3447,0.0009936567447665664,0.0009916418516594503,4.029791397941709e-05,0.0012336655
3448,0.0009585780828880767,0.0009564003894209033,4.355383059614976e-05,0.0012235111
3449,0.0009681437552596132,0.0009661365274546875,4.01445268746809e-05,0.001239599
3450,0.0009927002958849901,0.000990704904931287,3.990771677746036e-05,0.0012377278
3451,0.0009632666517669956,0.0009613694752463036,3.794346126397841e-05,0.001213739
3452,0.0009592136626856195,0.0009571987281863888,4.0298656942165204e-05,0.0012514287
3453,0.0009776813314399785,0.0009758063837782377,3.7498854690830465e-05,0.0012058562
3454,0.0009747914717687915,0.0009728791289186726,3.824694014083906e-05,0.0012607136
3455,0.0009881321780590548,0.0009860290007458793,4.206361508896824e-05,0.0012461465
3456,0.0009840670882517266,0.0009821527676346401,3.8286337380573815e-05,0.001241571
3457,0.0009644931479771105,0.0009623925214529865,4.201256242295257e-05,0.0012166513
3458,0.0009789531752984557,0.0009767598951131934,4.386563666116672e-05,0.0012061615
3459,0.0009806358682302137,0.0009786672631485595,3.937211412537383e-05,0.0012122515
3460,0.0009615062296183573,0.0009595860429625544,3.840373602896661e-05,0.0012367268
3461,0.0009809985485238334,0.0009789916376272837,4.013815048343379e-05,0.0012042678
3462,0.0009663125745848649,0.0009641730692237615,4.279017584217905e-05,0.0012386808
3463,0.000977430098120951,0.0009755688370205462,3.722517451890302e-05,0.0012190506
3464,0.0009923585858713422,0.0009898180349005594,5.081100030561108e-05,0.0012053016
3465,0.000983515648274786,0.0009814048470515343,4.221594138679544e-05,0.0012068229
3466,0.0009709288586034543,0.0009689175873063505,4.022534892998111e-05,0.0012810581
3467,0.0009789385794041058,0.0009765820603610741,4.713019373304582e-05,0.0012191582
3468,0.0009825118351727725,0.0009803600777457985,4.303523459848869e-05,0.00123725
3469,0.0009666953287604782,0.0009646208711071975,4.148928193722491e-05,0.0012712072
3470,0.0009638684866432514,0.00096185228580402,4.0323910940919125e-05,0.001186185
3471,0.0009665212180051539,0.0009643849968496296,4.272441176113152e-05,0.0012340767
3472,0.0009653261241813501,0.0009633248490798804,4.0025493922849856e-05,0.001250415
3473,0.0009691083558007247,0.0009673154731798503,3.585758409347445e-05,0.0011942345
3474,0.0009671275232297679,0.0009650052460427913,4.244556391387939e-05,0.0012103674
3475,0.0009779210474031668,0.0009760720513036682,3.697993054427368e-05,0.0012512559
3476,0.0009707660660044187,0.0009684979242997037,4.536297922438987e-05,0.0012104558
3477,0.0009619383632929789,0.0009599985929930376,3.879552212708859e-05,0.001249785
3478,0.000980377972074267,0.0009782799894714521,4.1959635177590825e-05,0.0011948337
3479,0.0009604669564093152,0.0009583554851512114,4.222939456302773e-05,0.0012320599
3480,0.00096558179680465,0.000963576125084526,4.011342386921098e-05,0.0012305412
3481,0.0009649579400300152,0.0009625816898834374,4.752501785611053e-05,0.0013605403
3482,0.0009900182252749802,0.000988087130503522,3.862188591609892e-05,0.0012119896
3483,0.0009664600559820732,0.0009643883922965163,4.14332076579803e-05,0.0011891404
3484,0.0009818295392000841,0.000979547259501285,4.5645677536754194e-05,0.0012142579
3485,0.0009855153233123322,0.0009831822645436558,4.666116369157357e-05,0.0012534109
3486,0.0009626009656737248,0.0009604301691676179,4.341592278813885e-05,0.0012653385
3487,0.0009720787819888857,0.000969890031653146,4.377506548954734e-05,0.0012103332
3488,0.0009843165080787408,0.0009820757356161873,4.481549689582624e-05,0.0012203732
3489,0.0009847718278049595,0.000982585989145769,4.371683538156251e-05,0.0012199557
3490,0.0009767590219982797,0.0009746760259278947,4.1659995125955775e-05,0.0012619641
3491,0.0009706645828878714,0.0009684332555884289,4.4626396518449635e-05,0.0012076767
3492,0.001002999339511411,0.0010009837039332422,4.0312598870665775e-05,0.0012423376
3493,0.0009649940287797816,0.000962796815050145,4.394437822270447e-05,0.0012434324
3494,0.0009696386444071929,0.0009675829930024015,4.1112992789749114e-05,0.0012780536
3495,0.0009802564370652868,0.0009780747738356392,4.36332624017963e-05,0.0012073774
3496,0.000990529811113245,0.000988294194555945,4.47122873171995e-05,0.0012147503
3497,0.0009703630917809075,0.0009682535711261961,4.2190359435462846e-05,0.0012022655
3498,0.0009533705034603675,0.0009513462725509372,4.048459092271312e-05,0.0012056323
3499,0.0009695913642644883,0.0009676810949006014,3.820536560523477e-05,0.0012206248
3500,0.0009702190032435788,0.0009680539990464846,4.3299999127949856e-05,0.0012105053
3501,0.0009515470954486066,0.0009496544099723299,3.7853633258085514e-05,0.0012358539
3502,0.0009540906809787784,0.0009521974114856372,3.78653856489682e-05,0.0012316541
3503,0.000991842944899367,0.0009896473558102217,4.391174198698561e-05,0.0012105926
3504,0.0009795727104776435,0.0009774510567593906,4.2433121790787076e-05,0.0011968646
3505,0.0009526064658227066,0.000950732743108852,3.747453301359529e-05,0.0012441336
3506,0.0009642909086930255,0.0009622921274664502,3.997560967622999e-05,0.001235701
3507,0.0009798388100332683,0.000977588693300883,4.5002187296922574e-05,0.0012149619
3508,0.0009517527444081174,0.000949713783726717,4.077922243494767e-05,0.0012009235
3509,0.0009851476992480458,0.000982935154914028,4.425088836307446e-05,0.0012333613
3510,0.0009809938505188458,0.0009788090440755088,4.369608904358163e-05,0.0012233465
3511,0.0009927173817737235,0.0009905528406509096,4.329072823834694e-05,0.0012122232
3512,0.0009651524208796521,0.0009633471089829173,3.610615709135345e-05,0.0012193291
3513,0.0009712367008129756,0.0009688107180409134,4.851965695959532e-05,0.0012223489
3514,0.0009687703400332895,0.000966603403341853,4.3338712396718335e-05,0.0012142522
3515,0.0009578721015714109,0.0009559397585690022,3.864691777582468e-05,0.0011973256
3516,0.0009785026945691143,0.0009763696114532649,4.26616181429572e-05,0.0012020607
3517,0.0009739193793696662,0.0009719165029107696,4.0057507582630765e-05,0.0013114233
3518,0.0009803584311157466,0.0009781217694075572,4.473323343194835e-05,0.0012646394
3519,0.0009558994374755356,0.0009539438114087614,3.911249440567606e-05,0.001262366
3520,0.0009657700222709941,0.0009638694503034154,3.8011468091604505e-05,0.0012256246
3521,0.0009850848091041875,0.000983019069665008,4.131480658515269e-05,0.0012174861
3522,0.0009718827308259077,0.0009699406205779976,3.8842208173327384e-05,0.0012113879
3523,0.0009696799938360022,0.0009675128463034828,4.334302543428987e-05,0.0012333757
3524,0.0009592261139510406,0.0009570337573273314,4.384712105749916e-05,0.0011762192
3525,0.0009790833897164299,0.0009768138626693851,4.53906214104707e-05,0.0012491093
3526,0.0009609764467717873,0.0009588650414823658,4.222816602713743e-05,0.0011982417
3527,0.0009614308597519994,0.0009593625501212147,4.1366124271509834e-05,0.0012249144
3528,0.0009792444503141774,0.000977367030767103,3.754844614149988e-05,0.0011976787
3529,0.0009719303317574992,0.0009697447194614345,4.371225712323697e-05,0.0012426857
3530,0.0009638566213349501,0.0009616389987058937,4.435245919675405e-05,0.0011918657
3531,0.0009648133392652704,0.0009630289640174144,3.5687610362265964e-05,0.0011961652
3532,0.0009576957621094253,0.000955797659440173,3.796206857273887e-05,0.0012552697
3533,0.0009773022534015278,0.0009753078972506854,3.9886948008197955e-05,0.0012538302
3534,0.0009898168707473411,0.0009877318089517454,4.1701264335595546e-05,0.0012140215
3535,0.000978291934976975,0.000975694246072736,5.1953987897156314e-05,0.0012366428
3536,0.0009578566674867438,0.0009556111064739526,4.4911244442068384e-05,0.0011855197
3537,0.0009547485012768043,0.0009526592588776515,4.178488248827408e-05,0.001212863
3538,0.0009451026588471399,0.0009432463221148485,3.7126837018696e-05,0.0012020473
3539,0.0009521107991329497,0.0009500127117563453,4.196185121890671e-05,0.0012876897
3540,0.0009644742524768744,0.0009625265607610345,3.89537859897852e-05,0.0012212762
3541,0.000963114627585229,0.0009609528183419672,4.323620864506871e-05,0.0012320408
3542,0.000966173625137243,0.0009640916729242437,4.163894882383248e-05,0.0011949191
3543,0.0009827645702494515,0.0009802787176643808,4.971689987200989e-05,0.0012042489
3544,0.0009759654743700392,0.0009737610946305924,4.408757308130223e-05,0.0012066884
3545,0.0009563218465902739,0.000954268011264503,4.107664524373907e-05,0.0012589185
3546,0.0009743732995250159,0.0009721986639002959,4.34926745444702e-05,0.0012371802
3547,0.0009728509661120673,0.0009707516233902425,4.198691583046828e-05,0.0012121081
3548,0.0009598017760759427,0.0009575929091725912,4.417730587531353e-05,0.0012598925
3549,0.0009821677839176523,0.000980176721026914,3.982128084364378e-05,0.0012471278
3550,0.0009517813825772869,0.0009497181344259944,4.126492127822543e-05,0.0012285253
3551,0.0009575018141832616,0.0009554914185880786,4.0207910764106855e-05,0.0012483975
3552,0.0009632268092698521,0.0009611216554832127,4.2103178945633125e-05,0.0012335392
3553,0.0009628306647452216,0.0009608261739938623,4.008985620913563e-05,0.0012136095
3554,0.0009667520851103795,0.0009647442493587732,4.0156856108685015e-05,0.0012279988
3555,0.0009488062182855275,0.0009467065295514961,4.199379853023149e-05,0.0012469239
3556,0.0009661579336453643,0.0009641497693438497,4.016333022837968e-05,0.0012578442
3557,0.0009660259018548661,0.0009640886357778477,3.874524089179469e-05,0.0012632139
3558,0.0009663324518543151,0.0009643563172883458,3.9522721970462904e-05,0.0012314632
3559,0.0009651677618320617,0.0009630258906529181,4.2837424679569793e-05,0.0011999416
3560,0.0009609001125985135,0.0009590669696788407,3.666290756772186e-05,0.0012088264
3561,0.0009807617597592374,0.0009787037684064772,4.1159858251285345e-05,0.0012446244
3562,0.0009737160289660096,0.0009715249244537619,4.382200261893053e-05,0.0011951829
3563,0.0009773902840808863,0.0009752303129062056,4.3199356168033276e-05,0.0012298768
3564,0.000971003228591548,0.0009689977224398819,4.011003532282429e-05,0.0012332022
3565,0.0009597021439630124,0.0009575776898095177,4.248896478502627e-05,0.001203392
3566,0.0009584739092840916,0.0009564438860656487,4.060040002412298e-05,0.0012658084
3567,0.0009597315401252773,0.0009576839847593671,4.095116964568904e-05,0.0012303519
3568,0.0009490132900989718,0.0009470786550082267,3.8692839760459366e-05,0.0012147771
3569,0.0009679788503692382,0.000965744365627567,4.468962705995357e-05,0.0012565188
3570,0.0009859222271997067,0.000983776166362481,4.292128619927856e-05,0.0011909563
3571,0.0009622838956096934,0.0009602183320870002,4.1311291076813936e-05,0.0012591726
3572,0.0009744464135211375,0.0009726737121430536,3.545398260484944e-05,0.0012697537
3573,0.0009830643707472418,0.0009807755717904203,4.577592476380232e-05,0.0012150028
3574,0.0009772083767327583,0.0009749056066438142,4.605529534759493e-05,0.0012231435
3575,0.000982176903117862,0.000980182408562137,3.988985086312229e-05,0.0012246358
3576,0.0009540787367667588,0.0009519401019335621,4.277278523545647e-05,0.0012069979
3577,0.0009437623692469464,0.0009419313192160593,3.662108091854558e-05,0.0012083874
3578,0.0009552555546785394,0.000953263729914195,3.983652550054728e-05,0.0011880527
3579,0.0009566772315237257,0.0009544050023477111,4.5444446632518046e-05,0.0011974884
3580,0.0009689346253354517,0.000966762724177291,4.343805373960347e-05,0.0012670943
3581,0.0009644528242966367,0.0009622228706979917,4.459904884351021e-05,0.0012329172
3582,0.0009597688512359228,0.0009576638436151876,4.210007222064228e-05,0.0012132601
3583,0.0009563973082953857,0.0009541040829693278,4.586458172815987e-05,0.0012053946
3584,0.0009798599109571012,0.0009778863711593052,3.94707850596686e-05,0.001213239
3585,0.0009564125949206452,0.0009543084862848951,4.20822019940993e-05,0.0012228292
3586,0.0009651272092014551,0.0009628628484076924,4.52870678183596e-05,0.0012347802
3587,0.0009677362473060687,0.0009656944687271284,4.083563228505227e-05,0.0012224307
3588,0.0009620723042947551,0.0009598022288021941,4.5401479531490296e-05,0.0012491837
3589,0.0009789068329458435,0.0009767084382474422,4.3967930915073733e-05,0.0011921729
3590,0.0009746333428968986,0.0009723844627539317,4.497760220248084e-05,0.0011978126
3591,0.0009679898166925543,0.0009659405163903204,4.0986018270701884e-05,0.0012380407
3592,0.000965575078347077,0.0009635211188449628,4.1079207868064156e-05,0.0013297028
3593,0.0009563455901419123,0.0009543262836005953,4.0386101606139215e-05,0.0011971142
3594,0.0009609808614994917,0.0009589048154238197,4.152106704427499e-05,0.0012355637
3595,0.000968355116330915,0.0009661145948080553,4.481048520435454e-05,0.0012366524
3596,0.0009667585319322017,0.0009648602429984344,3.796572930069668e-05,0.0011998467
3597,0.0009510873674622013,0.0009489570330414507,4.2606725853862786e-05,0.0012267181
3598,0.0009624132757178612,0.000960046959678746,4.732621468129928e-05,0.0011909598
3599,0.0009612302813265059,0.000959155070854144,4.150414439817575e-05,0.0012050916
3600,0.0009625080765949355,0.0009605237683798704,3.9686076411834155e-05,0.0011980352
3601,0.0009499583160504699,0.0009479145545305477,4.087506538562972e-05,0.0012236838
3602,0.0009573285493792759,0.0009550561533413,4.544788186046212e-05,0.0012544739
3603,0.0009720685232120255,0.0009701386663234896,3.8597238188906346e-05,0.0011919667
3604,0.0009522321737474866,0.0009497222490608692,5.019838594396081e-05,0.0012274233
3605,0.000962440430238429,0.0009606990820935203,3.482703075129558e-05,0.0012288037
3606,0.0009805424552824763,0.0009786556785305342,3.773551054918735e-05,0.0012002479
3607,0.0009664709589237141,0.0009642575220722291,4.426878168604591e-05,0.0012119275
3608,0.0009619860030296776,0.0009598432186370095,4.285568848116681e-05,0.0012152568
3609,0.0009666675662932297,0.0009646337375872666,4.067649680842401e-05,0.0011961935
3610,0.000969940149742696,0.0009674742468632758,4.931810756070792e-05,0.0012028106
3611,0.0009424388938997355,0.0009405329810558921,3.811826029789245e-05,0.0012150262
3612,0.0009526652878978186,0.0009506306106535097,4.069357889425381e-05,0.0012078353
3613,0.0009419811307452619,0.0009400928431811432,3.7765793262839356e-05,0.0012595757
3614,0.0009595950341059102,0.0009575215038946934,4.147057419332769e-05,0.0012130357
3615,0.0009882434193665783,0.000985939570495652,4.607694104947768e-05,0.001247922
3616,0.000956861656676564,0.0009550170468476912,3.689221221681767e-05,0.001197015
3617,0.0009438747307285667,0.0009420894978878399,3.57047103635624e-05,0.0012032033
3618,0.000949705952209317,0.0009478623344976869,3.687228317896067e-05,0.0012212303
3619,0.0009562103297664887,0.0009541721341924535,4.0763856192723344e-05,0.0011961461
3620,0.0009632141005972194,0.0009612131197678132,4.0019639160880795e-05,0.0012403653
3621,0.0009569643673280047,0.0009551534054076506,3.621932280623636e-05,0.0012717041
3622,0.0009618905101281901,0.0009598730843410724,4.034843900310787e-05,0.0012411907
3623,0.0009591243436766995,0.0009570603491738438,4.1279934341926286e-05,0.0012350373
3624,0.0009529082557289965,0.0009510132018476725,3.7901098275167696e-05,0.0011932312
3625,0.0009495533692340056,0.0009475630449338092,3.9806515950699704e-05,0.0012173484
3626,0.0009496340825636354,0.0009476300044399168,4.008159373035546e-05,0.0011963557
3627,0.0009563712584268716,0.0009542318720680971,4.278767163117752e-05,0.0012064086
3628,0.0009471066127945152,0.0009452084674396448,3.796279885311825e-05,0.0012004188
3629,0.0009617800112917192,0.0009598859960937666,3.788023563306492e-05,0.0011963195
3630,0.0009591825461635987,0.0009571644787987073,4.036142531856789e-05,0.001192602
3631,0.0009759831837274963,0.0009741038355665902,3.7586888402870016e-05,0.0012159834
3632,0.0009561316744010482,0.0009539002863069375,4.4627795933492744e-05,0.001211995
3633,0.0009681742276168531,0.0009663873908316924,3.5736748976786554e-05,0.0012362774
3634,0.000946872130346795,0.000944688629048566,4.36699990359557e-05,0.0012062914
3635,0.000955577878954096,0.0009534867687357797,4.182224379039528e-05,0.0012273075
3636,0.0009514474452266263,0.000949137972202152,4.618934207895917e-05,0.0012187782
3637,0.0009493635786283348,0.0009472041339096096,4.318889382580614e-05,0.0012178393
3638,0.0009579642559401691,0.0009557957541094058,4.337003261980499e-05,0.0012293506
3639,0.0009550849506114092,0.0009529942206831442,4.181461577685594e-05,0.0012493626
3640,0.0009681245726015832,0.0009660246794939869,4.199775835714477e-05,0.0012528286
3641,0.0009634377680615418,0.0009615747206326988,3.726102796775728e-05,0.0012084473
3642,0.0009496622110923959,0.0009473378964078923,4.648631080909935e-05,0.0011921091
3643,0.0009632735694241192,0.0009610847388911579,4.3776751232687476e-05,0.0012197145
3644,0.0009609332282303108,0.0009587926815988289,4.2810857239694884e-05,0.0012538973
3645,0.0009669247975883384,0.0009649392269137833,3.971146002067864e-05,0.0012433559
3646,0.0009736533444892201,0.0009717551060020923,3.7964817275258785e-05,0.0012275573
3647,0.0009713807013920612,0.0009694567532278597,3.8478933323165484e-05,0.0012951154
3648,0.000954968334796528,0.0009529112838208675,4.114097754887148e-05,0.0012704975
3649,0.0009644087804998789,0.0009620881975731916,4.641160521335526e-05,0.0012574715
3650,0.0009446024920584427,0.0009421628964547482,4.879196307759533e-05,0.0012009899
3651,0.0009483446392955052,0.0009465432906937268,3.602697894898989e-05,0.001220286
3652,0.00095578530518752,0.0009538111419210004,3.948333864956213e-05,0.0012017271
3653,0.000944245532931139,0.0009424760873015556,3.538887162817004e-05,0.0012383206
3654,0.0009656238175618152,0.000963345295490904,4.557045695818829e-05,0.0013153952
3655,0.0009520849381159577,0.0009501469580249654,3.875957178098407e-05,0.0012273144
3656,0.0009486813835489253,0.0009467868509495424,3.7890750403353955e-05,0.0012118396
3657,0.0009633266211797794,0.0009613268193788826,3.999604406822578e-05,0.0011980634
3658,0.0009540937569302817,0.0009522470115270052,3.6935051074730536e-05,0.0012110859
3659,0.0009474328382768565,0.0009454467696034246,3.9721275844486726e-05,0.0011911162
3660,0.0009606806289715071,0.0009584086791922648,4.543895365263969e-05,0.0012210624
3661,0.0009504231663110355,0.0009483254534037162,4.1954203208957906e-05,0.0012383632
3662,0.0009607590786698791,0.0009587111106763283,4.095930243666304e-05,0.0012155575
3663,0.000985181604563776,0.0009828477619319327,4.667677930995219e-05,0.0012258086
3664,0.0009524012592414187,0.0009502919364927544,4.2186438818772286e-05,0.0012036805
3665,0.0009619426913559437,0.0009597523564783236,4.3806798514841225e-05,0.0012152118
3666,0.0009600757388398051,0.0009577901270757947,4.5712154487394704e-05,0.0012473392
3667,0.0009767916997791165,0.000974687585969352,4.208230401753591e-05,0.0012261054
3668,0.000956590678025451,0.0009545507284605669,4.0798837594656514e-05,0.0012096257
3669,0.0009613221821685632,0.0009593528320288493,3.9387018336532895e-05,0.0012039836
3670,0.0009531418961058888,0.0009510846161800954,4.114554245274367e-05,0.0012218442
3671,0.0009489624554084407,0.0009470215597603884,3.8817971058177944e-05,0.0012121521
3672,0.0009519880637526512,0.0009497299880927636,4.5161391265145944e-05,0.001241121
3673,0.000955238246307191,0.000953290664539155,3.895161631059333e-05,0.0011885203
3674,0.0009660772060871952,0.0009640025013747315,4.149425835559365e-05,0.0012317934
3675,0.0009387692902237177,0.0009366581125909256,4.222349773027724e-05,0.0012042695
3676,0.0009569273304401172,0.0009550501010380686,3.754458150966558e-05,0.0012430476
3677,0.0009686449465031425,0.0009665727602421409,4.144379954564354e-05,0.0012230198
3678,0.0009501993203432196,0.0009479462026825381,4.5062297661423325e-05,0.0011786931
3679,0.0009527345032741626,0.0009508482516846722,3.7725019898764916e-05,0.0011911117
3680,0.0009583767231864233,0.000956197374034673,4.358695427263292e-05,0.0012026394
3681,0.0009524410681074693,0.0009504261142056849,4.02990200478786e-05,0.0012357817
3682,0.0009579544382480284,0.000956005177512351,3.8985196551273426e-05,0.001232552
3683,0.0009640095095771055,0.000962035061739799,3.9488913201808794e-05,0.001226423
3684,0.0009471960637407998,0.0009451977585235404,3.996615646523575e-05,0.001268665
3685,0.0009539059867771963,0.000951839048260202,4.1338775596639406e-05,0.0011977884
3686,0.000952561043151137,0.0009505151085452073,4.0918657900748356e-05,0.0012141808
3687,0.0009411667615899609,0.0009390491190262967,4.235281773858901e-05,0.0012049287
3688,0.0009519062315424283,0.0009500551994683014,3.702070577086639e-05,0.0011994872
3689,0.0009646112332120538,0.0009625666140992608,4.0892398979192675e-05,0.0012325419
3690,0.0009766472969204188,0.000974302363788916,4.689857778023862e-05,0.0012176713
3691,0.0009507217547959751,0.0009486877437060078,4.0680294285248985e-05,0.0011953865
3692,0.000930969726242539,0.0009289017568031946,4.135934227460009e-05,0.0012163869
3693,0.0009497768944129348,0.0009477359928294188,4.08180734493434e-05,0.0012184212
3694,0.0009614883863832801,0.0009593399487332337,4.2968753025639395e-05,0.0012744801
3695,0.0009753267371302677,0.0009727989219956928,5.055631629294529e-05,0.0012042674
3696,0.0009696780613416599,0.0009674991248175502,4.3578639694727726e-05,0.0012806937
3697,0.0009651268560749789,0.0009630252542491588,4.2031944366873985e-05,0.0012144914
3698,0.0009589085678776933,0.0009567897533997894,4.237630572040037e-05,0.0012223781
3699,0.0009429410306943788,0.0009410127880983054,3.856490983859354e-05,0.0013096664
3700,0.0009604352125380602,0.0009582739491533074,4.322516735223066e-05,0.0012116112
3701,0.0009440744722572466,0.0009418119572930866,4.52503223808915e-05,0.0011922541
3702,0.0009397628005697495,0.0009377623662456042,4.000878388599934e-05,0.0012414245
3703,0.0009523601219471958,0.0009502245449564523,4.271144268336179e-05,0.0012117582
3704,0.0009500899183977809,0.000948214007075876,3.751825117098583e-05,0.0011986318
3705,0.0009547522058710456,0.0009525692025716934,4.3660100085516106e-05,0.001214091
3706,0.0009658771411826213,0.0009637520984849996,4.250088679950507e-05,0.0012135018
3707,0.0009482120422439443,0.0009463585576870375,3.706979500726564e-05,0.0012905801
3708,0.0009610483358200226,0.0009588351085161169,4.42645772504117e-05,0.0012375488
3709,0.0009591841746846007,0.0009570593919811977,4.249578214551914e-05,0.0011795687
3710,0.0009366478809776405,0.000934741572321703,3.8126170399424253e-05,0.0012040546
3711,0.0009404261635305981,0.000938507968870302,3.8363868072524255e-05,0.0012024137
3712,0.0009525490161548886,0.0009504983279233178,4.1013820516076926e-05,0.001214334
3713,0.0009586706744610436,0.000956802874053311,3.735601326424229e-05,0.0011966004
3714,0.000939605286758807,0.0009372260292164153,4.758510475769325e-05,0.0012010774
3715,0.0009516137367528345,0.0009496544824085302,3.9185024145164484e-05,0.0012556853
3716,0.0009505205153901544,0.0009482525741784937,4.535892413362793e-05,0.00121051
3717,0.0009462637451684309,0.0009443033292579154,3.92083289802435e-05,0.0012099547
3718,0.000964758485659129,0.0009627907420508564,3.9354946835285573e-05,0.0012115315
3719,0.0009606839403406614,0.000958820207354923,3.727465367925712e-05,0.0012422175
3720,0.0009506910017484592,0.0009487093917818533,3.963220359221648e-05,0.0012221186
3721,0.0009469706823842393,0.0009448950489362081,4.1512678709112707e-05,0.0012404274
3722,0.0009488455343267156,0.0009470083052292467,3.674464686140608e-05,0.0012180136
3723,0.0009454487176198098,0.0009434987674467266,3.8999044368716163e-05,0.0012150618
3724,0.0009393481861075594,0.0009373722662631836,3.95184348027063e-05,0.0012041265
3725,0.0009432962668749193,0.0009412886083333029,4.015314546559839e-05,0.001232323
3726,0.0009557348663090831,0.0009533678750611014,4.733983223410318e-05,0.0012210166
3727,0.0009414585436590844,0.0009396520701961385,3.612945750385658e-05,0.0012221324
3728,0.0009403547401436502,0.0009382707403144902,4.167999076874669e-05,0.0012289627
3729,0.0009442811159210072,0.0009421929225532545,4.17637988048922e-05,0.0012103439
3730,0.0009604074423097902,0.0009584318911139336,3.951095397193664e-05,0.0012256651
3731,0.0009422831677107348,0.0009401753622417648,4.215604593551032e-05,0.0011947439
3732,0.0009544589142832491,0.000952385576804065,4.146675177594261e-05,0.001185467
3733,0.0009580838739768499,0.0009557816782034933,4.604393680662295e-05,0.0012125465
3734,0.0009379823097131318,0.0009358709315872855,4.2227543018115276e-05,0.0011947264
3735,0.0009453025969883634,0.0009433289136116704,3.947368177622658e-05,0.0011991126
3736,0.000952988000224448,0.0009511385798557765,3.698835853166808e-05,0.0012020174
3737,0.0009716252330690623,0.000969525888406982,4.1986758869673305e-05,0.0011914176
3738,0.000960653188586649,0.0009585071911310984,4.291994889879586e-05,0.0012092298
3739,0.0009537988963226478,0.0009516260948859983,4.345608715033854e-05,0.001203627
3740,0.000949274868859599,0.0009468820760957896,4.785588610379439e-05,0.0012569227
3741,0.0009567872220132914,0.0009547358223547538,4.1027982180471176e-05,0.0011952713
3742,0.0009574808387292756,0.0009552766737114224,4.4083245078364095e-05,0.0012032043
3743,0.0009476372441794309,0.0009454890529418157,4.2963786102292705e-05,0.001191521
3744,0.0009420282983531555,0.0009401185903698206,3.81941207940094e-05,0.0012212305
3745,0.0009461913012071616,0.0009444933630422586,3.395882198113931e-05,0.0012268448
3746,0.0009421262320958906,0.000940254906244162,3.742643073994461e-05,0.0012047468
3747,0.0009495286827182604,0.0009474940546270874,4.069262251707389e-05,0.0011882072
3748,0.0009426391851674351,0.0009404881676245067,4.302032678032851e-05,0.0011911207
3749,0.0009536265214491221,0.0009515147099995779,4.2236239559972296e-05,0.001218121
3750,0.0009503206787889616,0.0009484995046578761,3.642338612211107e-05,0.0012118444
3751,0.000954590752048211,0.0009525050680773954,4.1713545745716534e-05,0.0012017129
3752,0.0009402046820873187,0.0009381371194548491,4.1351178492100695e-05,0.0012208206
3753,0.0009409968728303082,0.000939185877278861,3.621995486893484e-05,0.0012356465
3754,0.0009455544874072075,0.0009435348186848892,4.039342914141899e-05,0.0011842593
3755,0.0009429831394097871,0.0009411309832810528,3.704311185275502e-05,0.0012149799
3756,0.0009426202663841347,0.0009405139355092413,4.212664153584456e-05,0.001194711
3757,0.0009324397128592762,0.000930528215960496,3.822993013531889e-05,0.0011889572
3758,0.0009329648222774267,0.0009308311790745291,4.267296237708212e-05,0.0011788897
3759,0.0009517385831309689,0.0009497193930049737,4.038395768254254e-05,0.0012229421
3760,0.0009437242897951768,0.000941656361747947,4.1358660376802605e-05,0.0011967869
3761,0.0009346502186316583,0.0009326998635919558,3.900705889772698e-05,0.0012606921
3762,0.0009493433133078118,0.0009474814908268551,3.723646579992924e-05,0.0011893141
3763,0.0009456628079836568,0.0009437016599501173,3.9222884071597896e-05,0.001218591
3764,0.0009495939425606695,0.0009475181732947628,4.1515474122396276e-05,0.0011938383
3765,0.0009536632808804926,0.0009516024076017655,4.121746322769897e-05,0.0012208647
3766,0.0009360229298989806,0.00093388297698564,4.279909637969265e-05,0.0012157949
3767,0.0009397820310874117,0.0009376750625152555,4.213942680340526e-05,0.0012218816
3768,0.0009512634676260253,0.0009489652273866038,4.596482271337108e-05,0.0012571651
3769,0.0009564356891334885,0.0009543744549672636,4.122457590381619e-05,0.0012099281
3770,0.0009526524214177496,0.0009505832205630011,4.138402727665241e-05,0.0012542376
3771,0.0009472788285671009,0.0009453809263909029,3.7958088444709244e-05,0.0012087638
3772,0.0009414735625291037,0.0009394579437664813,4.031233652900134e-05,0.0011784339
3773,0.0009347742306999862,0.0009330882677911884,3.371921471221463e-05,0.0012307065
3774,0.0009371091676358547,0.0009351933206845489,3.831701272045191e-05,0.0011925942
3775,0.0009527787734340462,0.0009505885278081729,4.380505617310367e-05,0.0012078313
3776,0.0009540625640915499,0.0009521315766808887,3.861972119807433e-05,0.00120813
3777,0.0009347321504416565,0.0009328196471970942,3.8250129341585756e-05,0.0012190318
3778,0.0009389868031980263,0.0009367839032266703,4.4058093026598676e-05,0.0012197553
3779,0.0009452063008211553,0.000943096740067833,4.219107619292117e-05,0.0012208881
3780,0.0009434637341958781,0.0009414493442616528,4.028776948893488e-05,0.0012421908
3781,0.0009465649736941689,0.0009446073802084558,3.915197388140415e-05,0.001245355
3782,0.0009415911911572847,0.0009390397398318681,5.10289515244406e-05,0.0012313416
3783,0.000951042397516883,0.0009489065605319208,4.2716695840757284e-05,0.0012071278
3784,0.0009438421344384551,0.0009419723620845212,3.739541805742874e-05,0.0012099885
3785,0.0009470780108434459,0.0009451036018112468,3.948811112700746e-05,0.0011996533
3786,0.0009535279254325562,0.0009514274088562363,4.201033131528852e-05,0.0012449529
3787,0.0009422259586345819,0.000940259935386065,3.932046915132838e-05,0.0011948876
3788,0.00093950743191979,0.0009375992994238105,3.81625591251754e-05,0.001189468
3789,0.0009412730364905049,0.0009393235668540001,3.898941919937313e-05,0.0012378602
3790,0.0009331921788139476,0.0009303085493027336,5.767265061509942e-05,0.0012023919
3791,0.0009433441135721902,0.0009414584337112804,3.771355980022564e-05,0.0011910701
3792,0.000933381961658597,0.0009314792825736933,3.80535584750103e-05,0.0011925963
3793,0.0009410247439518571,0.0009390587698564761,3.9319510378593095e-05,0.0011987251
3794,0.0009365274545012249,0.0009344588564191427,4.137191864970191e-05,0.0012166675
3795,0.0009467609343118966,0.0009447634465888971,3.994969838637057e-05,0.0012700544
3796,0.0009427614290163749,0.0009408033336512744,3.9161906866761834e-05,0.0012166686
3797,0.000946692937415921,0.0009448004188016057,3.7850305327127546e-05,0.0011990805
3798,0.0009579810986502303,0.0009560441637101272,3.8738704931833786e-05,0.00127506
3799,0.0009490218091135224,0.0009467966026730008,4.450417763879456e-05,0.0012043238
3800,0.0009454587448595299,0.0009434697916731238,3.977898782723501e-05,0.0012285648
3801,0.0009330182310400738,0.0009309128353682657,4.210786252577413e-05,0.0012116709
3802,0.0009366866550408303,0.00093459310527477,4.187097736184519e-05,0.0012020174
3803,0.0009562622574675415,0.0009544054395519197,3.7136346568268487e-05,0.0012229205
3804,0.0009420266840606927,0.0009399579087686207,4.137549697892003e-05,0.0012069695
3805,0.0009516608125219743,0.00094973564070339,3.8503405660132256e-05,0.0012158337
3806,0.0009542477679335408,0.0009521546747742428,4.1861950755634545e-05,0.0012103565
3807,0.0009442714715583456,0.0009422918303041822,3.9592859533380915e-05,0.0012158875
3808,0.0009631362510845066,0.0009609166675040292,4.439166800448054e-05,0.0012240148
3809,0.0009603989957314399,0.0009583602995715207,4.077392640237715e-05,0.0011950695
3810,0.0009444185519694454,0.000942563733810352,3.709635366235654e-05,0.0012122708
3811,0.0009615756661838128,0.0009595627922357785,4.025738327931726e-05,0.0012031413
3812,0.0009418666582658059,0.0009399284362896449,3.8764661899450455e-05,0.0012657624
3813,0.000933688691455043,0.0009317508834000263,3.8756188287416806e-05,0.0012003687
3814,0.0009439967326923377,0.0009422041812083787,3.585104145887246e-05,0.001310901
3815,0.0009602026548236609,0.0009580282041699522,4.348900731719773e-05,0.0012220526
3816,0.0009566760014018251,0.0009544626615631083,4.426688328394512e-05,0.001230823
3817,0.0009700734944393237,0.0009681329053516189,3.8811874441514585e-05,0.00120821
3818,0.0009614312012369435,0.0009595361861607267,3.7900272540191004e-05,0.0012100646
3819,0.0009424656332056555,0.000940617012222194,3.6972491239832074e-05,0.001190413
3820,0.0009385398537334468,0.0009366685653933221,3.74257695492967e-05,0.0012528477
3821,0.0009520801702617771,0.0009500604873109194,4.03936945682896e-05,0.0012097373
3822,0.0009406083522157536,0.0009384642303403881,4.288235877080777e-05,0.0011924813
3823,0.0009399426971665687,0.0009380680702937146,3.749249049605928e-05,0.0011892932
3824,0.0009327522414322529,0.0009308327273983095,3.839021941938686e-05,0.0012001528
3825,0.0009554228861816227,0.0009535076135459045,3.830550130759194e-05,0.0011970454
3826,0.0009339942131191492,0.0009318090457883146,4.3703422772346636e-05,0.0012802747
3827,0.0009505683983055253,0.0009484697534288797,4.197296147654899e-05,0.0011980004
3828,0.0009401364109685852,0.0009381894565497835,3.893908498646681e-05,0.0011988195
3829,0.000945865683671501,0.0009438670822419226,3.997191848920975e-05,0.0012444122
3830,0.0009422126368412541,0.0009400930669572618,4.239146051708708e-05,0.0011996565
3831,0.0009426378981313772,0.0009405352136430641,4.205369128461219e-05,0.0012100613
3832,0.0009434569905149854,0.0009414388571814116,4.036271242411102e-05,0.0011999881
3833,0.00094005641553344,0.0009379629278555513,4.1869707762505946e-05,0.0011863917
3834,0.0009381503138380746,0.0009360547099883358,4.191208298733626e-05,0.0011811793
3835,0.0009383703323288097,0.0009364577049079041,3.8252545267031876e-05,0.0012077469
3836,0.0009363472513440582,0.000934236967522237,4.220566115456453e-05,0.0012076525
3837,0.0009345463593490421,0.0009325577903331982,3.9771408431634985e-05,0.0011754311
3838,0.0009387158542974955,0.0009367479205441971,3.9358664676727684e-05,0.0012019965
3839,0.0009486588765867055,0.0009464345781856941,4.448602263033131e-05,0.0011899314
3840,0.0009485873212623927,0.00094672228442505,3.730074985305186e-05,0.0012293705
3841,0.0009480589897268349,0.0009460355646701323,4.0468506667999825e-05,0.0012133354
3842,0.0009274185596344372,0.0009253831218100256,4.0708792737199754e-05,0.0011853087
3843,0.0009449365432374179,0.0009426731461038192,4.5267849670713486e-05,0.001205516
3844,0.0009367193871488174,0.0009347631751249234,3.912424518290633e-05,0.001197066
3845,0.0009314379654824734,0.0009293307731341985,4.2143786548523266e-05,0.001184399
3846,0.0009495765345895456,0.0009477469384566778,3.659195811614878e-05,0.0012339919
3847,0.00094685443263087,0.0009447390782750315,4.2307129267429545e-05,0.001181322
3848,0.0009367573062061435,0.0009345922179313169,4.3301719084512215e-05,0.0012239144
3849,0.0009319079716482924,0.0009298991489534576,4.017645058414448e-05,0.0011933316
3850,0.000933830787996865,0.000931950211007562,3.761149435101727e-05,0.0011862434
3851,0.0009371513022213347,0.0009350728515225153,4.156898161400906e-05,0.0011954089
3852,0.0009339365280336804,0.0009321776852529082,3.517689584741943e-05,0.0012512598
3853,0.0009269602144033544,0.0009251306855326725,3.659066357689274e-05,0.0011973464
3854,0.0009424690247720315,0.0009402284864336252,4.481071357756624e-05,0.0012072126
3855,0.0009445062954910099,0.0009420364112075832,4.9397635660221164e-05,0.0011964553
3856,0.0009459102875553071,0.000943937479880535,3.945607714312713e-05,0.0012000393
3857,0.0009397157196265955,0.0009376584785059094,4.114485503600286e-05,0.0012103628
3858,0.0009441653745145434,0.0009419854678627518,4.359815442987901e-05,0.0012280262
3859,0.0009374180769858261,0.0009353000838826928,4.235992500285748e-05,0.0012188992
3860,0.0009460621785062055,0.0009440297028049827,4.0649485528870205e-05,0.001199877
3861,0.0009425309616037541,0.0009405119810253382,4.03796602524172e-05,0.0012230176
3862,0.0009516546360423995,0.0009497601280195845,3.789021065724935e-05,0.0011978507
3863,0.0009470880380831659,0.0009451107975716392,3.9544807728159666e-05,0.001238919
3864,0.0009460811516166562,0.0009440328770627578,4.096549588514304e-05,0.0012142323
3865,0.0009329156458584799,0.0009309921659425729,3.846972543494568e-05,0.0012089506
3866,0.0009371628907198708,0.0009350483111726741,4.229152426154946e-05,0.0012038507
3867,0.0009518924699578849,0.000949890015181154,4.004904599447122e-05,0.001238787
3868,0.0009301180847816997,0.0009280332299466763,4.1697189793252516e-05,0.0012155764
3869,0.0009534251902045475,0.0009513738500471744,4.1026644593777914e-05,0.0012448962
3870,0.0009277113118312425,0.00092563071132948,4.1612019665815404e-05,0.0011869428
3871,0.0009385176403965387,0.0009364838543761936,4.067565987939916e-05,0.0011946621
3872,0.0009392602485604584,0.0009374376593364609,3.6451759693060616e-05,0.0011929332
3873,0.0009383865024170114,0.0009365276756903364,3.717666106347729e-05,0.0012272944
3874,0.0009314169447558622,0.0009291705468462573,4.492792167456854e-05,0.0012388902
3875,0.000925851318364342,0.0009239566189029978,3.789395624064835e-05,0.0012245204
3876,0.000936854306039297,0.00093486924112464,3.970128118037313e-05,0.0011852491
3877,0.0009397982917208639,0.0009377161416018175,4.164287844458967e-05,0.0012004209
3878,0.0009278192896292442,0.000925794542611887,4.049493945584478e-05,0.0012065454
3879,0.0009429954121717148,0.0009410742191701299,3.8423747150931023e-05,0.0011821571
3880,0.0009421351249329745,0.0009401003933615155,4.06945673477013e-05,0.0011856582
3881,0.0009534636952189936,0.0009513373383217388,4.2527123620909416e-05,0.0012058754
3882,0.0009365255983235936,0.0009345436740356187,3.963864556466332e-05,0.0011923072
3883,0.0009386943498005469,0.0009368349345297449,3.7188438497853185e-05,0.0011958601
3884,0.0009367273163257374,0.000934862711518589,3.7292098361124063e-05,0.0012161611
3885,0.0009439269733977401,0.0009418863531512519,4.0812419894741144e-05,0.0012110994
3886,0.0009439363855765098,0.0009419103644581305,4.052048082958177e-05,0.0012089332
3887,0.000946160663281464,0.000943953118338767,4.4150810152507637e-05,0.0012176182
3888,0.0009410677167276542,0.0009390179947432545,4.099455467819634e-05,0.0012007831
3889,0.0009440588480275538,0.0009421950684756869,3.7275587326609146e-05,0.0012475915
3890,0.0009365339718189918,0.0009342542532572729,4.559432106563892e-05,0.0012084418
3891,0.0009565088755658103,0.000954705130101906,3.6074792518330726e-05,0.0012103242
3892,0.0009395412027111484,0.0009375506520478262,3.9811037549952746e-05,0.0012569819
3893,0.0009351742699638837,0.0009331009298976925,4.146667690864013e-05,0.0012026913
3894,0.0009365433555406829,0.0009345854050479829,3.915906306166919e-05,0.0012238575
3895,0.0009324533295714193,0.0009303425503377285,4.221568907654374e-05,0.0012064684
3896,0.0009356125943466193,0.0009334221999678347,4.3807973809843286e-05,0.0011891023
3897,0.0009442873454342286,0.0009422400435950193,4.094593695332568e-05,0.0012416402
3898,0.000937283302967747,0.0009353667510569924,3.833097021046999e-05,0.0011909746
3899,0.000953680055681616,0.0009517112177693181,3.9376827535559437e-05,0.001211177
3900,0.000928800317665769,0.0009265705373966032,4.459556410218508e-05,0.0011891302
3901,0.0009378178019283546,0.0009358897274877462,3.856146269705837e-05,0.0011917156
3902,0.0009401678211159177,0.0009381358990342253,4.063837146759397e-05,0.0011949436
3903,0.000934308134795477,0.0009321531410225564,4.3099879022258216e-05,0.0012739546
3904,0.0009333400217454052,0.0009311589418858704,4.362145102181359e-05,0.0012269565
3905,0.0009389017773274746,0.0009366873341302077,4.428891606727979e-05,0.0011831793
3906,0.0009310698550608423,0.0009290844512482485,3.97080733907523e-05,0.0011979013
3907,0.0009368468580457072,0.0009347485494799912,4.196623256203205e-05,0.0011905688
3908,0.000942999650982933,0.0009408674138184223,4.2644810835983866e-05,0.0012083633
3909,0.0009375871831758155,0.0009357498117929531,3.674741988098794e-05,0.001192367
3910,0.0009478091844357551,0.0009456783636576599,4.2616364123975675e-05,0.0012029507
3911,0.0009414063676053451,0.0009394070237047143,3.9987008817456e-05,0.0011921991
3912,0.0009354780014190409,0.0009333445509481761,4.266903606927978e-05,0.0011930101
3913,0.0009218366350978613,0.0009197250409569177,4.223191307725453e-05,0.0012058648
3914,0.0009309996035881341,0.0009289250437480707,4.14912009959936e-05,0.0012582006
3915,0.0009309159449508621,0.0009289570256239838,3.9178406915930784e-05,0.001212787
3916,0.000928596636125197,0.000926636791943262,3.919693867955074e-05,0.0011905943
3917,0.0009318430274207559,0.000929966954410904,3.7521484392518306e-05,0.0012108566
3918,0.0009435092176621159,0.0009415078817659782,4.00266979134361e-05,0.001230109
3919,0.0009477554057310852,0.0009456926840357482,4.1254505159176664e-05,0.0012302874
3920,0.0009459044344516264,0.0009437253776316841,4.3581055447500854e-05,0.0011958897
3921,0.0009499871120270756,0.000948146905284375,3.680416517397589e-05,0.0011869214
3922,0.0009403968889576693,0.000938412995957252,3.967782262431897e-05,0.001197155
3923,0.0009381630587288075,0.0009360874136392441,4.151293325966464e-05,0.0011947172
3924,0.0009354274978654252,0.0009335707316899465,3.7135431169827485e-05,0.0011820322
3925,0.000928509302644266,0.0009267232820598615,3.5720321355686084e-05,0.0011887415
3926,0.0009373606299050152,0.0009353814413771034,3.958370716645731e-05,0.001223604
3927,0.0009268270456232131,0.0009248131433398359,4.0278178332187053e-05,0.0012117603
3928,0.0009302803987844123,0.0009283565450459719,3.847707142033603e-05,0.0012137865
3929,0.0009354271951855885,0.0009335033763717446,3.847631907376581e-05,0.0012083916
3930,0.0009300635843020347,0.0009281873379627035,3.752476273426453e-05,0.001201817
3931,0.00093454218780001,0.0009324953904271953,4.093609525426873e-05,0.0011961281
3932,0.0009333638978811601,0.0009314918890595437,3.744020988073594e-05,0.0011932004
3933,0.0009394578144161237,0.0009375108315402435,3.893969591977569e-05,0.0012258587
3934,0.0009327057749032974,0.0009306065531240569,4.198439206517277e-05,0.0011773893
3935,0.0009313534039797055,0.0009293396310466859,4.027553323566006e-05,0.0011917133
3936,0.0009394083534263902,0.0009374395064595673,3.937690256555647e-05,0.0012045593
3937,0.0009243933147647314,0.000922523321221686,3.7399918726224416e-05,0.0011868499
3938,0.0009334100876003503,0.0009313942722251846,4.031639814760821e-05,0.0012236636
3939,0.0009336311965145998,0.0009313817769806418,4.498849533539505e-05,0.0012233426
3940,0.0009279813397572273,0.000925945583730936,4.0715208660281455e-05,0.0012276241
3941,0.0009319138066429231,0.0009300479432567954,3.7317320375980975e-05,0.0012406863
3942,0.0009302884573116899,0.0009280581324775186,4.460650273724948e-05,0.0012310708
3943,0.0009286239109415975,0.0009267778717912733,3.692065577526959e-05,0.0011868757
3944,0.0009350223828934961,0.0009331065449967152,3.831671971568085e-05,0.0011903911
3945,0.0009329976345826354,0.0009311497314936584,3.695800264722493e-05,0.0012065596
3946,0.0009260162672338387,0.0009240252379741934,3.982056473827495e-05,0.0012019674
3947,0.000936544874113881,0.000934727290748722,3.635165571302205e-05,0.0011877934
3948,0.0009255102958478448,0.0009235789022770607,3.8627815314700655e-05,0.0012086482
3949,0.0009339256496686075,0.0009319181450539165,4.015006354763311e-05,0.001187544
3950,0.0009324192237626347,0.0009304730325109429,3.89237537168204e-05,0.0012026913
3951,0.0009276662112420632,0.0009255236583865351,4.285108228714307e-05,0.0012111932
3952,0.0009422394447028637,0.0009401377070591681,4.203465920209482e-05,0.0011848126
3953,0.0009364939255950351,0.000934646053550144,3.695747672228183e-05,0.0012026354
3954,0.000936799646458692,0.0009349278510651655,3.743595855383956e-05,0.0011853235
3955,0.0009328844180951516,0.0009309490379463467,3.8707651207931574e-05,0.0011930082
3956,0.0009261721033706433,0.0009241466992534697,4.050809542945899e-05,0.0011932288
3957,0.0009296799207934075,0.0009276343832930757,4.091072672736118e-05,0.0012063169
3958,0.0009282131498265598,0.0009262124477471742,4.001403087019955e-05,0.0012095057
3959,0.0009278075911829041,0.0009260009844890899,3.613215867769921e-05,0.0012234317
3960,0.0009393837083027594,0.0009373562552759217,4.054908605042071e-05,0.001186595
3961,0.0009291623240440256,0.0009272380279273623,3.848588501088651e-05,0.001220205
3962,0.0009269063425664273,0.0009248878315298094,4.0370199424918e-05,0.0011819489
3963,0.0009415881708264351,0.0009395527187734843,4.0708954453647394e-05,0.001195327
3964,0.0009469713860501846,0.0009450161997746262,3.910369074288964e-05,0.0012152559
3965,0.0009406187338754535,0.0009385800312480165,4.077398737270717e-05,0.0011975816
3966,0.0009262109505167852,0.0009240564081766125,4.3090961334099926e-05,0.00121227
3967,0.0009418106340389285,0.0009400517925516598,3.5176815218325906e-05,0.0011962751
3968,0.0009282316831457946,0.000926174553266416,4.1142774268128805e-05,0.0012033721
3969,0.0009332524095144537,0.0009313539394901858,3.7969462292601154e-05,0.0012041691
3970,0.0009318261523731053,0.0009297926806741291,4.066941272040165e-05,0.0011861725
3971,0.0009236842426212712,0.0009215810594873295,4.2063679679041036e-05,0.0011981936
3972,0.000926346039502985,0.0009244309557187888,3.830159946570038e-05,0.0012230924
3973,0.0009320923178974125,0.0009301723989968498,3.83984004876714e-05,0.0011888803
3974,0.0009332729309486846,0.0009313062169692582,3.9334333890255694e-05,0.0011925277
3975,0.0009331439311305682,0.000931231949167947,3.823963987454388e-05,0.0011847663
3976,0.0009253898118105199,0.0009235204081051052,3.7388059351586534e-05,0.0012002771
3977,0.0009238590848528676,0.0009218968101777136,3.924551952922159e-05,0.0012046463
3978,0.000922272839428236,0.0009203120600432158,3.921554820180972e-05,0.0012017819
3979,0.0009330700474998189,0.0009311198606155813,3.900379835260913e-05,0.0011974176
3980,0.0009265553633061548,0.0009246781804702349,3.754368226654672e-05,0.0011858473
3981,0.0009261313644755218,0.000924169638245884,3.923462421653312e-05,0.0011782291
3982,0.0009224172448739409,0.0009205042177604304,3.826054987735953e-05,0.0012502953
3983,0.0009341525120867624,0.0009320443069251876,4.216402572294115e-05,0.0012136574
3984,0.0009298897464759647,0.0009280623104940686,3.6548705752655525e-05,0.0011895057
3985,0.0009279894448506336,0.0009257873753085732,4.404139131257207e-05,0.0011958821
3986,0.0009410484862099919,0.0009390426838460068,4.011609771435627e-05,0.0012105113
3987,0.0009279188066203561,0.0009259634547763401,3.9107079949316255e-05,0.0011879012
3988,0.0009358245957021912,0.0009335255806541277,4.598024333120065e-05,0.0012109356
3989,0.0009277408839099937,0.0009257551800045702,3.971416284823053e-05,0.0011907724
3990,0.000935140673795508,0.0009332385819612278,3.80418764292598e-05,0.0011882371
3991,0.0009257267371544408,0.000923752522147778,3.948421731693309e-05,0.0012185994
3992,0.0009330375171783898,0.0009310732763778005,3.9284797580307895e-05,0.0012089814
3993,0.0009379061663316356,0.0009358073416579929,4.197653275860426e-05,0.0012071084
3994,0.0009362258728490108,0.0009342821418411202,3.887470237159284e-05,0.0012204767
3995,0.0009351144764675862,0.0009332650082392825,3.698932300658776e-05,0.0011888351
3996,0.0009421115611783332,0.0009402717360191876,3.6796507910710457e-05,0.0011891722
3997,0.0009319171193055808,0.000929543357859883,4.747532864762939e-05,0.0012042146
3998,0.0009275698038335475,0.0009255082993250754,4.12300951312419e-05,0.0012037824
3999,0.0009319425922715001,0.0009300203864566153,3.844412511537282e-05,0.0011978395
4000,0.000945339245825178,0.0009434092026721272,3.8600836385032585e-05,0.0012124865
4001,0.0009274611443591614,0.0009256061696861353,3.7099534210918406e-05,0.0011864337
4002,0.0009359862629531159,0.000934086069982085,3.800399968238505e-05,0.0011898956
4003,0.0009220981854014098,0.0009201968114616142,3.802747914376268e-05,0.0012227248
4004,0.0009231601466631724,0.0009213535968835156,3.6130949923871315e-05,0.0012230701
4005,0.0009219061906656457,0.0009197601725140379,4.292031219329652e-05,0.001199664
4006,0.0009291215165932146,0.0009270620584073993,4.1189154547617415e-05,0.0012183707
4007,0.0009403582520058585,0.0009384890229234265,3.7384677528962126e-05,0.0012103195
4008,0.0009211350025402175,0.0009191484746730162,3.973055172536988e-05,0.0011979382
4009,0.0009367416134207613,0.0009345929539348516,4.2973078467347905e-05,0.0011779629
4010,0.0009296646897888018,0.0009277045131764478,3.920342254673464e-05,0.0011934359
4011,0.000934066503153493,0.000932058120249874,4.016763552069986e-05,0.0012027285
4012,0.0009255129856885308,0.0009235553469301925,3.915276559877575e-05,0.0011867256
4013,0.0009304387611337006,0.000928490989220639,3.895540043193554e-05,0.0011869868
4014,0.0009283781245661278,0.0009263967086250584,3.962825185321132e-05,0.00118235
4015,0.0009284969432175988,0.0009264781941763229,4.037489673663291e-05,0.0011901957
4016,0.0009258938565229377,0.0009239901697987484,3.8073671069582816e-05,0.0012108535
4017,0.0009222767988426818,0.0009201536588888202,4.246277618828268e-05,0.0012026031
4018,0.0009274482817596032,0.0009255256219249633,3.845331229899039e-05,0.0012034371
4019,0.0009266344351797468,0.0009245902416296303,4.088380719432886e-05,0.0012426306
4020,0.0009346412430103454,0.0009327326513205966,3.8171909295428264e-05,0.0011908561
4021,0.0009219135131893887,0.0009199257681353224,3.975481343429818e-05,0.0012071131
4022,0.0009253665429746939,0.0009234248091363245,3.883471208596174e-05,0.0011893208
4023,0.0009360667447456055,0.0009343199354285996,3.493620719533889e-05,0.0012078846
4024,0.000920491239392302,0.0009185370439404828,3.908395814278265e-05,0.0012224279
4025,0.000919439359050658,0.0009175290728712247,3.82057876104606e-05,0.0011880904
4026,0.0009198522466855745,0.0009179520110289256,3.8004746083133666e-05,0.0011856693
4027,0.0009198612585249874,0.0009178735626240571,3.97539375352708e-05,0.0011870231
4028,0.0009244178635223458,0.0009225672376083418,3.7012523832421115e-05,0.001203434
4029,0.0009207735471944842,0.0009188303128919667,3.886487004766003e-05,0.001189093
4030,0.000935553767097493,0.0009335973131884304,3.912910596236922e-05,0.0012204475
4031,0.0009250295244985156,0.0009231029957946804,3.8530576349258025e-05,0.0011834261
4032,0.0009200452270710634,0.0009182402191476689,3.610011254697238e-05,0.0012138621
4033,0.0009231315097875065,0.0009211608946012954,3.941226069612311e-05,0.0012037881
4034,0.0009202666451326674,0.0009184125616836051,3.708173844548431e-05,0.0011931042
4035,0.0009272204052346449,0.0009254071563999685,3.626497864187808e-05,0.001215229
4036,0.0009252828364777896,0.0009232442994188103,4.077070132034856e-05,0.0011920688
4037,0.0009314016141514811,0.0009296182646519608,3.5666950890503e-05,0.0012031427
4038,0.0009321811143308878,0.0009303586712727945,3.644893339216853e-05,0.0012224929
4039,0.0009205260469267766,0.0009184362690171434,4.179546450951853e-05,0.001196789
4040,0.0009291482558991346,0.0009271891606557701,3.918190119532501e-05,0.0012229877
4041,0.0009361112852477366,0.0009341408615000546,3.940861227884124e-05,0.0011840144
4042,0.0009322765639000055,0.0009303952340916213,3.7626466141205126e-05,0.0012181223
4043,0.0009372619045380917,0.0009352249856520858,4.073830918444167e-05,0.001218506
4044,0.0009259445372865432,0.0009241467833312021,3.595499368442587e-05,0.0011889646
4045,0.0009552424489003089,0.0009532069153566328,4.071055597149906e-05,0.0012091645
4046,0.000929497426841408,0.0009276398780962659,3.715107596049292e-05,0.0011940809
4047,0.0009217055139338805,0.0009196629553722839,4.085098415131938e-05,0.0012343184
4048,0.0009307823596625693,0.0009286902896645996,4.184143576979851e-05,0.0011805751
4049,0.0009235147813645502,0.0009215043456707564,4.020880965751101e-05,0.0012211667
4050,0.0009251161569005086,0.0009230928999992709,4.046513618050085e-05,0.0012356767
4051,0.0009301008384985228,0.0009279835775184135,4.2345042711783914e-05,0.0012262154
4052,0.0009346377285611298,0.0009327275613840256,3.820334679052924e-05,0.0012199773
4053,0.0009299917004278136,0.0009277461355345117,4.491137947739945e-05,0.001199249
4054,0.000923803131768687,0.0009217702641358806,4.065729563712416e-05,0.0012294444
4055,0.0009297265076181955,0.0009280777342307071,3.297553282079788e-05,0.0011974606
4056,0.0009385883445954985,0.0009366077978888319,3.961080289577189e-05,0.0011823225
4057,0.0009293920645076368,0.0009275088203139603,3.766484982313677e-05,0.0012036707
4058,0.0009244956192560494,0.0009226219431083235,3.7473500539392864e-05,0.0012141893
4059,0.0009238881628132529,0.0009218491238748861,4.078085765115702e-05,0.0012129875
4060,0.0009314356281215118,0.0009295901322426896,3.6909928429650226e-05,0.001203183
4061,0.0009252524262087213,0.0009232890559360385,3.9267320227685964e-05,0.0012200854
4062,0.0009220208325940701,0.0009199791549084087,4.083350502226166e-05,0.0012147775
4063,0.0009252913244482544,0.0009232519466119508,4.078767586774587e-05,0.001183412
4064,0.0009305161346370975,0.0009284379775635898,4.156318875329696e-05,0.0012052606
4065,0.0009210551610319979,0.0009190089819538925,4.092367113839559e-05,0.0011960561
4066,0.0009156497156557938,0.000913593845648898,4.111740616890261e-05,0.0011894045
4067,0.0009225791902281344,0.0009205673252128892,4.023725751897997e-05,0.0012101191
4068,0.0009242461541564101,0.0009223914537061419,3.709400840110375e-05,0.0012161983
4069,0.0009176278098796804,0.000915672859021773,3.909911215193142e-05,0.0011861767
4070,0.0009335491495827834,0.0009315320264755023,4.0342494555921526e-05,0.0011975943
4071,0.0009252331581794553,0.0009232293762680557,4.0075658974064116e-05,0.001186685
4072,0.0009246743814502325,0.0009226097143255174,4.129341024628906e-05,0.001183994
4073,0.0009159143833029601,0.0009138024062849582,4.223942092026848e-05,0.0012190493
4074,0.0009292442817240953,0.0009272689232602716,3.9507268834935514e-05,0.0012147601
4075,0.0009181230458327465,0.0009161363666256269,3.973348061915911e-05,0.0011836294
4076,0.0009240541050934958,0.0009220647742040455,3.978668997761916e-05,0.0011995407
4077,0.0009162392751831147,0.0009143463892137838,3.7857690843484056e-05,0.0012058069
4078,0.0009256139850347407,0.0009234718745574355,4.284219809310091e-05,0.0011905312
4079,0.0009162370464764535,0.0009141702360163132,4.133619955584638e-05,0.0011947672
4080,0.0009283441713907653,0.0009262759458377129,4.136455833582254e-05,0.0012038765
4081,0.000925186224695709,0.0009231433893243471,4.085662803750741e-05,0.0012106445
4082,0.0009298737988703781,0.0009279672884278827,3.813020851864166e-05,0.0012006799
4083,0.000927907779502372,0.0009258966362621221,4.022282886874488e-05,0.0011953402
4084,0.0009180256476004918,0.0009159385161991748,4.174272529026999e-05,0.0012047562
4085,0.0009333491894519991,0.0009313447853653795,4.008809756296867e-05,0.0011875676
4086,0.0009324001924445232,0.0009305410889080829,3.718204955609237e-05,0.0011975521
4087,0.0009136973712075916,0.000911727294118868,3.940145014698576e-05,0.001189365
4088,0.0009189764568064776,0.0009170868214116328,3.779279537873887e-05,0.0011844847
4089,0.0009208117158980005,0.0009187847582830324,4.053920599989485e-05,0.0011828106
4090,0.000917405072444429,0.0009154491592198611,3.911827180931798e-05,0.0011957918
4091,0.0009182790785820948,0.0009161582889242305,4.241577326130002e-05,0.0011940178
4092,0.0009310611226182017,0.0009292046345459918,3.712984161899789e-05,0.0012385446
4093,0.0009189381742746466,0.000916892675579422,4.0909984930534745e-05,0.0012129648
4094,0.000922516456598209,0.0009206720537299083,3.688789404097608e-05,0.0012291309
4095,0.000928883464075625,0.0009268922369099326,3.982448658948417e-05,0.0011867649
4096,0.0009301642745008899,0.0009281375497165653,4.053445633773991e-05,0.0012125
4097,0.0009295833529904485,0.0009275790782541864,4.008542290784413e-05,0.0012195637
4098,0.0009244336694892909,0.0009225062534420026,3.85481845973522e-05,0.0012019475
4099,0.0009196520892954949,0.000917729792288608,3.8445877842166155e-05,0.0012081264
4100,0.0009154595201835037,0.0009136058403075569,3.707358381588064e-05,0.0011971336
4101,0.0009202446607458922,0.0009178184296211435,4.8524525566209475e-05,0.00122631
4102,0.0009294041005584101,0.0009274957054812047,3.816786531590171e-05,0.0011799027
4103,0.0009288386972103682,0.0009268309390689763,4.015512194289133e-05,0.001210557
4104,0.0009196142950612637,0.0009175616510522862,4.105285883168916e-05,0.0012068752
4105,0.0009271560974108676,0.0009250380448065698,4.236108401285163e-05,0.0012064758
4106,0.000927393226366904,0.000925559867432134,3.6667147540154274e-05,0.0012045141
4107,0.0009268321640168627,0.0009250540907184283,3.556144864613013e-05,0.0012084695
4108,0.0009202804151249843,0.000918169231671426,4.222368149295145e-05,0.0012183571
4109,0.000924278441299167,0.0009222896510942115,3.97758115317812e-05,0.0012088267
4110,0.0009352889429363939,0.0009333727273365689,3.83242633777709e-05,0.0011791491
4111,0.000920036268265297,0.0009179720344642798,4.128465614023666e-05,0.0012003472
4112,0.0009266851663899919,0.0009246827969844971,4.0047414240183975e-05,0.0011774065
4113,0.0009173627988073147,0.0009152836185724785,4.158365335769076e-05,0.0012253639
4114,0.0009305737615149055,0.0009286933177564707,3.760891265763967e-05,0.0011964244
4115,0.0009310648517890109,0.0009290224174037576,4.084873456567569e-05,0.0011825096
4116,0.000921983236912638,0.0009199328707634575,4.100732195828873e-05,0.0012075539
4117,0.0009335614572693077,0.0009315959203781353,3.931065949068903e-05,0.001248175
4118,0.0009311842214730051,0.0009291136857225663,4.141065943359636e-05,0.0011775361
4119,0.000927053892519325,0.0009251317138680153,3.844361197044874e-05,0.0011880321
4120,0.000921160844154656,0.0009193058681881262,3.709941092656284e-05,0.0011808835
4121,0.0009171448660910957,0.0009151195059530437,4.050719094600912e-05,0.0011899266
4122,0.0009188375823820631,0.0009169480970336331,3.778969200141091e-05,0.0011790959
4123,0.0009254276933562425,0.0009235385300902029,3.7783416503827596e-05,0.0012370871
4124,0.0009228616694195403,0.0009207346955210798,4.253954456287327e-05,0.0011892668
4125,0.0009151056628777748,0.0009131545485514733,3.902228046004868e-05,0.0011917016
4126,0.0009160747829203804,0.0009138846769928932,4.380207052500948e-05,0.0011960472
4127,0.0009264760883525014,0.0009246538832990659,3.6444137160647944e-05,0.0011973343
4128,0.0009177247618532015,0.0009159175239296423,3.6144721487405306e-05,0.0011840119
4129,0.0009114223933364782,0.0009094723933635073,3.900000436248706e-05,0.0011989835
4130,0.0009113568152921895,0.0009094261628989544,3.8613054664438094e-05,0.0011987323
4131,0.0009077571170766735,0.0009057258883128978,4.062454110630319e-05,0.0012258254
4132,0.0009257338462500936,0.0009234208587764038,4.6259706950498486e-05,0.0011895671
4133,0.0009128694642438656,0.0009108235037678646,4.091925842194163e-05,0.001195322
4134,0.0009212402018925382,0.0009192828658140368,3.914666531588611e-05,0.0011933275
4135,0.0009213334764353931,0.0009193847563842105,3.8974484137494556e-05,0.0011863328
4136,0.0009215183556079865,0.0009195075745487379,4.021559735557882e-05,0.0011885557
4137,0.0009191169726869298,0.000917102011024124,4.02992084755422e-05,0.0011860412
4138,0.000915061387543877,0.0009132475100664629,3.62775508850493e-05,0.0012421908
4139,0.0009191569665239917,0.0009173436633621653,3.62659975909057e-05,0.0011943794
4140,0.0009172203096871575,0.0009152805820728341,3.8794414012846245e-05,0.0012116185
4141,0.0009165315229135255,0.0009146472749610742,3.768486551383917e-05,0.0011884434
4142,0.0009119594676627053,0.0009100463176663551,3.82629887152714e-05,0.0011866676
4143,0.0009323459351435303,0.0009302942276311417,4.103411229152698e-05,0.0012012376
4144,0.0009144322170565526,0.0009125050066763329,3.854414636003235e-05,0.0011961714
4145,0.0009164031711407006,0.0009144160560228758,3.974231338159168e-05,0.0011988586
4146,0.000929165006770442,0.0009272169270035293,3.896165919237878e-05,0.0012027062
4147,0.0009220854728482664,0.0009202059099657668,3.7591286696820384e-05,0.0011851594
4148,0.0009182976131948332,0.0009162849591424067,4.02531469951839e-05,0.001185683
4149,0.0009230181846457223,0.0009211275661881599,3.7812414948727264e-05,0.0012090276
4150,0.0009203405973191062,0.0009181955557626982,4.290087967081154e-05,0.0012229314
4151,0.0009244012432948997,0.00092251111054793,3.7802692278571865e-05,0.0011873853
4152,0.0009202761937760645,0.000918411790755474,3.728808171482948e-05,0.0011912538
4153,0.0009148430764778621,0.0009129181995780932,3.8497579017615634e-05,0.0011928757
4154,0.0009281652397476137,0.0009261185161045029,4.09345256583846e-05,0.001197397
4155,0.0009327682356039684,0.0009306747880246905,4.186897986109272e-05,0.0012045745
4156,0.0009144747675034321,0.0009125278408949574,3.893849352362761e-05,0.0012104849
4157,0.000924330785508371,0.0009223940342457758,3.87349778827052e-05,0.0011880781
4158,0.0009137199958786368,0.0009117913199588656,3.857362188974318e-05,0.0012038638
4159,0.0009098661468467779,0.000907891511451453,3.949258499018369e-05,0.0011854686
4160,0.0009182097364424004,0.0009162230300717056,3.973405399122498e-05,0.0012142571
4161,0.0009283424484440022,0.0009261985839758482,4.2877347432461005e-05,0.0012101968
4162,0.000913374534704619,0.000911484085696025,3.780899719869366e-05,0.0011961367
4163,0.0009173818281851709,0.0009154183647802306,3.9269204210907244e-05,0.0012067222
4164,0.0009204432639914255,0.0009184070410103433,4.072447545332302e-05,0.0011973397
4165,0.0009124484314169321,0.0009105209765645365,3.854908279584556e-05,0.0011998061
4166,0.0009113023271008085,0.0009094935111028866,3.617628656813723e-05,0.0011809159
4167,0.0009153190521626836,0.0009134066226478252,3.8248578918090614e-05,0.0011970835
4168,0.0009144868248970145,0.0009125200035567913,3.9336345738379594e-05,0.0012100774
4169,0.0009235735180684262,0.000921586831100285,3.973374621513888e-05,0.0011839425
4170,0.0009153675184481674,0.000913445445864151,3.8441457884472485e-05,0.001182632
4171,0.0009167399516122208,0.0009148375790876647,3.804744199492739e-05,0.0012155105
4172,0.0009176229475997388,0.000915630407527917,3.985090434349507e-05,0.0011931781
4173,0.0009153082527013288,0.000913432631124225,3.751247138051614e-05,0.0011944077
4174,0.0009218397058753504,0.0009198958584521379,3.8876969938428374e-05,0.001204222
4175,0.0009208452215211259,0.0009189743768527275,3.7416935037152634e-05,0.0011996167
4176,0.0009234784080439972,0.000921642438819011,3.671943394193041e-05,0.0011874844
4177,0.0009221854943057729,0.0009202367910701368,3.8974152792666435e-05,0.0011934771
4178,0.000917721591475937,0.0009157233936194745,3.9964002006352846e-05,0.0011917329
4179,0.0009170024254773226,0.0009150822129514483,3.840425767091599e-05,0.0012020293
4180,0.0009182509888584415,0.0009163767784937389,3.748427227578954e-05,0.00118582
4181,0.0009233115654852655,0.0009213973664575153,3.828384467839088e-05,0.0011800989
4182,0.0009128120443266299,0.0009109497199662858,3.724647003156494e-05,0.0011857934
4183,0.0009119195501423544,0.0009100017150760525,3.835685873304505e-05,0.0012031277
4184,0.0009243306289944384,0.0009223268535505566,4.0075480059363774e-05,0.0011882969
4185,0.0009181792627916568,0.0009162736358121037,3.8112617287961507e-05,0.0011846734
4186,0.000920132460952219,0.0009180485296787488,4.1678565984031794e-05,0.001219509
4187,0.0009143969315725068,0.0009124468817996482,3.9000953599472985e-05,0.0011936511
4188,0.0009250327362678945,0.0009230570078620481,3.951456627425564e-05,0.0011880313
4189,0.0009195234186740385,0.0009175216817917923,4.0034865319663976e-05,0.0012023554
4190,0.0009219346567988396,0.0009199946109826366,3.880083520222399e-05,0.0012030044
4191,0.0009147166895369689,0.0009127835484428539,3.8662824954529794e-05,0.0011886447
4192,0.0009234947346461315,0.0009215657961451345,3.857874992547749e-05,0.0011883873
4193,0.0009210190619342029,0.0009189247878061401,4.1885494728204424e-05,0.0012075609
4194,0.0009242916803082658,0.0009223420237604943,3.8993194029974316e-05,0.0012036507
4195,0.0009202894638292491,0.0009182546908656756,4.069557042590451e-05,0.0011955176
4196,0.0009125783470355802,0.0009106052431484892,3.946194075076114e-05,0.0011997843
4197,0.0009221348303577138,0.0009200059278454218,4.257813896389153e-05,0.0011836721
4198,0.0009158036296462847,0.0009138982342038718,3.810800703971908e-05,0.0012012986
4199,0.0009167254566111499,0.0009147729608230293,3.9049886719578885e-05,0.0011926946
4200,0.0009178416738804015,0.0009158799929233889,3.9233619690372105e-05,0.0011965707
4201,0.0009189646936849587,0.0009170837997872797,3.761789510797876e-05,0.0011946664
4202,0.0009307783899000949,0.0009288793856588503,3.798003892497724e-05,0.0012027652
4203,0.0009125224508655568,0.0009106284007430077,3.7881002488878344e-05,0.0012078927
4204,0.0009133343908211423,0.0009114200262249344,3.8287343437453594e-05,0.001194195
4205,0.0009170056514752408,0.0009151824012709161,3.646503993795452e-05,0.0011872859
4206,0.0009171512896298535,0.0009151930778494311,3.91642581009519e-05,0.0011841345
4207,0.0009087186630090905,0.0009068948966968391,3.6475287544214377e-05,0.001182637
4208,0.0009074220071650214,0.0009054773836396635,3.889261069976631e-05,0.0012180216
4209,0.0009222985930844314,0.000920500586895893,3.5960151564336705e-05,0.001182255
4210,0.0009161596509834959,0.0009142154064546857,3.888486560488976e-05,0.0012005155
4211,0.0009153174637402925,0.0009135173206838469,3.600290536381766e-05,0.0011971663
4212,0.0009205558906412787,0.0009184611599064535,4.1894489109223835e-05,0.0012035324
4213,0.0009120722081408732,0.0009101960070741674,3.752403542409688e-05,0.0011902304
4214,0.0009133721805281109,0.0009114272633774413,3.8898291528413314e-05,0.0012028255
4215,0.0009169304471773406,0.0009151585878700845,3.543707389569316e-05,0.0012139108
4216,0.0009142115078349081,0.0009121621027588844,4.098812983923179e-05,0.0011863535
4217,0.0009133301946955423,0.0009114649741806918,3.730444035991493e-05,0.0012043501
4218,0.0009149915409377879,0.0009130681399255991,3.8468010576922196e-05,0.0012050761
4219,0.0009227462475084596,0.000920766628243857,3.959237130753598e-05,0.0012003783
4220,0.0009118503761581249,0.0009098510025069117,3.99875505245796e-05,0.0012243144
4221,0.0009207391503473951,0.0009187509499800702,3.976399808702051e-05,0.0012017259
4222,0.0009077017260197964,0.0009057876835059788,3.8280916054568416e-05,0.0011993002
4223,0.0009159309905953705,0.0009138131915177736,4.235588012559472e-05,0.001187879
4224,0.0009077174395012359,0.0009056036787418027,4.227527106290325e-05,0.0012011802
4225,0.0009175945564897524,0.0009156164519178371,3.9562149548386416e-05,0.0012138631
4226,0.0009157743330837952,0.0009138179089253147,3.912845128992457e-05,0.001220304
4227,0.0009130109373169641,0.0009111620576327874,3.697757671263544e-05,0.0012003984
4228,0.0009074308301529123,0.0009056609615476595,3.539734271511306e-05,0.0011838392
4229,0.00091003814789777,0.0009080758615810838,3.92457852772458e-05,0.0012121471
4230,0.000914352640716566,0.0009122871483365695,4.130995593366234e-05,0.0011981704
4231,0.0009141507286888858,0.0009122332907281816,3.834875438618231e-05,0.0011952221
4232,0.000907645692738394,0.0009058655511277417,3.56028232396789e-05,0.0011982503
4233,0.0009146023903869921,0.0009126685960735712,3.867589017055985e-05,0.0012155949
4234,0.000919166724714968,0.0009172738672027157,3.785725736814695e-05,0.0011790202
4235,0.0009105171633159949,0.0009086521795122987,3.7299668318249405e-05,0.0012085764
4236,0.0009128903038799763,0.0009109472467874487,3.8861100737916685e-05,0.0011845356
4237,0.0009187059903827806,0.0009168084154629873,3.795143944987305e-05,0.0012329324
4238,0.0009197903906978253,0.0009177649257859836,4.050935697466826e-05,0.001189943
4239,0.0009118926025823587,0.0009099520755828255,3.8810671781357934e-05,0.0012083872
4240,0.0009128458927282029,0.000910958871504085,3.774047447630361e-05,0.0012004866
4241,0.0009067734975057343,0.0009048061173719664,3.9347563828723905e-05,0.0012080598
4242,0.0009078061376284394,0.0009059095276623137,3.793223982087097e-05,0.0012024029
4243,0.0009098862310768002,0.0009080371444320513,3.698161302093044e-05,0.001195388
4244,0.0009199763247225847,0.0009180926161611245,3.767423994259407e-05,0.0012038073
4245,0.0009186795679852367,0.0009167948737740517,3.769388626169403e-05,0.0012023988
4246,0.0009068329624521235,0.000904826957008077,4.012017043951093e-05,0.0011852661
4247,0.0009065078429153396,0.0009046177302176754,3.780232493050755e-05,0.001197108
4248,0.0009139681829967432,0.0009121239418163896,3.6884854796742023e-05,0.0011898861
4249,0.0009163762054716548,0.0009144776449021366,3.797128138284873e-05,0.0011989938
4250,0.0009095067520522409,0.000907559026705308,3.8954553774475346e-05,0.0011863548
4251,0.0009024719384291934,0.0009002591729060643,4.425525915192136e-05,0.0011882118
4252,0.0009268222531924645,0.0009248722668012811,3.899978117058506e-05,0.0012004072
4253,0.0009111584241812428,0.0009091021389596992,4.11256671286411e-05,0.001198871
4254,0.0009038082983655235,0.000901953769951231,3.709049659492949e-05,0.0011889247
4255,0.0009128915676329699,0.0009110736660659313,3.63580310375274e-05,0.0011865798
4256,0.0009171986292737226,0.0009152239964654048,3.9492654580828046e-05,0.0012107298
4257,0.00091319094127458,0.0009112364198598597,3.9090438341283904e-05,0.0012032836
4258,0.0009112822331695093,0.0009093890160632631,3.786436241415774e-05,0.0012019809
4259,0.0009120151077190207,0.0009101633978490201,3.703415510658503e-05,0.001188543
4260,0.0009164550593898942,0.0009146072720694873,3.695575960812726e-05,0.0012000375
4261,0.0009359973482787609,0.0009340925051623748,3.809673134252339e-05,0.0012104028
4262,0.0009163172967318031,0.0009143905429583457,3.85351011837429e-05,0.0011961991
4263,0.0009113351672163441,0.000909313747090184,4.042837233807124e-05,0.0012106843
4264,0.0009175509524842104,0.0009156343708228734,3.833162588762207e-05,0.0011894018
4265,0.000914754316262487,0.0009127828111458156,3.943005012456208e-05,0.0011969861
4266,0.0009124248599012692,0.0009105438301857146,3.7620582426869634e-05,0.0011862845
4267,0.0009154237625706527,0.0009134023126939105,4.042906992201741e-05,0.0011872873
4268,0.0009086811501118872,0.0009067155601870683,3.931187146935707e-05,0.0012021755
4269,0.0009107391880307761,0.0009088284892237021,3.821405043431798e-05,0.0012023213
4270,0.0009098072148238619,0.0009076953451666567,4.2237305519342446e-05,0.0011927657
4271,0.0009059799175399045,0.0009041482311052581,3.6633769205779434e-05,0.0011902411
4272,0.0009093307670102351,0.0009075015434063971,3.658456736721201e-05,0.0011892188
4273,0.0009143636949981252,0.0009124648472708133,3.797696164029831e-05,0.0011958306
4274,0.0009098639362491667,0.0009078453152647449,4.037231122140383e-05,0.0011966759
4275,0.0009124410765555998,0.0009105400156436695,3.802123372535802e-05,0.0011876683
4276,0.0009296396669621269,0.0009276877403155797,3.903846622140211e-05,0.0012014364
4277,0.0009082701199481057,0.0009064206142081982,3.699003157685689e-05,0.0012114472
4278,0.0009132687429276605,0.0009113172806488971,3.9029323117172824e-05,0.0011828672
4279,0.0009278269639859597,0.0009258425290075441,3.968867591775825e-05,0.0012002704
4280,0.0009047988918609917,0.0009027228729488949,4.1520427278935516e-05,0.0012122104
4281,0.0009085919882636517,0.0009066221310705361,3.939719710809679e-05,0.001206718
4282,0.0009168253823493917,0.0009147998346533213,4.0511007193168145e-05,0.0011902535
4283,0.0009140778708064722,0.0009120736659194033,4.0084184678453504e-05,0.0011903947
4284,0.0009023122605867684,0.0009004496671776805,3.7251813156697406e-05,0.0011921874
4285,0.0009139822149235341,0.0009120997694683158,3.764886546685868e-05,0.0011929641
4286,0.000908691251081311,0.0009067593426961037,3.8638180310515384e-05,0.0012009274
4287,0.0009124771756533947,0.000910492924352487,3.9684907172699016e-05,0.001199783
4288,0.0009211833420623508,0.0009192604067114492,3.845873129506572e-05,0.0011912907
4289,0.0009182567255468005,0.0009163609563579989,3.791541767175962e-05,0.0012186455
4290,0.0009140969978438483,0.0009122508241691523,3.69234389594908e-05,0.001207497
4291,0.0009145307936705649,0.000912585438022183,3.8907110109340535e-05,0.00119059
4292,0.0009128076716377917,0.000910982673910136,3.6499941744318044e-05,0.0012006642
4293,0.0009069034739190505,0.0009050050232973363,3.79689500189468e-05,0.0011977246
4294,0.0009097793242997593,0.0009078990693928467,3.7605145580776875e-05,0.0011965372
4295,0.0009098266898137,0.0009079743655295007,3.704641345680197e-05,0.0011983654
4296,0.0009109224335083531,0.000909025861053831,3.793145855137681e-05,0.0011820169
4297,0.0009088508506667697,0.0009068825353299164,3.9366288633410476e-05,0.0012023018
4298,0.0009134708851989773,0.000911500764131132,3.940236053712927e-05,0.0011954393
4299,0.0009049842871415118,0.0009031401727245086,3.688227238098179e-05,0.001201008
4300,0.0009145067720156577,0.0009123983016858498,4.2169445200654664e-05,0.0012144957
4301,0.000912310604730414,0.0009105058024740881,3.60959457001147e-05,0.0011914857
4302,0.0009143751528528001,0.0009124352480284869,3.879811299232945e-05,0.001176752
4303,0.000904206224044578,0.0009022548096254468,3.902822691041289e-05,0.001201241
4304,0.0009073804908742507,0.0009055439046480589,3.6731693383747674e-05,0.0011833258
4305,0.0009173087995602853,0.0009154477066153453,3.722194940844285e-05,0.0011993785
4306,0.0009116021334193647,0.0009096020004815525,4.0002637969078276e-05,0.0012140012
4307,0.0009195770990724365,0.0009176808642223477,3.792473829172928e-05,0.0011877374
4308,0.000907553943236255,0.0009056304283957514,3.8470216132816216e-05,0.0011820646
4309,0.0009118988696071836,0.0009100081813004281,3.78137516286693e-05,0.0011912109
4310,0.000915609510977649,0.000913771385482202,3.676258459638494e-05,0.0011984378
4311,0.0009104208179956509,0.0009084503838999404,3.9408719788665126e-05,0.001194453
4312,0.0009043570038759046,0.0009023592289951112,3.9955455099318886e-05,0.0011856342
4313,0.0009097958035353157,0.0009077790322610074,4.0335358765257e-05,0.0011934917
4314,0.0009106957819312811,0.0009088176212066578,3.756316059069478e-05,0.0011947181
4315,0.0009029495743258546,0.0009009303078831484,4.0385310348117146e-05,0.0011911974
4316,0.0009053812219968273,0.0009035317835191058,3.698876644162081e-05,0.0011955963
4317,0.0009048584111345311,0.0009029606279606621,3.7955571127228855e-05,0.0011805546
4318,0.0009064816973275608,0.000904566954381557,3.829488674611525e-05,0.0012148663
4319,0.0009114389553562635,0.0009094573389221397,3.963226649893336e-05,0.0011953885
4320,0.0009167909285881453,0.0009147757651387817,4.0303208959831714e-05,0.0011952681
4321,0.0009079707049143811,0.000906025020716091,3.8913752299131314e-05,0.0012064124
4322,0.0009257459223994778,0.0009238114709862404,3.868905626771064e-05,0.001187951
4323,0.0009059979696758091,0.0009040594113887185,3.877118618333952e-05,0.0011834002
4324,0.0009086602393330799,0.0009066943428479135,3.9318011269213256e-05,0.0011930903
4325,0.0009099405478789574,0.0009079991141334176,3.882873167400349e-05,0.0012062266
4326,0.0009051377587537798,0.0009033431583601567,3.58920555148264e-05,0.001188878
4327,0.0009035788993868563,0.000901717194614725,3.723421014950231e-05,0.0011927624
4328,0.0009151298953737649,0.0009131935179337032,3.872751253387226e-05,0.0012090426
4329,0.000903455904012339,0.0009015581777526273,3.795450834923978e-05,0.0011965445
4330,0.0009132921359398299,0.0009112072785177992,4.1697192546270083e-05,0.0011937019
4331,0.0009058822463783953,0.0009039612745659219,3.8419429663210595e-05,0.0011882079
4332,0.0009096887428313494,0.0009078208072524932,3.735860731935621e-05,0.0011880838
4333,0.0009225243288609716,0.0009204608245959713,4.127011183514797e-05,0.0011907305
4334,0.0009096962865442037,0.0009078393185821672,3.713944065795418e-05,0.0011988723
4335,0.0009072294006020659,0.0009052389560060369,3.9808904810772424e-05,0.0011896893
4336,0.0009078101785336104,0.0009059564559720457,3.707454684318792e-05,0.001204681
4337,0.0009087530986612869,0.0009067288380012744,4.048525140108141e-05,0.0011832059
4338,0.0009074387890804145,0.0009055219991650019,3.833588375241985e-05,0.0012026883
4339,0.0009117748640063736,0.0009098216865418686,3.906355070131509e-05,0.001195467
4340,0.0009008370365740524,0.0008988858912036651,3.902292908251799e-05,0.0011960063
4341,0.0009085536818020046,0.0009066330553549859,3.841241802686252e-05,0.001187238
4342,0.0009072140544756419,0.0009052851340836949,3.857840416942161e-05,0.001202224
4343,0.000907708796310342,0.0009055057178354926,4.406149189909077e-05,0.0011766901
4344,0.0009029874190067251,0.0009010368453649183,3.9011454076433765e-05,0.00119858
4345,0.000898348011671462,0.0008964081637613062,3.87969417564212e-05,0.0011825302
4346,0.0009080174715361661,0.0009061787303330169,3.677481650572961e-05,0.0011924262
4347,0.0009094606981509261,0.0009074444908441769,4.032410036040169e-05,0.0012048463
4348,0.0009039077416269315,0.000902020844579157,3.7737926244416386e-05,0.0012127262
4349,0.000910302728233445,0.0009083587268833071,3.887999078339514e-05,0.001214317
4350,0.0009137116747701333,0.0009116591445894705,4.105058821520421e-05,0.0011993081
4351,0.0009081091822331979,0.0009062432037252519,3.731964151422555e-05,0.0011974558
4352,0.0009062021453347471,0.0009041393266266418,4.125625375495348e-05,0.0011922652
4353,0.0009149323385726246,0.0009128999016765091,4.0648833301857063e-05,0.0011808675
4354,0.0009044809577365716,0.0009026343636732134,3.6931935389598415e-05,0.0012052184
4355,0.000908144816963209,0.0009062984557304945,3.692719118733281e-05,0.0011836421
4356,0.0009082627767283055,0.0009063250579250356,3.875429190694193e-05,0.0011971712
4357,0.000908401309667776,0.0009065722878504958,3.658038384296939e-05,0.0012257226
4358,0.0009112326079048216,0.0009094066180599232,3.6519765009441266e-05,0.0012112415
4359,0.0009067311003390286,0.0009047385460386674,3.9851090955759595e-05,0.0011844687
4360,0.0009043670932037962,0.00090258052934789,3.5731305013244866e-05,0.0011879659
4361,0.0009107801610500449,0.0009088582799045576,3.843765393867216e-05,0.0011890132
4362,0.0009051998158813351,0.0009031336288899183,4.13237071237502e-05,0.0011921659
4363,0.0009109942979800205,0.0009089303888484008,4.1278174583365194e-05,0.0012003041
4364,0.0009060002617641455,0.0009040929467624261,3.8146305529491223e-05,0.0011877554
4365,0.0009048588806763291,0.000902830824876825,4.056115357905633e-05,0.0011883815
4366,0.0009079810141378806,0.0009060969550369514,3.7681195609846125e-05,0.0011901981
4367,0.0009062493297581871,0.000904308403066049,3.881851665299665e-05,0.0011860904
4368,0.0009089755735153125,0.0009068648990554115,4.221354563080679e-05,0.0012121671
4369,0.0009152836696658698,0.0009133499840067493,3.867357679720524e-05,0.0012165143
4370,0.0009042644291184842,0.0009024431010604733,3.6426673888816867e-05,0.0011836977
4371,0.0009150334970197744,0.0009131743443301982,3.718309812560013e-05,0.001208032
4372,0.0009072248940356076,0.0009050837963716023,4.282192044805757e-05,0.0011847514
4373,0.0009103110370536645,0.0009082548009852568,4.112477741497539e-05,0.0011880776
4374,0.0009089101481044458,0.000907108270459705,3.60375225463135e-05,0.0012176236
4375,0.0009098317124880851,0.0009078910574316978,3.881307492466451e-05,0.0011964618
4376,0.0009072358112057878,0.0009053738153953519,3.7239990016265284e-05,0.0011834863
4377,0.0009054450977904102,0.0009035287489597168,3.832692308024151e-05,0.0011935874
4378,0.0009110354559703006,0.0009091356394088102,3.7996369095417824e-05,0.0012242313
4379,0.0009126592970763644,0.0009108630604007178,3.5924721721711545e-05,0.0011836985
4380,0.0009111073178549608,0.0009092261510280272,3.762339468633197e-05,0.0011913757
4381,0.0009041412371314235,0.0009023639929687811,3.5544880060031954e-05,0.0012179908
4382,0.000896246253978461,0.0008943838487741434,3.724809954110459e-05,0.0011971864
4383,0.0009086583495243555,0.0009067644921338392,3.7877211512061924e-05,0.0012004611
4384,0.0009005789761431515,0.0008986409572470519,3.8760344752791156e-05,0.0012018813
4385,0.0009092720497089128,0.000907359172641817,3.8257587936859255e-05,0.0012046979
4386,0.0009123122565344804,0.0009104489077193041,3.726694406951639e-05,0.0011994718
4387,0.0009057420474063191,0.0009037277402563227,4.0286104715687226e-05,0.0011940479
4388,0.0009013306582346559,0.0008994791850758095,3.702948504198389e-05,0.001191022
4389,0.0009063707664608955,0.000904477665769971,3.7861972227422784e-05,0.0011974378
4390,0.0009043212630786002,0.0009023567700448136,3.928982407880434e-05,0.0011974388
4391,0.0009022567615223427,0.0009003418161430293,3.829893727495598e-05,0.0011983106
4392,0.000902920826855633,0.0009011027855902082,3.6360824786621194e-05,0.0011887642
4393,0.0009086317395687932,0.0009066865624239047,3.890353457936473e-05,0.0011844051
4394,0.0009042981908553177,0.0009023396738080515,3.917043510317026e-05,0.0011921689
4395,0.0009029562597990864,0.0009010801505711344,3.7522290832233314e-05,0.0011910778
4396,0.0009045085585158732,0.0009025450834694008,3.926943686628369e-05,0.0012061633
4397,0.0009037158937038233,0.0009018514311820683,3.728923399786884e-05,0.0011970595
4398,0.0009018769138492644,0.000899842347846263,4.069126627583359e-05,0.0012011402
4399,0.0009087311698951655,0.000906833574279315,3.7951902252942995e-05,0.001199381
4400,0.0008982564400260647,0.000896201875164277,4.109129165309848e-05,0.0011896292
4401,0.0009036332433525887,0.0009017298606017397,3.806757754721464e-05,0.0012018322
4402,0.0009050171783504386,0.0009031655590256883,3.7032365489058886e-05,0.0011978514
4403,0.0009099274058826268,0.0009080133090416591,3.828191037387185e-05,0.0011794814
4404,0.0009125238782467527,0.0009105438489415166,3.960062490509447e-05,0.0012004103
4405,0.0009027510092386769,0.0009008047313222454,3.8925608498235283e-05,0.0011793785
4406,0.0008964541394056545,0.0008945449307146999,3.818421777808112e-05,0.0011806821
4407,0.0009196751492304934,0.0009175976621918381,4.154971928487486e-05,0.0011949241
4408,0.0009127038104149202,0.0009108245605602861,3.758488486594263e-05,0.0011766431
4409,0.0009167389995935891,0.0009147841457484497,3.9097059456811363e-05,0.0011926559
4410,0.0009088276458593706,0.0009068261780258683,4.002937328514299e-05,0.0011943011
4411,0.0008985794408039914,0.0008966097879844408,3.93931698643731e-05,0.0011902984
4412,0.0009025092133217388,0.0009004240577471339,4.170306058921053e-05,0.0011972248
4413,0.0009036612076063951,0.0009016852411958907,3.9519285602736724e-05,0.0011965801
4414,0.000905660203554564,0.0009037448002749847,3.830802210296685e-05,0.0011921512
4415,0.0009030719300628536,0.0009012344642542302,3.674927294545586e-05,0.0011928203
4416,0.0009118084381851885,0.0009096789264327123,4.259031780932287e-05,0.0011787581
4417,0.0009063615955205428,0.0009043776119748751,3.967970459528816e-05,0.0011852982
4418,0.0009091916739837163,0.0009071987057622108,3.9859445899360755e-05,0.0012013492
4419,0.0009007089771330357,0.0008987098841720985,3.998181052070985e-05,0.0011816315
4420,0.000899610862446328,0.0008975111349071893,4.199465637005536e-05,0.0011887524
4421,0.0009070188065783845,0.0009050718120609721,3.893999307220181e-05,0.0011930518
4422,0.0009079975968537231,0.0009060666948142979,3.861800721317958e-05,0.001182189
4423,0.0009105866697306435,0.0009086648726628887,3.843590567542934e-05,0.0011909441
4424,0.0009047236448774735,0.0009028555980573098,3.73608465944623e-05,0.0011877377
4425,0.0009001270065911942,0.0008982674684375524,3.71907939083766e-05,0.0012059049
4426,0.000906994993177553,0.0009051702140520017,3.6495597052284744e-05,0.0011860656
4427,0.000909791212891125,0.0009079802238071958,3.621984734157498e-05,0.0011978198
4428,0.0009060008309057189,0.0009040122657703857,3.9771208653860414e-05,0.0011926064
4429,0.0009021964312220613,0.0009001358942542639,4.121073975097052e-05,0.0011876634
4430,0.0008930423277585457,0.0008911663213641279,3.752009978307393e-05,0.0011913474
4431,0.0009141604028021296,0.0009122878028493789,3.745201658773567e-05,0.0011907013
4432,0.0008988114746494426,0.0008969207087324725,3.7815279386026964e-05,0.0011928737
4433,0.0009056508243601355,0.0009037760099292629,3.749638963215476e-05,0.0011868493
4434,0.0009037970862765279,0.0009016958802628021,4.202414418791199e-05,0.0011887987
4435,0.0009077090705331001,0.0009057380491867661,3.9420424398883826e-05,0.0011885782
4436,0.0009043181172779037,0.0009025687959769534,3.498653131232111e-05,0.0012042503
4437,0.0009075741626374009,0.0009056290430534217,3.890236844917972e-05,0.0011917322
4438,0.0008994759086312519,0.0008976748251977066,3.602155250802418e-05,0.0011911627
4439,0.0009014797112387087,0.0008996079326607287,3.743556681349168e-05,0.0011908605
4440,0.0008996155358747476,0.000897740270011127,3.750528117709706e-05,0.0011892538
4441,0.0009018106722376413,0.0008999936838841273,3.633979936484227e-05,0.0011846544
4442,0.0009012554759263165,0.0008993431369567083,3.824684752231633e-05,0.0011959082
4443,0.0009015940931729144,0.0008996346241070165,3.918931056432484e-05,0.001183619
4444,0.0009030011055680613,0.000901068080889268,3.866048263887478e-05,0.0011907811
4445,0.0009061753930937913,0.0009043231748768853,3.704424106499478e-05,0.0011853356
4446,0.0009060409346905847,0.0009041820419952273,3.717782252533731e-05,0.001188288
4447,0.000904183903346873,0.0009024110545093815,3.545691281440592e-05,0.0011943986
4448,0.0009008150819378595,0.0008988971860768894,3.8357863487724505e-05,0.0011924074
4449,0.0009023135489163299,0.0009003728253042532,3.881446934559878e-05,0.0011823726
4450,0.0009014131190876166,0.0008995431397731106,3.7399570218591785e-05,0.0011914839
4451,0.0008987241909683992,0.0008968245865414953,3.799209049813148e-05,0.0012123658
4452,0.0009066018767447936,0.0009047215183575948,3.7607131085021846e-05,0.0011807487
4453,0.0009005477910654413,0.0008987034270022478,3.68871615898393e-05,0.0011905966
4454,0.000899614098145523,0.0008975532158122709,4.1217609716307874e-05,0.0011909163
4455,0.0009042406325331993,0.000902311606073959,3.858063351379492e-05,0.0011822064
4456,0.0009113799095050328,0.0009094558591540489,3.848098871457811e-05,0.001204895
4457,0.0008980167279433873,0.0008961015911255446,3.8302726941619795e-05,0.0011860509
4458,0.0009008332466085752,0.0008989229927667314,3.820506793622681e-05,0.001201358
4459,0.0009076065526136921,0.0009055932026563419,4.0266954144385636e-05,0.00119047
4460,0.000904596307211452,0.000902754729354961,3.6831535052467894e-05,0.0011909734
4461,0.0009008972362304727,0.0008989811538615161,3.8321718397144664e-05,0.0011947543
4462,0.0009047041595396069,0.0009026302451578279,4.147836200546114e-05,0.0011991195
4463,0.0009062445308599208,0.0009043243364430964,3.840396466610546e-05,0.0011986886
4464,0.0009086087928153574,0.0009065182530321181,4.181078670784346e-05,0.0011900364
4465,0.0009053068908138408,0.000903377975595908,3.857823081714587e-05,0.0011816941
4466,0.0008993370367938446,0.0008974944008514285,3.6852736246616325e-05,0.0011820481
4467,0.0009037096570763323,0.0009018381177965137,3.743071869200223e-05,0.0011911999
4468,0.0009079423655445377,0.0009060658242863914,3.753077346573264e-05,0.0011867809
4469,0.0009004841183519197,0.0008985391016014748,3.890030889092739e-05,0.0011909555
4470,0.0008968694019131362,0.0008949871550107168,3.764494721699584e-05,0.0012011288
4471,0.0008967795461002323,0.0008948343029866616,3.890482311008883e-05,0.0012131253
4472,0.0009038633977373441,0.000901990006160405,3.746785256753229e-05,0.0012010048
4473,0.0009028640834407674,0.0009009955864813593,3.736996503581243e-05,0.0011989819
4474,0.000905918544675741,0.0009039131445913679,4.0107975598857594e-05,0.0012020024
4475,0.000897073965623147,0.0008951240232110851,3.899877889084438e-05,0.0011873835
4476,0.0008996755867782566,0.0008976791532606715,3.9928530507893353e-05,0.0011864111
4477,0.0009035626555689507,0.0009016103356973165,3.904646538192619e-05,0.0011846237
4478,0.0009184613351761881,0.0009165495039067334,3.823666068948721e-05,0.0011887979
4479,0.0009044735362598052,0.000902582630644449,3.7818195210107915e-05,0.0011838928
4480,0.0009000985973721577,0.0008982382520722846,3.7206877268775645e-05,0.00118604
4481,0.000897268900492539,0.0008954056862017347,3.726432530091688e-05,0.001184827
4482,0.0008969688697511123,0.0008951407507993281,3.656240928396275e-05,0.0011958232
4483,0.0008967293542809784,0.0008947411539136535,3.9763995947438166e-05,0.0011881558
4484,0.0009082402012103962,0.0009062960174762541,3.88836301101018e-05,0.0011868246
4485,0.0009070328773102827,0.0009050808601184852,3.9040365894038584e-05,0.0011831787
4486,0.0009061267586528427,0.0009042510258344313,3.7514591115379085e-05,0.0011947858
4487,0.0008989561064582732,0.000897052123521765,3.807965642105652e-05,0.0011904791
4488,0.0008962694497313351,0.0008942750819389605,3.988732236829643e-05,0.0011866821
4489,0.0008998270780365501,0.0008978966662349801,3.860838979671636e-05,0.0011922212
4490,0.000899876257042504,0.0008979887119494378,3.775088145469378e-05,0.001194651
4491,0.0009018532207442654,0.0008998970617540181,3.9123134856162205e-05,0.0011833308
4492,0.0009094686726004713,0.0009076141739367611,3.708993792972404e-05,0.0011910285
4493,0.0009041975601576269,0.0009022485219045645,3.898086870959519e-05,0.0011909488
4494,0.0009057641313928697,0.0009037771999525527,3.973864861050755e-05,0.0011965843
4495,0.0009020039449549384,0.0009000961694659458,3.8155534486803174e-05,0.0011874641
4496,0.000900803946165575,0.0008988948293133742,3.8182336518528045e-05,0.0012032733
4497,0.000901722403553625,0.0008997665782873002,3.911650751997427e-05,0.0011880022
4498,0.0008990467312590529,0.0008970458286866132,4.001802607335057e-05,0.001187098
4499,0.000897647794853482,0.0008957267389632761,3.8421123792334e-05,0.0011917651
4500,0.0008989411406219005,0.0008970314843787088,3.819314837174817e-05,0.0012036702
4501,0.0009012766997329891,0.0008994368616388076,3.679677485971903e-05,0.0011879855
4502,0.0008982769718083243,0.0008964559593651858,3.6420214551134854e-05,0.0011832315
4503,0.0009054218302480876,0.0009035978608557747,3.647935201406148e-05,0.0012023061
4504,0.0008990522448180451,0.0008969901621134745,4.124157123075949e-05,0.0011925299
4505,0.0009012027087414431,0.0008993451367132366,3.715153490683557e-05,0.0011974603
4506,0.0009056711828129159,0.0009036543468634288,4.033678851782519e-05,0.0011905594
4507,0.0009034723237467309,0.0009016413151079582,3.662015498200333e-05,0.0011828452
4508,0.0009046623767870995,0.0009027717195244299,3.781304426695442e-05,0.0011800136
4509,0.0009035915757218997,0.0009016589740187757,3.865201920147696e-05,0.0011853162
4510,0.0009028376804457771,0.0009009641245938838,3.7471075898438184e-05,0.0011850237
4511,0.0009108093088596232,0.0009089255136334234,3.767600173603114e-05,0.0011959618
4512,0.000897747714124206,0.0008958126211331951,3.87018512913389e-05,0.00120172
4513,0.0009000073174118168,0.0008981075551774767,3.799522148776201e-05,0.0011879508
4514,0.0008995558031731182,0.0008976013748906552,3.908844674411524e-05,0.0011974077
4515,0.0009005154301929805,0.000898442707127995,4.1454447964797384e-05,0.0011859394
4516,0.0009091997842511369,0.0009072991657174296,3.801233089966161e-05,0.0011853699
4517,0.0008982159197330475,0.000896298296801332,3.835242582668454e-05,0.0011981778
4518,0.00089624262182042,0.0008943463132406274,3.792618650366977e-05,0.001202488
4519,0.0009023346744167308,0.0009004362095664772,3.7969334624203084e-05,0.0011835305
4520,0.0008959948951895866,0.0008940161762034728,3.957433877717322e-05,0.0011940995
4521,0.0009021439764183015,0.0009002983343735752,3.6912787284709086e-05,0.0011886148
4522,0.0008991248737503257,0.0008972330937265522,3.7835501087910314e-05,0.0011862093
4523,0.0009101302246563136,0.0009080940055557423,4.072439812068926e-05,0.0011878647
4524,0.0008961463618713121,0.0008941500460625522,3.9926335907836116e-05,0.0011896325
4525,0.000898872009323289,0.0008969324459839198,3.879122294316476e-05,0.0011872677
4526,0.000892319880788111,0.0008903720053947634,3.8957433198581905e-05,0.0011824596
4527,0.0009004836268205609,0.0008986036616584493,3.7599368529297706e-05,0.0011880734
4528,0.0009052871467752589,0.0009032712072237499,4.031871425509179e-05,0.0011911949
4529,0.0009005834878836241,0.0008986249941194223,3.9169882233232775e-05,0.0011876704
4530,0.0008982629612243423,0.0008963800856791851,3.765755321486116e-05,0.001183507
4531,0.0008938432923362901,0.0008918973539645473,3.891869562079443e-05,0.0011878716
4532,0.0009050422956028746,0.0009031680541940862,3.748489331232285e-05,0.0011874042
4533,0.0009046559105627238,0.0009027649751967854,3.781862252607324e-05,0.0012045645
4534,0.0009020254106467797,0.0008999398482653002,4.171132195359325e-05,0.0011957731
4535,0.0009057545193677975,0.0009038769032081797,3.7552397146751245e-05,0.0011882788
4536,0.0008984380518086254,0.0008964571377469433,3.9618268108812216e-05,0.0011857857
4537,0.000908030436322507,0.0009061847826362484,3.691308952748311e-05,0.0011929803
4538,0.0009074080230978628,0.0009055122254519826,3.791595785772965e-05,0.0011962077
4539,0.0008994083890380959,0.0008975375391956832,3.741705388399118e-05,0.0011887846
4540,0.000896226498298347,0.000894167613134616,4.1177721579901654e-05,0.0011888379
4541,0.0008986132064213356,0.0008966455455972917,3.93533027878195e-05,0.0011825862
4542,0.0008987935014172561,0.0008969069678439862,3.773063127331018e-05,0.0011908911
4543,0.0009056615035256578,0.0009037711217792498,3.780768131594275e-05,0.0011841782
4544,0.0009002875730705757,0.0008982721612685256,4.030819700283751e-05,0.0011858245
4545,0.0008996538248740965,0.0008977393503300845,3.8289526400298654e-05,0.0011836939
4546,0.0008950143871414993,0.0008931618377876778,3.705100546240242e-05,0.0011951422
4547,0.0009065386257134378,0.0009047115131074355,3.6542327320098086e-05,0.001188034
4548,0.0008957097979469432,0.0008937766814293961,3.866235545173267e-05,0.001185964
4549,0.0009022343877909912,0.0009003824282748004,3.7039175360780654e-05,0.0011927603
4550,0.0008975474138019813,0.0008956574925428464,3.779850370067253e-05,0.0011900765
4551,0.0009018323966301977,0.00089991037061231,3.8440674275339655e-05,0.0011841248
4552,0.0009006476818790866,0.0008987364423875179,3.822467201549292e-05,0.0011916138
4553,0.000903483308179097,0.0009013456370060642,4.275343849827627e-05,0.0011878626
4554,0.0008974692629029353,0.0008954860709814562,3.966377945327319e-05,0.0011877464
4555,0.0008999448683526781,0.0008980378676723275,3.8139915952307824e-05,0.0011824524
4556,0.0008970467632429467,0.0008952494775359001,3.594566818839616e-05,0.0011837143
4557,0.0009033334350937771,0.0009013659864043196,3.934896301327484e-05,0.0011859875
4558,0.0009033424029540685,0.0009012402798463074,4.204243568308483e-05,0.0011940468
4559,0.0008969709729879266,0.0008950968557554814,3.748239492335554e-05,0.001184125
4560,0.0009038735465664002,0.0009019585908390581,3.829904660190348e-05,0.0011887216
4561,0.0009061805283029874,0.0009043134684260521,3.734116745243278e-05,0.0011791332
4562,0.0009066761367850834,0.0009048331005033106,3.6860690974865266e-05,0.0012029518
4563,0.0009010930649108357,0.0008992320146515138,3.722102567564889e-05,0.0011918917
4564,0.0008917133815379607,0.0008898697612393234,3.687230460119256e-05,0.0011857635
4565,0.0008937083837938392,0.0008918262339041879,3.764293791922076e-05,0.0011995079
4566,0.0008913182297773245,0.0008894727183764593,3.691019447684438e-05,0.001180726
4567,0.0009004425399729775,0.0008985188660315341,3.8473412916080935e-05,0.0011931899
4568,0.000899332713904894,0.0008974818228226569,3.701775004098332e-05,0.001189851
4569,0.0009011716129154795,0.0008992006678858565,3.94190471396093e-05,0.0011787644
4570,0.000898555993464672,0.0008967261955452462,3.659603160686551e-05,0.0011971297
4571,0.0008950855932198465,0.0008929382311180234,4.294726499020136e-05,0.0012024314
4572,0.0009079517563804984,0.0009060823681971265,3.738773921666796e-05,0.0011850955
4573,0.0009014661068148497,0.0008996451538728757,3.641901876992253e-05,0.0011929038
4574,0.0009020989450315635,0.0009002490266640153,3.699842650696104e-05,0.0011887352
4575,0.0008995254950908323,0.0008975759756544398,3.899040909295258e-05,0.0011842339
4576,0.0008969575231377449,0.0008950839116651978,3.747230963505722e-05,0.0011826218
4577,0.0009031123378210597,0.0009011174435727299,3.989790188256848e-05,0.0011826484
4578,0.0008985765330079529,0.0008967123511764738,3.728370752959208e-05,0.0011898704
4579,0.0008939236350771454,0.0008920249076456659,3.79745216771236e-05,0.0012072575
4580,0.0009006533370767202,0.0008987607046340903,3.7852615404392826e-05,0.0011892597
4581,0.0008922739717591968,0.0008903606885319783,3.826573668861657e-05,0.0011840772
4582,0.0008963581692013476,0.0008944980554386145,3.720226427509929e-05,0.0011868033
4583,0.0008927891942827652,0.0008908604213502258,3.857546407721981e-05,0.0011974619
4584,0.0009004416940216389,0.0008985084986003737,3.8663961741620186e-05,0.0011856668
4585,0.0009021094314650529,0.0009002319394817783,3.7549857592801395e-05,0.0011823934
4586,0.0008963649458665814,0.0008945552011330923,3.619495751573804e-05,0.0011909687
4587,0.0008989486895087692,0.0008970364397909078,3.8244982300403604e-05,0.0011937546
4588,0.0008983083935971889,0.000896373147972756,3.87049934763992e-05,0.0011963923
4589,0.0009002822257267932,0.0008982933087584873,3.977828794816673e-05,0.0011989563
4590,0.0008975211673209237,0.0008956321786778668,3.777973561526575e-05,0.0011831594
4591,0.0008995890371604926,0.0008976474908801417,3.883096930199503e-05,0.001187804
4592,0.0009021158614713285,0.0009001038580512007,4.0240156207656715e-05,0.0011893709
4593,0.0008962868492946856,0.0008943057670775387,3.962162051559896e-05,0.001186907
4594,0.0009016555339460158,0.0008996758183153967,3.959433469225991e-05,0.0011920433
4595,0.0009007216819251577,0.0008988370704982016,3.7692263789621295e-05,0.0011895031
4596,0.000902392391839789,0.000900422255249901,3.940271337161559e-05,0.001184482
4597,0.0009046892105187807,0.0009026813579516279,4.015706893988459e-05,0.0011875731
4598,0.0009035914308494991,0.0009016949140156308,3.79303329456546e-05,0.0011976806
4599,0.000906889779596693,0.0009050885008441077,3.6025494298049426e-05,0.0011862853
4600,0.0008963260747906235,0.000894387973110295,3.8762098883340615e-05,0.0011879575
4601,0.0008944012250544296,0.0008925262722186744,3.749906300991344e-05,0.0011910795
4602,0.0009029352998671433,0.0009009100432093773,4.0505011312378754e-05,0.0011909252
4603,0.0008994385975206064,0.0008975060100460218,3.865175658922403e-05,0.001180602
4604,0.0009017798448136698,0.0008999257503698269,3.7081891730395e-05,0.0011829474
4605,0.0008965885227856537,0.0008946401558609472,3.896735619832725e-05,0.0011872584
4606,0.0008994207122466631,0.0008975153827729325,3.8106671561245596e-05,0.0011813795
4607,0.0008960059895697567,0.0008941058431648546,3.800297272896892e-05,0.0011891808
4608,0.000898952606237597,0.0008969846446739716,3.935932324764647e-05,0.0011880308
4609,0.0008942016853123075,0.0008922515372331772,3.90029222098548e-05,0.0011814177
4610,0.0008953923281903068,0.0008933964676948057,3.991730121492133e-05,0.0011836798
4611,0.0009035356963674227,0.0009016533602132566,3.7646773509357625e-05,0.0011930489
4612,0.0008999404187003771,0.0008978512021712958,4.178435423220803e-05,0.0011858889
4613,0.0008944849651824269,0.0008925928320321772,3.7842687862285924e-05,0.0011879071
4614,0.0008891128365778261,0.000887184440701579,3.856797669274196e-05,0.0011903953
4615,0.0009012217426465618,0.0008993259450006816,3.7915998906000605e-05,0.0011901624
4616,0.0008982795290648938,0.0008963540869040622,3.8508808180874136e-05,0.0011859706
4617,0.000894134514965117,0.0008922010893002152,3.866853079649167e-05,0.0011896322
4618,0.0008968897189738021,0.0008949141199183133,3.951196542292419e-05,0.0011844316
4619,0.0008954574159967403,0.0008935711256021426,3.7725740356522564e-05,0.0011813693
4620,0.0008988567459810939,0.0008968807084278928,3.952075610709945e-05,0.0011894463
4621,0.0009006358282123175,0.0008987428219471541,3.786017602780905e-05,0.00119033
4622,0.0009004118257305688,0.000898571845350994,3.679957354486933e-05,0.0011848465
4623,0.0008960601563254993,0.0008942262450647023,3.667809202184063e-05,0.0011864504
4624,0.000893517066207197,0.0008914543212287956,4.125484978850914e-05,0.00119124
4625,0.0008929659108010431,0.0008909819660604828,3.967883045563367e-05,0.0011990136
4626,0.0009090797594075816,0.0009071823047836207,3.794905752659222e-05,0.0011963693
4627,0.0009004792392564317,0.0008985320377784471,3.894406233842456e-05,0.0011846938
4628,0.0009036342445243564,0.0009016721211891208,3.924243222096872e-05,0.0011821474
4629,0.0009027523984615174,0.000900904505720569,3.695789416645489e-05,0.0011818473
4630,0.0008945666266501778,0.0008925880447754429,3.957169027572976e-05,0.0011874196
4631,0.000901354951525314,0.0008994546421389613,3.800623776994725e-05,0.0011842205
4632,0.0008985112641110188,0.0008966824013946784,3.657729207525841e-05,0.0011850547
4633,0.0008967791800387204,0.0008948196010250184,3.919160905141439e-05,0.0011903853
4634,0.000901834829710424,0.0008998102301524745,4.04919659858807e-05,0.001184754
4635,0.000903253619455629,0.0009012830495420429,3.941147706680365e-05,0.0011861563
4636,0.0009004225100701054,0.0008984397268957562,3.965563235273824e-05,0.0011939794
4637,0.0009059735586763256,0.000904065783187333,3.815537941841048e-05,0.0011838011
4638,0.0009002087249731024,0.0008982592210587528,3.8990086582583555e-05,0.0011929525
4639,0.0009029255481436849,0.000901040496925513,3.770105843644937e-05,0.0011923388
4640,0.000896153293756975,0.0008942756277974695,3.7553143108029175e-05,0.0011979121
4641,0.0008915616645632933,0.0008894356834288273,4.251954257562652e-05,0.0011951976
4642,0.0008977053182510038,0.0008958519307068652,3.706769777483348e-05,0.001194029
4643,0.0008943992252979014,0.0008923797040349907,4.03905168609775e-05,0.0011863494
4644,0.0008958523213449452,0.000893989808133079,3.7250233759125416e-05,0.0011848853
4645,0.0008923078395633234,0.0008902553701773286,4.1049390200894924e-05,0.0011869089
4646,0.0008956515786444976,0.0008937388684393631,3.825427352871379e-05,0.0011839635
4647,0.0009013495511478848,0.0008994853783709307,3.728338105195711e-05,0.0011935283
4648,0.000893512504020085,0.0008916777468079494,3.669506582247727e-05,0.0011864018
4649,0.0009001471192782952,0.0008982684450327522,3.757357136085678e-05,0.0011843198
4650,0.0008971735026635643,0.0008952602640622192,3.826465823143129e-05,0.0011810713
4651,0.0009069134752886991,0.0009050439719835089,3.739012065501078e-05,0.0011897342
4652,0.0008950803183122642,0.0008931724729740785,3.8156948040453235e-05,0.0011890688
4653,0.0008926661348798209,0.0008907503267336223,3.831620839580552e-05,0.0011836875
4654,0.0008955248010655244,0.000893587919159068,3.873762093474416e-05,0.0011901692
4655,0.0009063811882192062,0.0009045069843220214,3.748413282759581e-05,0.0011813233
4656,0.0008919473155401647,0.0008899629594654673,3.968715452796386e-05,0.0011786548
4657,0.0008999583466599385,0.0008979738858114514,3.968922744156266e-05,0.0011805308
4658,0.0008940547756436798,0.0008921599403644601,3.789667683867669e-05,0.001185777
4659,0.0009013480235201617,0.000899356364324275,3.983310183228481e-05,0.0011830718
4660,0.0008919487914277448,0.0008900602309343716,3.777116949411013e-05,0.00119263
4661,0.0008940228351598812,0.0008921760638865332,3.693542672959577e-05,0.0011843181
4662,0.0008932377250554661,0.0008913191268220544,3.8371941186849454e-05,0.0011936483
4663,0.0008969910404024024,0.000895125786256459,3.730513580243332e-05,0.0011877719
4664,0.0008960228995420038,0.0008941486956448191,3.7483914021960475e-05,0.001182891
4665,0.0008979228933134841,0.0008960759616456926,3.6938607067021284e-05,0.0011872343
4666,0.0008974798670452502,0.0008956262337354322,3.707273802496679e-05,0.0011841244
4667,0.0008941130531537864,0.000892166272064464,3.8935613173138314e-05,0.001192926
4668,0.0008919930835771892,0.0008901179250743654,3.7503181154205674e-05,0.0011848653
4669,0.0008936154714319855,0.0008915922792059266,4.0463767510503756e-05,0.0011840804
4670,0.0008887406968925562,0.0008868392647450997,3.802866565444497e-05,0.001192186
4671,0.0009027519379742443,0.0009008619300503698,3.780009743082778e-05,0.0011889262
4672,0.000895974448778563,0.0008941052119351095,3.7384804559096686e-05,0.0011815793
4673,0.0008953050580910511,0.0008933493906321625,3.9113420361047704e-05,0.0011856231
4674,0.0008929261614361571,0.000890948452676336,3.9554314316111076e-05,0.0011827358
4675,0.00089246903727245,0.0008905947764611078,3.74851828823954e-05,0.0011854337
4676,0.0008923705770737595,0.0008904997091222968,3.741742168712234e-05,0.0011888774
4677,0.0008914013199197749,0.0008894784660595987,3.84570861077312e-05,0.0011821571
4678,0.000894485708946983,0.0008925910056051281,3.789406226673009e-05,0.0011907693
4679,0.0008969553409972125,0.0008950966268053486,3.717432672800669e-05,0.0011803722
4680,0.0009015330643807021,0.0008996436178373793,3.778885280812321e-05,0.001184191
4681,0.000896870668253137,0.0008949448820203543,3.851567350589373e-05,0.0011827808
4682,0.0008935716986242267,0.0008916688306878011,3.805725583118955e-05,0.0011911202
4683,0.0008934527583834197,0.000891575715245886,3.754080904410589e-05,0.001185345
4684,0.0008945687415285243,0.0008926589274778962,3.819627638163878e-05,0.001181885
4685,0.0008928884894380139,0.000891006225720048,3.764525090639539e-05,0.0011929134
4686,0.0008908246333400408,0.0008889011184995373,3.847020992838858e-05,0.0011845835
4687,0.0008908643102687266,0.0008888887293222878,3.951168473071852e-05,0.0011899725
4688,0.0008931692948357927,0.0008912481574548615,3.842281965915227e-05,0.0011878421
4689,0.0008961396796318392,0.0008942495837497215,3.780197996840052e-05,0.0011871962
4690,0.000902436938162686,0.0009005097193746931,3.854450763984521e-05,0.0011864401
4691,0.000895502667925838,0.0008936293681876527,3.7466058426800016e-05,0.0011854841
4692,0.000897710529776911,0.0008958065830585029,3.807895012515574e-05,0.0011889864
4693,0.0008992519540091356,0.0008973023466144999,3.899229467515654e-05,0.0011865197
4694,0.0008964054105389449,0.0008945078420866695,3.7951390709167754e-05,0.001188374
4695,0.0008962365093692724,0.0008943411243510329,3.790754617152281e-05,0.0011890607
4696,0.00089416900365096,0.0008923193401036163,3.699330267608048e-05,0.0011859951
4697,0.000890617730975565,0.0008887426267998914,3.750211398643917e-05,0.001188441
4698,0.0008911985593537489,0.0008892642553999192,3.8685963817592434e-05,0.0011859734
4699,0.0008989857794303033,0.0008970587333250377,3.854092631551491e-05,0.0011855124
4700,0.000905580866512739,0.0009036932502769761,3.775225711074705e-05,0.001185712
4701,0.0008922229611521794,0.0008902880557191869,3.869803171375628e-05,0.0011865062
4702,0.0008978337929066685,0.0008959267249641319,3.814133408772433e-05,0.0011801432
4703,0.0008940899628214538,0.0008921720992980732,3.835741328922134e-05,0.001196357
4704,0.0008928309828560386,0.0008908894495107233,3.8830765347420814e-05,0.0012001905
4705,0.0008907786531684299,0.0008887699759927475,4.017349495463283e-05,0.0011828209
4706,0.0008983066176167793,0.0008964336464285023,3.745940335306841e-05,0.001187918
4707,0.0008919887037740814,0.0008900631736550066,3.8510510838326205e-05,0.0011879702
4708,0.0008954552079861363,0.0008935955598846905,3.719290246689945e-05,0.0011883907
4709,0.000900905213267025,0.0008989833334150414,3.843763318182406e-05,0.0011812333
4710,0.0008891060890164227,0.000887212686939165,3.786801481611393e-05,0.0011917375
4711,0.0008976648186540438,0.0008957097552613252,3.910142244840933e-05,0.0011877479
4712,0.0008922044317134553,0.0008903497467852301,3.7093677760759014e-05,0.001188013
4713,0.0008996889564312166,0.000897750535255505,3.87685047099061e-05,0.0011838524
4714,0.0008887865535345756,0.0008867162428537591,4.140618659197336e-05,0.0011863749
4715,0.0008915154599688119,0.0008894814398243196,4.0680485913371616e-05,0.0011904063
4716,0.0008899414252179365,0.0008880254042903996,3.832045399689103e-05,0.00118528
4717,0.000896916922647506,0.0008950164670952492,3.800913013994507e-05,0.001189062
4718,0.0008935598229678969,0.0008916830689284122,3.7535028221186766e-05,0.0011814581
4719,0.0008941957364893622,0.0008923217757708496,3.747914334977725e-05,0.0011871456
4720,0.0008942941294258667,0.0008924053994835251,3.777458856954278e-05,0.0011875511
4721,0.0008991454831427998,0.0008972604901322888,3.7699854546755263e-05,0.0011824439
4722,0.0008927081582239932,0.0008908749907277525,3.666330410775724e-05,0.0011843059
4723,0.0008968564966279599,0.0008949836489692744,3.745699687990446e-05,0.0011857977
4724,0.0008915190546152492,0.0008896488851557175,3.7403386171616956e-05,0.0011854044
4725,0.0008970230287458333,0.0008951785288647645,3.688998511108821e-05,0.0011958971
4726,0.0009013735158886347,0.0008995089692891472,3.7290970414795135e-05,0.0011820543
4727,0.0008976368414652016,0.0008957339929313295,3.805697565550443e-05,0.0011865991
4728,0.0008878609139679206,0.0008860039511798984,3.713917635768856e-05,0.0011874032
4729,0.0008969086118870311,0.0008950353742370175,3.746461655557081e-05,0.0011872095
4730,0.0008909806415128211,0.0008891083287178642,3.7446182505481336e-05,0.0011839499
4731,0.0009013277931242353,0.0008993150187759764,4.02555531009183e-05,0.0011862721
4732,0.0009008392187145849,0.0008989089129803081,3.860606056746491e-05,0.0011843172
4733,0.000886702135257009,0.0008848282715512647,3.7477412846421824e-05,0.0011847679
4734,0.0008914000768628386,0.000889518016224934,3.7641230119649865e-05,0.0011824248
4735,0.0009003634758604069,0.000898440898809996,3.845158813555985e-05,0.0011860068
4736,0.0008924021527895497,0.0008904667972173128,3.8707067993944595e-05,0.0011862544
4737,0.0008920244096467892,0.0008901432234173019,3.76237238078324e-05,0.001185467
4738,0.0009063944453373551,0.000904487290730079,3.814303709107255e-05,0.0011831824
4739,0.0008912332394781212,0.0008893291685833699,3.8081472036961056e-05,0.0011877981
4740,0.0008945025607115692,0.0008926185365352366,3.768041042558623e-05,0.0011862232
4741,0.0008896978869516816,0.0008878195360820327,3.756700179310772e-05,0.0011958302
4742,0.0008902974866537584,0.000888276418360571,4.0421382291376694e-05,0.0011831772
4743,0.0008931664672369758,0.0008912349275002877,3.863069002478051e-05,0.001189569
4744,0.0008913605810246534,0.0008894822198069758,3.756717370898678e-05,0.0011902403
4745,0.00089916201799901,0.0008971911014264656,3.941828497618063e-05,0.001185768
4746,0.0008912783775789042,0.0008893671755989392,3.8223971249825205e-05,0.0011838172
4747,0.0008933857329086297,0.000891479983046237,3.811492568463532e-05,0.0011847856
4748,0.000889713606900639,0.0008878349041980173,3.7574074186489766e-05,0.001189091
4749,0.0008897952166282469,0.0008879198472843402,3.75073333167898e-05,0.0011912874
4750,0.0008903557680443757,0.0008884055397680237,3.900456624342673e-05,0.0011863353
4751,0.0008942406676295731,0.000892369486650245,3.7423627861945775e-05,0.0011867671
4752,0.0009001572952709264,0.0008982666729328533,3.781240326938335e-05,0.0011845925
4753,0.0008962632997685837,0.0008943896585454544,3.747267994261468e-05,0.001196845
4754,0.0009002642382660674,0.0008983573721100886,3.813732760546726e-05,0.0011811213
4755,0.0008932625926617119,0.0008913869866066508,3.751200643225477e-05,0.0011945176
4756,0.000891386153590348,0.0008894753862275846,3.8215300117075105e-05,0.0011875571
4757,0.0008965022810217407,0.0008946083938806422,3.787777681942828e-05,0.0011879356
4758,0.0008885252237733868,0.0008865222923405882,4.0058649108076156e-05,0.0011890933
4759,0.000893696234561503,0.0008917052027148505,3.982057820448088e-05,0.0011866987
4760,0.0008879800741043355,0.000885933010916536,4.094118220730654e-05,0.001183284
4761,0.0008991190232336521,0.0008971858575629691,3.866327437759646e-05,0.0011881266
4762,0.000890249367027233,0.0008883740132053693,3.7507120640138204e-05,0.0011827591
4763,0.0008907478212171958,0.0008888411684893072,3.813296269029228e-05,0.0011839299
4764,0.0008919306293440362,0.0008899534431596597,3.954378627742333e-05,0.0011889411
4765,0.0008976305925494267,0.0008957407773575849,3.779619286460682e-05,0.0011845992
4766,0.0008998842780581779,0.0008979985361090965,3.771490133909576e-05,0.0011854812
4767,0.0008945771906938818,0.0008926901241971387,3.774139357776645e-05,0.001185326
4768,0.0008916269147044254,0.0008897215347840554,3.810759216915156e-05,0.001185866
4769,0.0008930680510174069,0.000891053129453212,4.029841143607074e-05,0.0011920073
4770,0.0008887831406253908,0.0008869085551446511,3.749176173705059e-05,0.0011924506
4771,0.0008957281320666273,0.000893722409899864,4.011447579726182e-05,0.001186629
4772,0.0008937841113139358,0.0008918797713704408,3.808681392961767e-05,0.00118642
4773,0.0008976845445835755,0.0008957985568688148,3.771977108996991e-05,0.0011853131
4774,0.0008927197803536223,0.0008907150929897196,4.009376521025842e-05,0.0011828004
4775,0.0008888936349345992,0.0008869596246060811,3.8680117260230736e-05,0.0011860301
4776,0.0008945577364001009,0.0008926628157496453,3.789859116639526e-05,0.0011808997
4777,0.0008936433807118899,0.0008917372117543386,3.8123389293629214e-05,0.0011844104
4778,0.0008905134642393224,0.0008886049941389097,3.816942651124262e-05,0.0011826057
4779,0.0008925742896584173,0.0008907157242194646,3.7171338925172995e-05,0.0011851641
4780,0.0009035555736368729,0.000901651431599425,3.808278558431589e-05,0.0011835721
4781,0.0009036390809342265,0.0009017619550124639,3.7542431201052926e-05,0.0011848734
4782,0.000891156629141834,0.0008890025408214165,4.30817699425903e-05,0.0011885001
4783,0.0008933805265567368,0.0008914686222043302,3.8238185957734714e-05,0.0011885581
4784,0.0008894421638817423,0.00088755095946706,3.782408852386097e-05,0.0011903775
4785,0.0008956711390055716,0.000893767471683936,3.8073265475999405e-05,0.0011894115
4786,0.0008909849812173182,0.0008888694030853609,4.2311625379751506e-05,0.0011844754
4787,0.0008930326982711752,0.0008911428410404672,3.779714845620279e-05,0.001192064
4788,0.000892644436357336,0.0008907776726927194,3.733525899009117e-05,0.0011819632
4789,0.0008886674095669554,0.0008867153626245757,3.904088608442811e-05,0.0011886806
4790,0.000891111430246383,0.0008892198196715779,3.7832314032234156e-05,0.0011836049
4791,0.0008904153843306833,0.0008884817698142594,3.867221825228424e-05,0.0011875142
4792,0.0008975936914794147,0.0008957318211388256,3.723737573451618e-05,0.0011857378
4793,0.0008942380172407462,0.0008922730611326794,3.929906888719901e-05,0.0011935164
4794,0.0009050162082227568,0.0009029923951149815,4.0476121494571595e-05,0.0011825581
4795,0.0008895154259840233,0.0008875940415439093,3.842768623517006e-05,0.0011865135
4796,0.0008978421773968471,0.0008958108102281888,4.062737130422119e-05,0.0011811329
4797,0.0008924838401273721,0.0008905865588328904,3.794564896476436e-05,0.0011834679
4798,0.0008904959786579841,0.0008884080271754,4.175902701383115e-05,0.0011834912
4799,0.0008989569174850153,0.0008970692947817345,3.775242382575428e-05,0.0011832387
4800,0.0008953205904819899,0.0008934154188156956,3.810349849086631e-05,0.0011855003
4801,0.000891757228722175,0.0008898859675456252,3.7425271951008196e-05,0.0011855275
4802,0.0008946146427964171,0.000892713380097929,3.802532130061407e-05,0.001188258
4803,0.0008874912513419986,0.0008855862310156226,3.8100316783830204e-05,0.0011878551
4804,0.0008904034724562533,0.0008885792288411822,3.64848002011136e-05,0.0011894517
4805,0.0008912706708845993,0.0008892366623816391,4.068014125648587e-05,0.0011954017
4806,0.0008988126814882788,0.0008969111225774718,3.8031150787295094e-05,0.0011855036
4807,0.0008941604458313022,0.0008922869624156091,3.746973164235396e-05,0.0011849911
4808,0.0008937844178742833,0.0008918573536599675,3.8541390806775175e-05,0.0011901504
4809,0.0008883059225303845,0.0008862823939933959,4.047051146898184e-05,0.001185162
4810,0.0008891258569848206,0.0008871105861746602,4.0305436451366145e-05,0.0011874266
4811,0.0008876042194767958,0.0008857474106156992,3.713620132291201e-05,0.0011855469
4812,0.0008911836594860587,0.0008893002471369174,3.766822865382362e-05,0.001184109
4813,0.0008928954226171805,0.000890999839692894,3.79117183026128e-05,0.0011817605
4814,0.0008969506792103251,0.0008950411031643549,3.8191520220884654e-05,0.0011844642
4815,0.0008903190247818,0.0008884381787437532,3.7616897035282664e-05,0.0011872989
4816,0.0008888291220905052,0.0008869353642997642,3.787508283762027e-05,0.001188929
4817,0.0008919382441995872,0.0008900430182822877,3.790449298239166e-05,0.0011844367
4818,0.0008946401506869329,0.0008925867706744208,4.106767031323165e-05,0.0011888582
4819,0.0008906936816250285,0.0008887958402434985,3.7956721987194206e-05,0.0011813821
4820,0.0008923576381574903,0.0008904733087143137,3.7686638523205655e-05,0.001188412
4821,0.0008893320970754657,0.0008873851387761533,3.893908459890522e-05,0.001185054
4822,0.0008895698313911756,0.000887636978748358,3.865703353187847e-05,0.0011843757
4823,0.0008913293196302322,0.0008894767534608643,3.705133117599186e-05,0.0011904946
4824,0.0008936236198577615,0.0008917401156698664,3.767004614597175e-05,0.0011885427
4825,0.0008857329065601031,0.0008838431068903043,3.779594416010291e-05,0.0011898518
4826,0.000898075459473249,0.000896210368308756,3.730178966044267e-05,0.001186508
4827,0.000890304419832925,0.0008882599391250147,4.0889573954553766e-05,0.0011890634
4828,0.0008898024046276178,0.0008879165579047468,3.7716879713419375e-05,0.0011877116
4829,0.0008952030265289876,0.0008933081071720356,3.789831843848093e-05,0.0011830762
4830,0.0008930657434070276,0.0008911422621976171,3.846961376186502e-05,0.0011848223
4831,0.0008915933728631999,0.0008896068074843949,3.973124093192837e-05,0.0011887618
4832,0.0008878586904352738,0.0008859663761945234,3.784627644449756e-05,0.0011866495
4833,0.0008876189395474891,0.0008856923940281073,3.8530908847391414e-05,0.0011851055
4834,0.0008895859885443416,0.0008876952239208751,3.78152175302028e-05,0.0011882144
4835,0.0008973320338150694,0.0008954119351175096,3.840193200580365e-05,0.0011865214
4836,0.0008985731634311378,0.0008966668819387753,3.812564206179382e-05,0.0011862421
4837,0.0008984991090579165,0.0008966012547413509,3.795709160253501e-05,0.0011836138
4838,0.0008883466853553222,0.000886451192976286,3.790981644089952e-05,0.0011864229
4839,0.0008892529747552342,0.0008873607963323593,3.784356476812276e-05,0.0011885866
4840,0.0008887709415931668,0.0008868497356565462,3.8424157879414346e-05,0.0011862826
4841,0.0008889035140681598,0.0008869916536948747,3.823723074545013e-05,0.0011846828
4842,0.0008931191883877747,0.000891230830974463,3.7767156504510245e-05,0.0011907704
4843,0.0008941507510220011,0.0008922577861489521,3.785925296995174e-05,0.0011850436
4844,0.0009006405197497871,0.0008987954972932736,3.690041021700255e-05,0.0011844308
4845,0.000891513858611385,0.0008895033569489088,4.021009179390312e-05,0.0011849352
4846,0.0008967373584811058,0.0008948612350246145,3.752245262921345e-05,0.0011828401
4847,0.0008906315119626622,0.0008887669291450745,3.7291686835377255e-05,0.0011870592
4848,0.0008896801142125494,0.0008875493270655473,4.2615768625687956e-05,0.0011876603
4849,0.0008914757403545081,0.0008894783457637661,3.994785488379344e-05,0.0011856441
4850,0.0008947598308117853,0.0008928820309746597,3.755596731197026e-05,0.0011874038
4851,0.0008946934805458619,0.0008928439644579258,3.6990236228678305e-05,0.0011884079
4852,0.0008868662976763314,0.0008849612036202517,3.810183332215228e-05,0.0011844048
4853,0.000892523980130338,0.0008906371309421957,3.77370624645342e-05,0.0011878887
4854,0.0008861564487839739,0.0008841451833076361,4.0225364720406866e-05,0.0011833576
4855,0.0008865995940545366,0.0008847224357951847,3.7543223018943193e-05,0.0011861474
4856,0.0008898079705735048,0.0008879407904007369,3.734362613102683e-05,0.0011847509
4857,0.0008866182864747114,0.000884735325558318,3.7659260103003094e-05,0.0011853598
4858,0.0008906162240438991,0.0008887116292801996,3.8092024561819925e-05,0.0011837259
4859,0.0008925397854505314,0.0008905294118449092,4.0207426540837965e-05,0.0011870908
4860,0.0008904721419740882,0.0008885763042295972,3.791686228598539e-05,0.0011862449
4861,0.0008961523676084147,0.0008942665001894865,3.7717300788150014e-05,0.0011839401
4862,0.0008938288057429923,0.000891910624017732,3.836362577216177e-05,0.0011852321
4863,0.0008908233204339114,0.0008889299649227824,3.786700182723103e-05,0.0011897157
4864,0.0008864157186407182,0.0008845443772669468,3.742693680616564e-05,0.0011830502
4865,0.000890907568908814,0.0008890556844158305,3.703772597473984e-05,0.0011880421
4866,0.0008888106922515565,0.0008869048906490207,3.8116134429342114e-05,0.0011873035
4867,0.0009045389687849416,0.0009024364071794683,4.20511704659374e-05,0.001185281
4868,0.0008991159951417811,0.000897201953921467,3.828092771890211e-05,0.0011876491
4869,0.0008906751250227292,0.0008884296894797848,4.49087107865398e-05,0.0011851185
4870,0.0008856470017538716,0.0008836744501928075,3.9451105039828295e-05,0.0011881957
4871,0.0008904866434426771,0.0008886164649286204,3.740351113966274e-05,0.0011835537
4872,0.0008885864892767536,0.0008867076546367671,3.7576626925428516e-05,0.001186206
4873,0.000902730795658297,0.0009008704024987916,3.720787935132345e-05,0.0011907071
4874,0.0008922942112096482,0.0008902824031085604,4.0236178129009975e-05,0.0011801769
4875,0.000895646542388325,0.0008937928851486908,3.707313001907803e-05,0.0011916168
4876,0.0008976746305254184,0.0008957991195428703,3.751019888102015e-05,0.0011868187
4877,0.0008885956524560849,0.0008867233163780636,3.7446672734139005e-05,0.0011850798
4878,0.0008942105238222413,0.0008923402133708199,3.740610358262428e-05,0.0011862909
4879,0.0008869736435978363,0.0008850607671774923,3.8257640627234776e-05,0.0011885418
4880,0.0008945293517576324,0.0008926564193744626,3.7458588823824354e-05,0.0011863334
4881,0.0008906539529561997,0.0008887677130082415,3.77248084078019e-05,0.0011911285
4882,0.0008891903691821628,0.0008873301597001652,3.7204200594547705e-05,0.0011824776
4883,0.0008922336196216444,0.0008903293909194569,3.808456670674569e-05,0.0011897824
4884,0.0008921590879456037,0.0008902680930785007,3.781985411433671e-05,0.0011850138
4885,0.0008946505323466328,0.0008927454525190923,3.81015511468124e-05,0.0011860358
4886,0.0008954713328017128,0.0008935763022034532,3.790067272080575e-05,0.0011919313
4887,0.0008901123410194284,0.0008882218131071164,3.78105235783879e-05,0.0011851743
4888,0.0008921251050196588,0.0008901648495035867,3.920504301062364e-05,0.0011843819
4889,0.0008928959865847396,0.0008909437714868949,3.904429779398002e-05,0.001186635
4890,0.0008925923159242504,0.0008906213256220023,3.9419894182420494e-05,0.0011843627
4891,0.0008929692790843547,0.0008911120640631351,3.714434581662355e-05,0.0011836707
4892,0.0008933171190114485,0.0008913245569500658,3.9851211746208846e-05,0.0011864769
4893,0.0008921108648387923,0.0008901077956478629,4.006144691768543e-05,0.0011844495
4894,0.0008898042672727671,0.0008879292601098617,3.750011173466245e-05,0.0011845571
4895,0.0008851423005883893,0.0008831731962143547,3.938198178927486e-05,0.0011882044
4896,0.0008907463569711479,0.0008888677706838482,3.757179712747434e-05,0.0011839931
4897,0.0008912622773398956,0.0008893618955173427,3.800759890598076e-05,0.0011850266
4898,0.0008885607886542049,0.0008867021792361306,3.7172173450864913e-05,0.0011912732
4899,0.0008968737066930367,0.0008949801532758607,3.7871106605141195e-05,0.0011847045
4900,0.0008867308710856984,0.0008848727033990952,3.7163406291264145e-05,0.0011922233
4901,0.0008878608292434365,0.0008859849315033191,3.751806720349767e-05,0.0011824043
4902,0.0008875130028981301,0.0008856276593481501,3.770684483054904e-05,0.0011863299
4903,0.0008918327551024655,0.0008899500554737945,3.76540244276148e-05,0.0011920121
4904,0.0008952416091536482,0.0008933764390854372,3.730347653097728e-05,0.0011886217
4905,0.0008883865614835587,0.0008864764551011225,3.820226224486115e-05,0.001185197
4906,0.0008861354953195485,0.0008842176369701823,3.8357178614430625e-05,0.0011845327
4907,0.0008879347057599161,0.0008859356516040861,3.99810333975539e-05,0.0011867497
4908,0.0008943923749029636,0.0008925005237364935,3.783706678177623e-05,0.0011833268
4909,0.0008879591659125355,0.0008860634808014664,3.791383639699417e-05,0.001182923
4910,0.0008916376106854942,0.0008897480723034177,3.779083645112122e-05,0.0011816452
4911,0.0008882863123694228,0.0008863901344334914,3.7923544810366155e-05,0.0011868619
4912,0.0008879955120695133,0.0008859972754079434,3.996467191503446e-05,0.0011878466
4913,0.0008936136450049364,0.0008917114762071934,3.804339022537295e-05,0.0011882634
4914,0.0008953064052750254,0.0008934023408477919,3.8081271020469335e-05,0.0011860097
4915,0.0008915580653895935,0.0008897050025148524,3.7061363724393774e-05,0.0011849266
4916,0.0008879024651832878,0.0008859830947282413,3.8387406629504364e-05,0.0011850831
4917,0.0008894900739606884,0.0008875706841030883,3.8387737159458384e-05,0.0011840952
4918,0.0008903791545890272,0.0008884889810966949,3.780352178388569e-05,0.0011867669
4919,0.0008878216703629328,0.0008859415719699529,3.7601950947734824e-05,0.0011839839
4920,0.000894926947593275,0.0008930322429579166,3.7894009859782173e-05,0.0011870677
4921,0.0008930690787059979,0.0008911567921232847,3.824562035460567e-05,0.0011876001
4922,0.0008991748715440432,0.0008972746565834516,3.8004295934810115e-05,0.0011818212
4923,0.0008939297766321235,0.0008920536376535893,3.7522835043546365e-05,0.0011875775
4924,0.0008920016194072862,0.0008901215688739386,3.760100786268773e-05,0.0011856593
4925,0.0008972804760560393,0.0008953726966865361,3.815564343503633e-05,0.0011864284
4926,0.0008964348015271955,0.0008945618148168756,3.745979243332285e-05,0.0011886463
4927,0.000889274670690712,0.0008873506669058568,3.848009859181742e-05,0.0011855441
4928,0.0008964113516008688,0.0008945552981458604,3.7121059860675355e-05,0.0011827438
4929,0.000896817119145352,0.0008949415324928446,3.751171673095478e-05,0.001185889
4930,0.0008933414912058248,0.0008913923093738656,3.8983649033118756e-05,0.0011848408
4931,0.0008910119494733711,0.000889081236285468,3.861434018554001e-05,0.0011857894
4932,0.0008886157198705607,0.0008865412227654208,4.149003836204584e-05,0.0011876054
4933,0.0009048351086676121,0.0009029125199756688,3.845177272915458e-05,0.0011840847
4934,0.0008922829111624095,0.0008903860127449863,3.793795645042527e-05,0.001184821
4935,0.0008929074224498537,0.0008910214696596894,3.77190545520989e-05,0.0011875805
4936,0.0008965266777926849,0.0008946479427524739,3.75747079841757e-05,0.001187259
4937,0.0008881070191920217,0.0008861981506925077,3.817739205105555e-05,0.0011861944
4938,0.0008873194443165428,0.0008853967508508099,3.845389528696804e-05,0.0011894387
4939,0.0008921042498615053,0.0008901852157173885,3.838072046554607e-05,0.0011859348
4940,0.000890307762246165,0.0008882545258125497,4.106475819121158e-05,0.0011876461
4941,0.0008964526932686567,0.0008946062641270045,3.69286560230522e-05,0.0011853761
4942,0.0008889607904064987,0.0008870575758111146,3.8064458094995266e-05,0.0011851906
4943,0.0008955492845012082,0.0008936547907069326,3.7889972294902206e-05,0.0011833272
4944,0.000888770303895904,0.0008868844377704793,3.771730675134292e-05,0.0011878834
4945,0.0008915825087266664,0.00088963396459197,3.8970935890050544e-05,0.0011864709
4946,0.0008954954851004812,0.0008936081624900302,3.774654459872314e-05,0.0011860915
4947,0.0008924735852310227,0.0008905819242095782,3.783317873803248e-05,0.0011851744
4948,0.0008925355155952275,0.0008906331637667285,3.804706837766187e-05,0.0011828772
4949,0.0008924241811554465,0.0008904445812933975,3.959201211488998e-05,0.0011840985
4950,0.00088830300891358,0.0008863708508821826,3.864310639932632e-05,0.0011896947
4951,0.0008896742158362435,0.0008877918589860201,3.7647200885891784e-05,0.0011881157
4952,0.0008906935509811673,0.0008888550426086617,3.677022306192157e-05,0.0011895862
4953,0.0008947609561598964,0.0008927385012308756,4.044913437060889e-05,0.0011861778
4954,0.0008890258911479678,0.0008871218215467201,3.808129943590662e-05,0.00118744
4955,0.0008880648839597901,0.0008861714404904181,3.7868920457779296e-05,0.0011895718
4956,0.00089448734652251,0.0008926004882798427,3.773722404503133e-05,0.0011835496
4957,0.0008881349207109047,0.0008862475489473178,3.774745053086232e-05,0.0011879584
4958,0.0008880548644810915,0.000886131477697442,3.846772993243677e-05,0.0011840959
4959,0.0008937545819208026,0.0008918876462202105,3.733887767943934e-05,0.0011833748
4960,0.0008878820498163501,0.0008858536990980307,4.056710221278021e-05,0.0011889752
4961,0.0008907095619684292,0.0008888279023166332,3.763314534018668e-05,0.0011875217
4962,0.0008945162899585234,0.0008926256456308894,3.7812878316836575e-05,0.0011857717
4963,0.0008919779017257193,0.0008900809489811461,3.793896517774916e-05,0.0011847129
4964,0.0008946687785080737,0.000892755517270416,3.826519253844967e-05,0.0011859972
4965,0.0008904140636635323,0.0008884325183721052,3.963091190004104e-05,0.0011911077
4966,0.0008872788638756093,0.0008852065450304913,4.144638334078681e-05,0.0011858342
4967,0.0008929917899270852,0.0008910283342831664,3.926903379121901e-05,0.0011853199
4968,0.0008904898241679701,0.0008885770557551748,3.825535990900322e-05,0.0011891355
4969,0.0008894904283806681,0.000887597784296506,3.785289391401313e-05,0.0011879521
4970,0.000892082732429521,0.000890196034581297,3.7734037365434004e-05,0.0011836729
4971,0.0008886202704161406,0.0008866947260685265,3.851096695529755e-05,0.001184697
4972,0.0008934336598031223,0.0008915360072731144,3.795306116292825e-05,0.0011849528
4973,0.0008942885660669869,0.0008924179516422251,3.741227944675056e-05,0.0011837836
4974,0.0008958567360726496,0.0008939368637382156,3.839733777214841e-05,0.0011839478
4975,0.0008946427777926954,0.0008927494196945595,3.786716538122114e-05,0.0011893427
4976,0.0008933528339386814,0.0008914702468448215,3.765176894224472e-05,0.0011842245
4977,0.0008924969459056027,0.0008905479115330511,3.8980763350930185e-05,0.0011860601
4978,0.0008895350322644744,0.0008876751888439887,3.719684933432832e-05,0.0011878012
4979,0.0008909113498197661,0.0008889972503917913,3.828199831888115e-05,0.0011830883
4980,0.0008939172374084591,0.0008919416862126026,3.951091305336811e-05,0.0011879109
4981,0.0008883825179913805,0.0008864989530088173,3.767128684014015e-05,0.0011836848
4982,0.0008875288379689058,0.0008855891892583006,3.87928935089426e-05,0.0011847017
4983,0.0008899885617817441,0.0008881120088820656,3.753094041327485e-05,0.0011851918
4984,0.0008851824237758087,0.0008832046205902265,3.955602218342038e-05,0.0011857632
4985,0.0008952727800028192,0.0008933713465618591,3.8028620576745376e-05,0.0011892333
4986,0.0008916842479569216,0.0008897889172658324,3.7906558062140836e-05,0.0011881181
4987,0.0008948566210973594,0.0008929783064458106,3.756625159468088e-05,0.0011839622
4988,0.0008908715073226227,0.000888974515772942,3.793980496802583e-05,0.0011902725
4989,0.0009012834725177123,0.0008992712220384015,4.024501485928465e-05,0.0011845744
4990,0.0008898060523077017,0.0008878186500320832,3.9748036642903473e-05,0.0011890376
4991,0.0008905721530835662,0.0008886015366038515,3.941228172085464e-05,0.001187619
4992,0.0008890559980904477,0.0008871935010473761,3.7249943608191274e-05,0.001184443
4993,0.0008876634515925414,0.0008857737825666037,3.7793390183359244e-05,0.0011866979
4994,0.0008870363662329812,0.0008851340693783843,3.8046004297080197e-05,0.0011877259
4995,0.0008899307758029964,0.0008879111937454177,4.039162554458168e-05,0.001188245
4996,0.0008914606839728852,0.0008895589892442028,3.803387219080258e-05,0.0011857251
4997,0.0008928493014536798,0.000890868401620537,3.96180446955757e-05,0.0011880696
4998,0.0008883726821901898,0.0008864219274578823,3.9014976350633855e-05,0.0011859466
4999,0.0008844541224081897,0.0008825871970556263,3.7338497015563614e-05,0.0011851912
5000,0.0008976513468143013,0.0008957614578927556,3.7797820564754326e-05,0.001185467
